solid reeftools-logo-03-blue-shadow-arcs
  facet normal -0.8639499353506217 0.5035777092045047 0
    outer loop
      vertex -32.1943 20.4694 3.2500
      vertex -33.6688 17.9397 3.2500
      vertex -33.6688 17.9397 4.6000
    endloop
  endfacet
  facet normal -0.8639499353506217 0.5035777092045047 0
    outer loop
      vertex -32.1943 20.4694 3.2500
      vertex -33.6688 17.9397 4.6000
      vertex -32.1943 20.4694 4.6000
    endloop
  endfacet
  facet normal 0 0 1
    outer loop
      vertex -6.2114 -19.1166 4.6000
      vertex -32.1943 20.4694 4.6000
      vertex -33.6688 17.9397 4.6000
    endloop
  endfacet
  facet normal 0 0 -1
    outer loop
      vertex -6.2114 -19.1166 3.2500
      vertex -33.6688 17.9397 3.2500
      vertex -32.1943 20.4694 3.2500
    endloop
  endfacet
  facet normal -0.899748284052221 0.4364092406733429 0
    outer loop
      vertex -33.6688 17.9397 3.2500
      vertex -34.9325 15.3343 3.2500
      vertex -34.9325 15.3343 4.6000
    endloop
  endfacet
  facet normal -0.899748284052221 0.4364092406733429 0
    outer loop
      vertex -33.6688 17.9397 3.2500
      vertex -34.9325 15.3343 4.6000
      vertex -33.6688 17.9397 4.6000
    endloop
  endfacet
  facet normal 0 0 1
    outer loop
      vertex -6.2114 -19.1166 4.6000
      vertex -33.6688 17.9397 4.6000
      vertex -34.9325 15.3343 4.6000
    endloop
  endfacet
  facet normal 0 0 -1
    outer loop
      vertex -6.2114 -19.1166 3.2500
      vertex -34.9325 15.3343 3.2500
      vertex -33.6688 17.9397 3.2500
    endloop
  endfacet
  facet normal -0.9302575630899392 0.36690716307257815 0
    outer loop
      vertex -34.9325 15.3343 3.2500
      vertex -35.9950 12.6405 3.2500
      vertex -35.9950 12.6405 4.6000
    endloop
  endfacet
  facet normal -0.9302575630899392 0.36690716307257815 0
    outer loop
      vertex -34.9325 15.3343 3.2500
      vertex -35.9950 12.6405 4.6000
      vertex -34.9325 15.3343 4.6000
    endloop
  endfacet
  facet normal 0 0 1
    outer loop
      vertex -6.2114 -19.1166 4.6000
      vertex -34.9325 15.3343 4.6000
      vertex -35.9950 12.6405 4.6000
    endloop
  endfacet
  facet normal 0 0 -1
    outer loop
      vertex -6.2114 -19.1166 3.2500
      vertex -35.9950 12.6405 3.2500
      vertex -34.9325 15.3343 3.2500
    endloop
  endfacet
  facet normal -0.9554072981599399 0.2952912030906502 0
    outer loop
      vertex -35.9950 12.6405 3.2500
      vertex -36.8501 9.8739 3.2500
      vertex -36.8501 9.8739 4.6000
    endloop
  endfacet
  facet normal -0.9554072981599399 0.2952912030906502 0
    outer loop
      vertex -35.9950 12.6405 3.2500
      vertex -36.8501 9.8739 4.6000
      vertex -35.9950 12.6405 4.6000
    endloop
  endfacet
  facet normal 0 0 1
    outer loop
      vertex -6.2114 -19.1166 4.6000
      vertex -35.9950 12.6405 4.6000
      vertex -36.8501 9.8739 4.6000
    endloop
  endfacet
  facet normal 0 0 -1
    outer loop
      vertex -6.2114 -19.1166 3.2500
      vertex -36.8501 9.8739 3.2500
      vertex -35.9950 12.6405 3.2500
    endloop
  endfacet
  facet normal -0.975052592712887 0.22197396568939531 0
    outer loop
      vertex -36.8501 9.8739 3.2500
      vertex -37.4928 7.0505 3.2500
      vertex -37.4928 7.0505 4.6000
    endloop
  endfacet
  facet normal -0.975052592712887 0.22197396568939531 0
    outer loop
      vertex -36.8501 9.8739 3.2500
      vertex -37.4928 7.0505 4.6000
      vertex -36.8501 9.8739 4.6000
    endloop
  endfacet
  facet normal 0 0 1
    outer loop
      vertex -6.2114 -19.1166 4.6000
      vertex -36.8501 9.8739 4.6000
      vertex -37.4928 7.0505 4.6000
    endloop
  endfacet
  facet normal 0 0 -1
    outer loop
      vertex -6.2114 -19.1166 3.2500
      vertex -37.4928 7.0505 3.2500
      vertex -36.8501 9.8739 3.2500
    endloop
  endfacet
  facet normal -0.9890802632347814 0.14737785749364005 0
    outer loop
      vertex -37.4928 7.0505 3.2500
      vertex -37.9196 4.1864 3.2500
      vertex -37.9196 4.1864 4.6000
    endloop
  endfacet
  facet normal -0.9890802632347814 0.14737785749364005 0
    outer loop
      vertex -37.4928 7.0505 3.2500
      vertex -37.9196 4.1864 4.6000
      vertex -37.4928 7.0505 4.6000
    endloop
  endfacet
  facet normal 0 0 1
    outer loop
      vertex -6.2114 -19.1166 4.6000
      vertex -37.4928 7.0505 4.6000
      vertex -37.9196 4.1864 4.6000
    endloop
  endfacet
  facet normal 0 0 -1
    outer loop
      vertex -6.2114 -19.1166 3.2500
      vertex -37.9196 4.1864 3.2500
      vertex -37.4928 7.0505 3.2500
    endloop
  endfacet
  facet normal -0.9974094913373518 0.07193265315672047 0
    outer loop
      vertex -37.9196 4.1864 3.2500
      vertex -38.1279 1.2981 3.2500
      vertex -38.1279 1.2981 4.6000
    endloop
  endfacet
  facet normal -0.9974094913373518 0.07193265315672047 0
    outer loop
      vertex -37.9196 4.1864 3.2500
      vertex -38.1279 1.2981 4.6000
      vertex -37.9196 4.1864 4.6000
    endloop
  endfacet
  facet normal 0 0 1
    outer loop
      vertex -6.2114 -19.1166 4.6000
      vertex -37.9196 4.1864 4.6000
      vertex -38.1279 1.2981 4.6000
    endloop
  endfacet
  facet normal 0 0 -1
    outer loop
      vertex -6.2114 -19.1166 3.2500
      vertex -38.1279 1.2981 3.2500
      vertex -37.9196 4.1864 3.2500
    endloop
  endfacet
  facet normal -0.9999922893814706 -0.003926980723805368 0
    outer loop
      vertex -38.1279 1.2981 3.2500
      vertex -38.1165 -1.5976 3.2500
      vertex -38.1165 -1.5976 4.6000
    endloop
  endfacet
  facet normal -0.9999922893814706 -0.003926980723805368 0
    outer loop
      vertex -38.1279 1.2981 3.2500
      vertex -38.1165 -1.5976 4.6000
      vertex -38.1279 1.2981 4.6000
    endloop
  endfacet
  facet normal 0 0 1
    outer loop
      vertex -6.2114 -19.1166 4.6000
      vertex -38.1279 1.2981 4.6000
      vertex -38.1165 -1.5976 4.6000
    endloop
  endfacet
  facet normal 0 0 -1
    outer loop
      vertex -6.2114 -19.1166 3.2500
      vertex -38.1165 -1.5976 3.2500
      vertex -38.1279 1.2981 3.2500
    endloop
  endfacet
  facet normal -0.9968137769509751 -0.07976398987470418 0
    outer loop
      vertex -38.1165 -1.5976 3.2500
      vertex -37.8856 -4.4841 3.2500
      vertex -37.8856 -4.4841 4.6000
    endloop
  endfacet
  facet normal -0.9968137769509751 -0.07976398987470418 0
    outer loop
      vertex -38.1165 -1.5976 3.2500
      vertex -37.8856 -4.4841 4.6000
      vertex -38.1165 -1.5976 4.6000
    endloop
  endfacet
  facet normal 0 0 1
    outer loop
      vertex -6.2114 -19.1166 4.6000
      vertex -38.1165 -1.5976 4.6000
      vertex -37.8856 -4.4841 4.6000
    endloop
  endfacet
  facet normal 0 0 -1
    outer loop
      vertex -6.2114 -19.1166 3.2500
      vertex -37.8856 -4.4841 3.2500
      vertex -38.1165 -1.5976 3.2500
    endloop
  endfacet
  facet normal -0.987892266584026 -0.15514145037183238 0
    outer loop
      vertex -37.8856 -4.4841 3.2500
      vertex -37.4363 -7.3447 3.2500
      vertex -37.4363 -7.3447 4.6000
    endloop
  endfacet
  facet normal -0.987892266584026 -0.15514145037183238 0
    outer loop
      vertex -37.8856 -4.4841 3.2500
      vertex -37.4363 -7.3447 4.6000
      vertex -37.8856 -4.4841 4.6000
    endloop
  endfacet
  facet normal 0 0 1
    outer loop
      vertex -6.2114 -19.1166 4.6000
      vertex -37.8856 -4.4841 4.6000
      vertex -37.4363 -7.3447 4.6000
    endloop
  endfacet
  facet normal 0 0 -1
    outer loop
      vertex -6.2114 -19.1166 3.2500
      vertex -37.4363 -7.3447 3.2500
      vertex -37.8856 -4.4841 3.2500
    endloop
  endfacet
  facet normal -0.9732791582680751 -0.22962508591394645 0
    outer loop
      vertex -37.4363 -7.3447 3.2500
      vertex -36.7714 -10.1631 3.2500
      vertex -36.7714 -10.1631 4.6000
    endloop
  endfacet
  facet normal -0.9732791582680751 -0.22962508591394645 0
    outer loop
      vertex -37.4363 -7.3447 3.2500
      vertex -36.7714 -10.1631 4.6000
      vertex -37.4363 -7.3447 4.6000
    endloop
  endfacet
  facet normal 0 0 1
    outer loop
      vertex -6.2114 -19.1166 4.6000
      vertex -37.4363 -7.3447 4.6000
      vertex -36.7714 -10.1631 4.6000
    endloop
  endfacet
  facet normal 0 0 -1
    outer loop
      vertex -6.2114 -19.1166 3.2500
      vertex -36.7714 -10.1631 3.2500
      vertex -37.4363 -7.3447 3.2500
    endloop
  endfacet
  facet normal -0.9530586433062974 -0.30278576984257327 0
    outer loop
      vertex -36.7714 -10.1631 3.2500
      vertex -35.8946 -12.9229 3.2500
      vertex -35.8946 -12.9229 4.6000
    endloop
  endfacet
  facet normal -0.9530586433062974 -0.30278576984257327 0
    outer loop
      vertex -36.7714 -10.1631 3.2500
      vertex -35.8946 -12.9229 4.6000
      vertex -36.7714 -10.1631 4.6000
    endloop
  endfacet
  facet normal 0 0 1
    outer loop
      vertex -6.2114 -19.1166 4.6000
      vertex -36.7714 -10.1631 4.6000
      vertex -35.8946 -12.9229 4.6000
    endloop
  endfacet
  facet normal 0 0 -1
    outer loop
      vertex -6.2114 -19.1166 3.2500
      vertex -35.8946 -12.9229 3.2500
      vertex -36.7714 -10.1631 3.2500
    endloop
  endfacet
  facet normal -0.9273472192616118 -0.3742019974930069 0
    outer loop
      vertex -35.8946 -12.9229 3.2500
      vertex -34.8110 -15.6082 3.2500
      vertex -34.8110 -15.6082 4.6000
    endloop
  endfacet
  facet normal -0.9273472192616118 -0.3742019974930069 0
    outer loop
      vertex -35.8946 -12.9229 3.2500
      vertex -34.8110 -15.6082 4.6000
      vertex -35.8946 -12.9229 4.6000
    endloop
  endfacet
  facet normal 0 0 1
    outer loop
      vertex -6.2114 -19.1166 4.6000
      vertex -35.8946 -12.9229 4.6000
      vertex -34.8110 -15.6082 4.6000
    endloop
  endfacet
  facet normal 0 0 -1
    outer loop
      vertex -6.2114 -19.1166 3.2500
      vertex -34.8110 -15.6082 3.2500
      vertex -35.8946 -12.9229 3.2500
    endloop
  endfacet
  facet normal -0.8962930187728787 -0.44346231463225844 0
    outer loop
      vertex -34.8110 -15.6082 3.2500
      vertex -33.5269 -18.2036 3.2500
      vertex -33.5269 -18.2036 4.6000
    endloop
  endfacet
  facet normal -0.8962930187728787 -0.44346231463225844 0
    outer loop
      vertex -34.8110 -15.6082 3.2500
      vertex -33.5269 -18.2036 4.6000
      vertex -34.8110 -15.6082 4.6000
    endloop
  endfacet
  facet normal 0 0 1
    outer loop
      vertex -6.2114 -19.1166 4.6000
      vertex -34.8110 -15.6082 4.6000
      vertex -33.5269 -18.2036 4.6000
    endloop
  endfacet
  facet normal 0 0 -1
    outer loop
      vertex -6.2114 -19.1166 3.2500
      vertex -33.5269 -18.2036 3.2500
      vertex -34.8110 -15.6082 3.2500
    endloop
  endfacet
  facet normal -0.8600749561101934 -0.5101676879929272 0
    outer loop
      vertex -33.5269 -18.2036 3.2500
      vertex -32.0496 -20.6941 3.2500
      vertex -32.0496 -20.6941 4.6000
    endloop
  endfacet
  facet normal -0.8600749561101934 -0.5101676879929272 0
    outer loop
      vertex -33.5269 -18.2036 3.2500
      vertex -32.0496 -20.6941 4.6000
      vertex -33.5269 -18.2036 4.6000
    endloop
  endfacet
  facet normal 0 0 1
    outer loop
      vertex -6.2114 -19.1166 4.6000
      vertex -33.5269 -18.2036 4.6000
      vertex -32.0496 -20.6941 4.6000
    endloop
  endfacet
  facet normal 0 0 -1
    outer loop
      vertex -6.2114 -19.1166 3.2500
      vertex -32.0496 -20.6941 3.2500
      vertex -33.5269 -18.2036 3.2500
    endloop
  endfacet
  facet normal -0.8189016963862857 -0.573933804245458 0
    outer loop
      vertex -32.0496 -20.6941 3.2500
      vertex -30.3876 -23.0655 3.2500
      vertex -30.3876 -23.0655 4.6000
    endloop
  endfacet
  facet normal -0.8189016963862857 -0.573933804245458 0
    outer loop
      vertex -32.0496 -20.6941 3.2500
      vertex -30.3876 -23.0655 4.6000
      vertex -32.0496 -20.6941 4.6000
    endloop
  endfacet
  facet normal 0 0 1
    outer loop
      vertex -6.2114 -19.1166 4.6000
      vertex -32.0496 -20.6941 4.6000
      vertex -30.3876 -23.0655 4.6000
    endloop
  endfacet
  facet normal 0 0 -1
    outer loop
      vertex -6.2114 -19.1166 3.2500
      vertex -30.3876 -23.0655 3.2500
      vertex -32.0496 -20.6941 3.2500
    endloop
  endfacet
  facet normal -0.7730104533627373 -0.634393284163645 0
    outer loop
      vertex -30.3876 -23.0655 3.2500
      vertex -28.5506 -25.3039 3.2500
      vertex -28.5506 -25.3039 4.6000
    endloop
  endfacet
  facet normal -0.7730104533627373 -0.634393284163645 0
    outer loop
      vertex -30.3876 -23.0655 3.2500
      vertex -28.5506 -25.3039 4.6000
      vertex -30.3876 -23.0655 4.6000
    endloop
  endfacet
  facet normal 0 0 1
    outer loop
      vertex -6.2114 -19.1166 4.6000
      vertex -30.3876 -23.0655 4.6000
      vertex -28.5506 -25.3039 4.6000
    endloop
  endfacet
  facet normal 0 0 -1
    outer loop
      vertex -6.2114 -19.1166 3.2500
      vertex -28.5506 -25.3039 3.2500
      vertex -30.3876 -23.0655 3.2500
    endloop
  endfacet
  facet normal -0.7226656227773299 -0.6911977992267148 0
    outer loop
      vertex -28.5506 -25.3039 3.2500
      vertex -26.5491 -27.3965 3.2500
      vertex -26.5491 -27.3965 4.6000
    endloop
  endfacet
  facet normal -0.7226656227773299 -0.6911977992267148 0
    outer loop
      vertex -28.5506 -25.3039 3.2500
      vertex -26.5491 -27.3965 4.6000
      vertex -28.5506 -25.3039 4.6000
    endloop
  endfacet
  facet normal 0 0 1
    outer loop
      vertex -6.2114 -19.1166 4.6000
      vertex -28.5506 -25.3039 4.6000
      vertex -26.5491 -27.3965 4.6000
    endloop
  endfacet
  facet normal 0 0 -1
    outer loop
      vertex -6.2114 -19.1166 3.2500
      vertex -26.5491 -27.3965 3.2500
      vertex -28.5506 -25.3039 3.2500
    endloop
  endfacet
  facet normal -0.668157259066353 -0.744020078463571 0
    outer loop
      vertex -26.5491 -27.3965 3.2500
      vertex -24.3946 -29.3313 3.2500
      vertex -24.3946 -29.3313 4.6000
    endloop
  endfacet
  facet normal -0.668157259066353 -0.744020078463571 0
    outer loop
      vertex -26.5491 -27.3965 3.2500
      vertex -24.3946 -29.3313 4.6000
      vertex -26.5491 -27.3965 4.6000
    endloop
  endfacet
  facet normal 0 0 1
    outer loop
      vertex -6.2114 -19.1166 4.6000
      vertex -26.5491 -27.3965 4.6000
      vertex -24.3946 -29.3313 4.6000
    endloop
  endfacet
  facet normal 0 0 -1
    outer loop
      vertex -6.2114 -19.1166 3.2500
      vertex -24.3946 -29.3313 3.2500
      vertex -26.5491 -27.3965 3.2500
    endloop
  endfacet
  facet normal -0.6097994042580744 -0.7925557939769904 0
    outer loop
      vertex -24.3946 -29.3313 3.2500
      vertex -22.0996 -31.0971 3.2500
      vertex -22.0996 -31.0971 4.6000
    endloop
  endfacet
  facet normal -0.6097994042580744 -0.7925557939769904 0
    outer loop
      vertex -24.3946 -29.3313 3.2500
      vertex -22.0996 -31.0971 4.6000
      vertex -24.3946 -29.3313 4.6000
    endloop
  endfacet
  facet normal 0 0 1
    outer loop
      vertex -6.2114 -19.1166 4.6000
      vertex -24.3946 -29.3313 4.6000
      vertex -22.0996 -31.0971 4.6000
    endloop
  endfacet
  facet normal 0 0 -1
    outer loop
      vertex -6.2114 -19.1166 3.2500
      vertex -22.0996 -31.0971 3.2500
      vertex -24.3946 -29.3313 3.2500
    endloop
  endfacet
  facet normal -0.5479282786651383 -0.8365253142846655 0
    outer loop
      vertex -22.0996 -31.0971 3.2500
      vertex -19.6772 -32.6838 3.2500
      vertex -19.6772 -32.6838 4.6000
    endloop
  endfacet
  facet normal -0.5479282786651383 -0.8365253142846655 0
    outer loop
      vertex -22.0996 -31.0971 3.2500
      vertex -19.6772 -32.6838 4.6000
      vertex -22.0996 -31.0971 4.6000
    endloop
  endfacet
  facet normal 0 0 1
    outer loop
      vertex -6.2114 -19.1166 4.6000
      vertex -22.0996 -31.0971 4.6000
      vertex -19.6772 -32.6838 4.6000
    endloop
  endfacet
  facet normal 0 0 -1
    outer loop
      vertex -6.2114 -19.1166 3.2500
      vertex -19.6772 -32.6838 3.2500
      vertex -22.0996 -31.0971 3.2500
    endloop
  endfacet
  facet normal -0.48290034380003904 -0.8756753153753989 0
    outer loop
      vertex -19.6772 -32.6838 3.2500
      vertex -17.1415 -34.0821 3.2500
      vertex -17.1415 -34.0821 4.6000
    endloop
  endfacet
  facet normal -0.48290034380003904 -0.8756753153753989 0
    outer loop
      vertex -19.6772 -32.6838 3.2500
      vertex -17.1415 -34.0821 4.6000
      vertex -19.6772 -32.6838 4.6000
    endloop
  endfacet
  facet normal 0 0 1
    outer loop
      vertex -6.2114 -19.1166 4.6000
      vertex -19.6772 -32.6838 4.6000
      vertex -17.1415 -34.0821 4.6000
    endloop
  endfacet
  facet normal 0 0 -1
    outer loop
      vertex -6.2114 -19.1166 3.2500
      vertex -17.1415 -34.0821 3.2500
      vertex -19.6772 -32.6838 3.2500
    endloop
  endfacet
  facet normal -0.4150902486738302 -0.9097802401986415 0
    outer loop
      vertex -17.1415 -34.0821 3.2500
      vertex -14.5070 -35.2841 3.2500
      vertex -14.5070 -35.2841 4.6000
    endloop
  endfacet
  facet normal -0.4150902486738302 -0.9097802401986415 0
    outer loop
      vertex -17.1415 -34.0821 3.2500
      vertex -14.5070 -35.2841 4.6000
      vertex -17.1415 -34.0821 4.6000
    endloop
  endfacet
  facet normal 0 0 1
    outer loop
      vertex -6.2114 -19.1166 4.6000
      vertex -17.1415 -34.0821 4.6000
      vertex -14.5070 -35.2841 4.6000
    endloop
  endfacet
  facet normal 0 0 -1
    outer loop
      vertex -6.2114 -19.1166 3.2500
      vertex -14.5070 -35.2841 3.2500
      vertex -17.1415 -34.0821 3.2500
    endloop
  endfacet
  facet normal -0.3448886713102209 -0.9386435981787074 0
    outer loop
      vertex -14.5070 -35.2841 3.2500
      vertex -11.7890 -36.2828 3.2500
      vertex -11.7890 -36.2828 4.6000
    endloop
  endfacet
  facet normal -0.3448886713102209 -0.9386435981787074 0
    outer loop
      vertex -14.5070 -35.2841 3.2500
      vertex -11.7890 -36.2828 4.6000
      vertex -14.5070 -35.2841 4.6000
    endloop
  endfacet
  facet normal 0 0 1
    outer loop
      vertex -6.2114 -19.1166 4.6000
      vertex -14.5070 -35.2841 4.6000
      vertex -11.7890 -36.2828 4.6000
    endloop
  endfacet
  facet normal 0 0 -1
    outer loop
      vertex -6.2114 -19.1166 3.2500
      vertex -11.7890 -36.2828 3.2500
      vertex -14.5070 -35.2841 3.2500
    endloop
  endfacet
  facet normal -0.2727000679108211 -0.9620990972667178 0
    outer loop
      vertex -11.7890 -36.2828 3.2500
      vertex -9.0030 -37.0725 3.2500
      vertex -9.0030 -37.0725 4.6000
    endloop
  endfacet
  facet normal -0.2727000679108211 -0.9620990972667178 0
    outer loop
      vertex -11.7890 -36.2828 3.2500
      vertex -9.0030 -37.0725 4.6000
      vertex -11.7890 -36.2828 4.6000
    endloop
  endfacet
  facet normal 0 0 1
    outer loop
      vertex -6.2114 -19.1166 4.6000
      vertex -11.7890 -36.2828 4.6000
      vertex -9.0030 -37.0725 4.6000
    endloop
  endfacet
  facet normal 0 0 -1
    outer loop
      vertex -6.2114 -19.1166 3.2500
      vertex -9.0030 -37.0725 3.2500
      vertex -11.7890 -36.2828 3.2500
    endloop
  endfacet
  facet normal -0.19894034263941418 -0.9800116020081152 0
    outer loop
      vertex -9.0030 -37.0725 3.2500
      vertex -6.1652 -37.6485 3.2500
      vertex -6.1652 -37.6485 4.6000
    endloop
  endfacet
  facet normal -0.19894034263941418 -0.9800116020081152 0
    outer loop
      vertex -9.0030 -37.0725 3.2500
      vertex -6.1652 -37.6485 4.6000
      vertex -9.0030 -37.0725 4.6000
    endloop
  endfacet
  facet normal 0 0 1
    outer loop
      vertex -6.2114 -19.1166 4.6000
      vertex -9.0030 -37.0725 4.6000
      vertex -6.1652 -37.6485 4.6000
    endloop
  endfacet
  facet normal 0 0 -1
    outer loop
      vertex -6.2114 -19.1166 3.2500
      vertex -6.1652 -37.6485 3.2500
      vertex -9.0030 -37.0725 3.2500
    endloop
  endfacet
  facet normal -0.12403445145048317 -0.9922779121059673 0
    outer loop
      vertex -6.1652 -37.6485 3.2500
      vertex -3.2918 -38.0077 3.2500
      vertex -3.2918 -38.0077 4.6000
    endloop
  endfacet
  facet normal -0.12403445145048317 -0.9922779121059673 0
    outer loop
      vertex -6.1652 -37.6485 3.2500
      vertex -3.2918 -38.0077 4.6000
      vertex -6.1652 -37.6485 4.6000
    endloop
  endfacet
  facet normal 0 0 1
    outer loop
      vertex -6.2114 -19.1166 4.6000
      vertex -6.1652 -37.6485 4.6000
      vertex -3.2918 -38.0077 4.6000
    endloop
  endfacet
  facet normal 0 0 -1
    outer loop
      vertex -6.2114 -19.1166 3.2500
      vertex -3.2918 -38.0077 3.2500
      vertex -6.1652 -37.6485 3.2500
    endloop
  endfacet
  facet normal -0.04841395376714806 -0.998827356994507 0
    outer loop
      vertex -3.2918 -38.0077 3.2500
      vertex -0.3995 -38.1479 3.2500
      vertex -0.3995 -38.1479 4.6000
    endloop
  endfacet
  facet normal -0.04841395376714806 -0.998827356994507 0
    outer loop
      vertex -3.2918 -38.0077 3.2500
      vertex -0.3995 -38.1479 4.6000
      vertex -3.2918 -38.0077 4.6000
    endloop
  endfacet
  facet normal 0 0 1
    outer loop
      vertex -6.2114 -19.1166 4.6000
      vertex -3.2918 -38.0077 4.6000
      vertex -0.3995 -38.1479 4.6000
    endloop
  endfacet
  facet normal 0 0 -1
    outer loop
      vertex -6.2114 -19.1166 3.2500
      vertex -0.3995 -38.1479 3.2500
      vertex -3.2918 -38.0077 3.2500
    endloop
  endfacet
  facet normal 0.02748547388587467 -0.9996222029973468 0
    outer loop
      vertex -0.3995 -38.1479 3.2500
      vertex 2.4951 -38.0683 3.2500
      vertex 2.4951 -38.0683 4.6000
    endloop
  endfacet
  facet normal 0.02748547388587467 -0.9996222029973468 0
    outer loop
      vertex -0.3995 -38.1479 3.2500
      vertex 2.4951 -38.0683 4.6000
      vertex -0.3995 -38.1479 4.6000
    endloop
  endfacet
  facet normal 0 0 1
    outer loop
      vertex -6.2114 -19.1166 4.6000
      vertex -0.3995 -38.1479 4.6000
      vertex 2.4951 -38.0683 4.6000
    endloop
  endfacet
  facet normal 0 0 -1
    outer loop
      vertex -6.2114 -19.1166 3.2500
      vertex 2.4951 -38.0683 3.2500
      vertex -0.3995 -38.1479 3.2500
    endloop
  endfacet
  facet normal 0.10322654796929139 -0.9946578707245741 0
    outer loop
      vertex 2.4951 -38.0683 3.2500
      vertex 5.3754 -37.7694 3.2500
      vertex 5.3754 -37.7694 4.6000
    endloop
  endfacet
  facet normal 0.10322654796929139 -0.9946578707245741 0
    outer loop
      vertex 2.4951 -38.0683 3.2500
      vertex 5.3754 -37.7694 4.6000
      vertex 2.4951 -38.0683 4.6000
    endloop
  endfacet
  facet normal 0 0 1
    outer loop
      vertex -6.2114 -19.1166 4.6000
      vertex 2.4951 -38.0683 4.6000
      vertex 5.3754 -37.7694 4.6000
    endloop
  endfacet
  facet normal 0 0 -1
    outer loop
      vertex -6.2114 -19.1166 3.2500
      vertex 5.3754 -37.7694 3.2500
      vertex 2.4951 -38.0683 3.2500
    endloop
  endfacet
  facet normal 0.17837289727493466 -0.9839629614562457 0
    outer loop
      vertex 5.3754 -37.7694 3.2500
      vertex 8.2247 -37.2529 3.2500
      vertex 8.2247 -37.2529 4.6000
    endloop
  endfacet
  facet normal 0.17837289727493466 -0.9839629614562457 0
    outer loop
      vertex 5.3754 -37.7694 3.2500
      vertex 8.2247 -37.2529 4.6000
      vertex 5.3754 -37.7694 4.6000
    endloop
  endfacet
  facet normal 0 0 1
    outer loop
      vertex -6.2114 -19.1166 4.6000
      vertex 5.3754 -37.7694 4.6000
      vertex 8.2247 -37.2529 4.6000
    endloop
  endfacet
  facet normal 0 0 -1
    outer loop
      vertex -6.2114 -19.1166 3.2500
      vertex 8.2247 -37.2529 3.2500
      vertex 5.3754 -37.7694 3.2500
    endloop
  endfacet
  facet normal 0.25249157701515945 -0.9675990923602594 0
    outer loop
      vertex 8.2247 -37.2529 3.2500
      vertex 11.0266 -36.5217 3.2500
      vertex 11.0266 -36.5217 4.6000
    endloop
  endfacet
  facet normal 0.25249157701515945 -0.9675990923602594 0
    outer loop
      vertex 8.2247 -37.2529 3.2500
      vertex 11.0266 -36.5217 4.6000
      vertex 8.2247 -37.2529 4.6000
    endloop
  endfacet
  facet normal 0 0 1
    outer loop
      vertex -6.2114 -19.1166 4.6000
      vertex 8.2247 -37.2529 4.6000
      vertex 11.0266 -36.5217 4.6000
    endloop
  endfacet
  facet normal 0 0 -1
    outer loop
      vertex -6.2114 -19.1166 3.2500
      vertex 11.0266 -36.5217 3.2500
      vertex 8.2247 -37.2529 3.2500
    endloop
  endfacet
  facet normal 0.3251555631713817 -0.9456605414939875 0
    outer loop
      vertex 11.0266 -36.5217 3.2500
      vertex 13.7649 -35.5802 3.2500
      vertex 13.7649 -35.5802 4.6000
    endloop
  endfacet
  facet normal 0.3251555631713817 -0.9456605414939875 0
    outer loop
      vertex 11.0266 -36.5217 3.2500
      vertex 13.7649 -35.5802 4.6000
      vertex 11.0266 -36.5217 4.6000
    endloop
  endfacet
  facet normal 0 0 1
    outer loop
      vertex -6.2114 -19.1166 4.6000
      vertex 11.0266 -36.5217 4.6000
      vertex 13.7649 -35.5802 4.6000
    endloop
  endfacet
  facet normal 0 0 -1
    outer loop
      vertex -6.2114 -19.1166 3.2500
      vertex 13.7649 -35.5802 3.2500
      vertex 11.0266 -36.5217 3.2500
    endloop
  endfacet
  facet normal 0.3959462127310444 -0.9182737046349212 0
    outer loop
      vertex 13.7649 -35.5802 3.2500
      vertex 16.4240 -34.4336 3.2500
      vertex 16.4240 -34.4336 4.6000
    endloop
  endfacet
  facet normal 0.3959462127310444 -0.9182737046349212 0
    outer loop
      vertex 13.7649 -35.5802 3.2500
      vertex 16.4240 -34.4336 4.6000
      vertex 13.7649 -35.5802 4.6000
    endloop
  endfacet
  facet normal 0 0 1
    outer loop
      vertex -6.2114 -19.1166 4.6000
      vertex 13.7649 -35.5802 4.6000
      vertex 16.4240 -34.4336 4.6000
    endloop
  endfacet
  facet normal 0 0 -1
    outer loop
      vertex -6.2114 -19.1166 3.2500
      vertex 16.4240 -34.4336 3.2500
      vertex 13.7649 -35.5802 3.2500
    endloop
  endfacet
  facet normal 0.4644556756385574 -0.8855963670697453 0
    outer loop
      vertex 16.4240 -34.4336 3.2500
      vertex 18.9884 -33.0887 3.2500
      vertex 18.9884 -33.0887 4.6000
    endloop
  endfacet
  facet normal 0.4644556756385574 -0.8855963670697453 0
    outer loop
      vertex 16.4240 -34.4336 3.2500
      vertex 18.9884 -33.0887 4.6000
      vertex 16.4240 -34.4336 4.6000
    endloop
  endfacet
  facet normal 0 0 1
    outer loop
      vertex -6.2114 -19.1166 4.6000
      vertex 16.4240 -34.4336 4.6000
      vertex 18.9884 -33.0887 4.6000
    endloop
  endfacet
  facet normal 0 0 -1
    outer loop
      vertex -6.2114 -19.1166 3.2500
      vertex 18.9884 -33.0887 3.2500
      vertex 16.4240 -34.4336 3.2500
    endloop
  endfacet
  facet normal 0.5302892445642208 -0.8478167945373032 0
    outer loop
      vertex 18.9884 -33.0887 3.2500
      vertex 21.4435 -31.5531 3.2500
      vertex 21.4435 -31.5531 4.6000
    endloop
  endfacet
  facet normal 0.5302892445642208 -0.8478167945373032 0
    outer loop
      vertex 18.9884 -33.0887 3.2500
      vertex 21.4435 -31.5531 4.6000
      vertex 18.9884 -33.0887 4.6000
    endloop
  endfacet
  facet normal 0 0 1
    outer loop
      vertex -6.2114 -19.1166 4.6000
      vertex 18.9884 -33.0887 4.6000
      vertex 21.4435 -31.5531 4.6000
    endloop
  endfacet
  facet normal 0 0 -1
    outer loop
      vertex -6.2114 -19.1166 3.2500
      vertex 21.4435 -31.5531 3.2500
      vertex 18.9884 -33.0887 3.2500
    endloop
  endfacet
  facet normal 0.5930676289532364 -0.8051526485628587 0
    outer loop
      vertex 21.4435 -31.5531 3.2500
      vertex 23.7750 -29.8358 3.2500
      vertex 23.7750 -29.8358 4.6000
    endloop
  endfacet
  facet normal 0.5930676289532364 -0.8051526485628587 0
    outer loop
      vertex 21.4435 -31.5531 3.2500
      vertex 23.7750 -29.8358 4.6000
      vertex 21.4435 -31.5531 4.6000
    endloop
  endfacet
  facet normal 0 0 1
    outer loop
      vertex -6.2114 -19.1166 4.6000
      vertex 21.4435 -31.5531 4.6000
      vertex 23.7750 -29.8358 4.6000
    endloop
  endfacet
  facet normal 0 0 -1
    outer loop
      vertex -6.2114 -19.1166 3.2500
      vertex 23.7750 -29.8358 3.2500
      vertex 21.4435 -31.5531 3.2500
    endloop
  endfacet
  facet normal 0.6524291402532073 -0.7578497324327962 0
    outer loop
      vertex 23.7750 -29.8358 3.2500
      vertex 25.9695 -27.9465 3.2500
      vertex 25.9695 -27.9465 4.6000
    endloop
  endfacet
  facet normal 0.6524291402532073 -0.7578497324327962 0
    outer loop
      vertex 23.7750 -29.8358 3.2500
      vertex 25.9695 -27.9465 4.6000
      vertex 23.7750 -29.8358 4.6000
    endloop
  endfacet
  facet normal 0 0 1
    outer loop
      vertex -6.2114 -19.1166 4.6000
      vertex 23.7750 -29.8358 4.6000
      vertex 25.9695 -27.9465 4.6000
    endloop
  endfacet
  facet normal 0 0 -1
    outer loop
      vertex -6.2114 -19.1166 3.2500
      vertex 25.9695 -27.9465 3.2500
      vertex 23.7750 -29.8358 3.2500
    endloop
  endfacet
  facet normal 0.7080317757302339 -0.706180575034666 0
    outer loop
      vertex 25.9695 -27.9465 3.2500
      vertex 28.0144 -25.8962 3.2500
      vertex 28.0144 -25.8962 4.6000
    endloop
  endfacet
  facet normal 0.7080317757302339 -0.706180575034666 0
    outer loop
      vertex 25.9695 -27.9465 3.2500
      vertex 28.0144 -25.8962 4.6000
      vertex 25.9695 -27.9465 4.6000
    endloop
  endfacet
  facet normal 0 0 1
    outer loop
      vertex -6.2114 -19.1166 4.6000
      vertex 25.9695 -27.9465 4.6000
      vertex 28.0144 -25.8962 4.6000
    endloop
  endfacet
  facet normal 0 0 -1
    outer loop
      vertex -6.2114 -19.1166 3.2500
      vertex 28.0144 -25.8962 3.2500
      vertex 25.9695 -27.9465 3.2500
    endloop
  endfacet
  facet normal 0.7595551888680593 -0.6504428607215293 0
    outer loop
      vertex 28.0144 -25.8962 3.2500
      vertex 29.8979 -23.6968 3.2500
      vertex 29.8979 -23.6968 4.6000
    endloop
  endfacet
  facet normal 0.7595551888680593 -0.6504428607215293 0
    outer loop
      vertex 28.0144 -25.8962 3.2500
      vertex 29.8979 -23.6968 4.6000
      vertex 28.0144 -25.8962 4.6000
    endloop
  endfacet
  facet normal 0 0 1
    outer loop
      vertex -6.2114 -19.1166 4.6000
      vertex 28.0144 -25.8962 4.6000
      vertex 29.8979 -23.6968 4.6000
    endloop
  endfacet
  facet normal 0 0 -1
    outer loop
      vertex -6.2114 -19.1166 3.2500
      vertex 29.8979 -23.6968 3.2500
      vertex 28.0144 -25.8962 3.2500
    endloop
  endfacet
  facet normal 0.80670253499803 -0.5909577142467572 0
    outer loop
      vertex 29.8979 -23.6968 3.2500
      vertex 31.6092 -21.3608 3.2500
      vertex 31.6092 -21.3608 4.6000
    endloop
  endfacet
  facet normal 0.80670253499803 -0.5909577142467572 0
    outer loop
      vertex 29.8979 -23.6968 3.2500
      vertex 31.6092 -21.3608 4.6000
      vertex 29.8979 -23.6968 4.6000
    endloop
  endfacet
  facet normal 0 0 1
    outer loop
      vertex -6.2114 -19.1166 4.6000
      vertex 29.8979 -23.6968 4.6000
      vertex 31.6092 -21.3608 4.6000
    endloop
  endfacet
  facet normal 0 0 -1
    outer loop
      vertex -6.2114 -19.1166 3.2500
      vertex 31.6092 -21.3608 3.2500
      vertex 29.8979 -23.6968 3.2500
    endloop
  endfacet
  facet normal 0.8492021815265799 -0.5280678506503664 0
    outer loop
      vertex 31.6092 -21.3608 3.2500
      vertex 33.1383 -18.9017 3.2500
      vertex 33.1383 -18.9017 4.6000
    endloop
  endfacet
  facet normal 0.8492021815265799 -0.5280678506503664 0
    outer loop
      vertex 31.6092 -21.3608 3.2500
      vertex 33.1383 -18.9017 4.6000
      vertex 31.6092 -21.3608 4.6000
    endloop
  endfacet
  facet normal 0 0 1
    outer loop
      vertex -6.2114 -19.1166 4.6000
      vertex 31.6092 -21.3608 4.6000
      vertex 33.1383 -18.9017 4.6000
    endloop
  endfacet
  facet normal 0 0 -1
    outer loop
      vertex -6.2114 -19.1166 3.2500
      vertex 33.1383 -18.9017 3.2500
      vertex 31.6092 -21.3608 3.2500
    endloop
  endfacet
  facet normal 0.8868092729070072 -0.4621356007560395 0
    outer loop
      vertex 33.1383 -18.9017 3.2500
      vertex 34.4765 -16.3338 3.2500
      vertex 34.4765 -16.3338 4.6000
    endloop
  endfacet
  facet normal 0.8868092729070072 -0.4621356007560395 0
    outer loop
      vertex 33.1383 -18.9017 3.2500
      vertex 34.4765 -16.3338 4.6000
      vertex 33.1383 -18.9017 4.6000
    endloop
  endfacet
  facet normal 0 0 1
    outer loop
      vertex -6.2114 -19.1166 4.6000
      vertex 33.1383 -18.9017 4.6000
      vertex 34.4765 -16.3338 4.6000
    endloop
  endfacet
  facet normal 0 0 -1
    outer loop
      vertex -6.2114 -19.1166 3.2500
      vertex 34.4765 -16.3338 3.2500
      vertex 33.1383 -18.9017 3.2500
    endloop
  endfacet
  facet normal 0.9193071413391811 -0.39354082365465326 0
    outer loop
      vertex 34.4765 -16.3338 3.2500
      vertex 35.6161 -13.6717 3.2500
      vertex 35.6161 -13.6717 4.6000
    endloop
  endfacet
  facet normal 0.9193071413391811 -0.39354082365465326 0
    outer loop
      vertex 34.4765 -16.3338 3.2500
      vertex 35.6161 -13.6717 4.6000
      vertex 34.4765 -16.3338 4.6000
    endloop
  endfacet
  facet normal 0 0 1
    outer loop
      vertex -6.2114 -19.1166 4.6000
      vertex 34.4765 -16.3338 4.6000
      vertex 35.6161 -13.6717 4.6000
    endloop
  endfacet
  facet normal 0 0 -1
    outer loop
      vertex -6.2114 -19.1166 3.2500
      vertex 35.6161 -13.6717 3.2500
      vertex 34.4765 -16.3338 3.2500
    endloop
  endfacet
  facet normal 0.94650855506963 -0.32267871820124927 0
    outer loop
      vertex 35.6161 -13.6717 3.2500
      vertex 36.5505 -10.9309 3.2500
      vertex 36.5505 -10.9309 4.6000
    endloop
  endfacet
  facet normal 0.94650855506963 -0.32267871820124927 0
    outer loop
      vertex 35.6161 -13.6717 3.2500
      vertex 36.5505 -10.9309 4.6000
      vertex 35.6161 -13.6717 4.6000
    endloop
  endfacet
  facet normal 0 0 1
    outer loop
      vertex -6.2114 -19.1166 4.6000
      vertex 35.6161 -13.6717 4.6000
      vertex 36.5505 -10.9309 4.6000
    endloop
  endfacet
  facet normal 0 0 -1
    outer loop
      vertex -6.2114 -19.1166 3.2500
      vertex 36.5505 -10.9309 3.2500
      vertex 35.6161 -13.6717 3.2500
    endloop
  endfacet
  facet normal 0.9682567971001171 -0.24995754613418367 0
    outer loop
      vertex 36.5505 -10.9309 3.2500
      vertex 37.2743 -8.1271 3.2500
      vertex 37.2743 -8.1271 4.6000
    endloop
  endfacet
  facet normal 0.9682567971001171 -0.24995754613418367 0
    outer loop
      vertex 36.5505 -10.9309 3.2500
      vertex 37.2743 -8.1271 4.6000
      vertex 36.5505 -10.9309 4.6000
    endloop
  endfacet
  facet normal 0 0 1
    outer loop
      vertex -6.2114 -19.1166 4.6000
      vertex 36.5505 -10.9309 4.6000
      vertex 37.2743 -8.1271 4.6000
    endloop
  endfacet
  facet normal 0 0 -1
    outer loop
      vertex -6.2114 -19.1166 3.2500
      vertex 37.2743 -8.1271 3.2500
      vertex 36.5505 -10.9309 3.2500
    endloop
  endfacet
  facet normal 0.9844265680898915 -0.1757962799343561 0
    outer loop
      vertex 37.2743 -8.1271 3.2500
      vertex 37.7833 -5.2765 3.2500
      vertex 37.7833 -5.2765 4.6000
    endloop
  endfacet
  facet normal 0.9844265680898915 -0.1757962799343561 0
    outer loop
      vertex 37.2743 -8.1271 3.2500
      vertex 37.7833 -5.2765 4.6000
      vertex 37.2743 -8.1271 4.6000
    endloop
  endfacet
  facet normal 0 0 1
    outer loop
      vertex -6.2114 -19.1166 4.6000
      vertex 37.2743 -8.1271 4.6000
      vertex 37.7833 -5.2765 4.6000
    endloop
  endfacet
  facet normal 0 0 -1
    outer loop
      vertex -6.2114 -19.1166 3.2500
      vertex 37.7833 -5.2765 3.2500
      vertex 37.2743 -8.1271 3.2500
    endloop
  endfacet
  facet normal 0.9949457308414251 -0.10041410598328322 0
    outer loop
      vertex 37.7833 -5.2765 3.2500
      vertex 38.0774 -2.3633 3.2500
      vertex 38.0774 -2.3633 4.6000
    endloop
  endfacet
  facet normal 0.9949457308414251 -0.10041410598328322 0
    outer loop
      vertex 37.7833 -5.2765 3.2500
      vertex 38.0774 -2.3633 4.6000
      vertex 37.7833 -5.2765 4.6000
    endloop
  endfacet
  facet normal 0 0 1
    outer loop
      vertex -6.2114 -19.1166 4.6000
      vertex 37.7833 -5.2765 4.6000
      vertex 38.0774 -2.3633 4.6000
    endloop
  endfacet
  facet normal 0 0 -1
    outer loop
      vertex -6.2114 -19.1166 3.2500
      vertex 38.0774 -2.3633 3.2500
      vertex 37.7833 -5.2765 3.2500
    endloop
  endfacet
  facet normal -0.10062218897603392 -0.9949247082496602 0
    outer loop
      vertex 38.0774 -2.3633 3.2500
      vertex 39.7687 -2.5344 3.2500
      vertex 39.7687 -2.5344 4.6000
    endloop
  endfacet
  facet normal -0.10062218897603392 -0.9949247082496602 0
    outer loop
      vertex 38.0774 -2.3633 3.2500
      vertex 39.7687 -2.5344 4.6000
      vertex 38.0774 -2.3633 4.6000
    endloop
  endfacet
  facet normal 0 0 -1
    outer loop
      vertex -6.2114 -19.1166 4.6000
      vertex 38.0774 -2.3633 4.6000
      vertex 39.7687 -2.5344 4.6000
    endloop
  endfacet
  facet normal 0 0 1
    outer loop
      vertex -6.2114 -19.1166 3.2500
      vertex 39.7687 -2.5344 3.2500
      vertex 38.0774 -2.3633 3.2500
    endloop
  endfacet
  facet normal -0.9949040967821376 0.10082578145553481 0
    outer loop
      vertex 39.7687 -2.5344 3.2500
      vertex 39.4670 -5.5116 3.2500
      vertex 39.4670 -5.5116 4.6000
    endloop
  endfacet
  facet normal -0.9949040967821376 0.10082578145553481 0
    outer loop
      vertex 39.7687 -2.5344 3.2500
      vertex 39.4670 -5.5116 4.6000
      vertex 39.7687 -2.5344 4.6000
    endloop
  endfacet
  facet normal 0 0 -1
    outer loop
      vertex -6.2114 -19.1166 4.6000
      vertex 39.7687 -2.5344 4.6000
      vertex 39.4670 -5.5116 4.6000
    endloop
  endfacet
  facet normal 0 0 1
    outer loop
      vertex -6.2114 -19.1166 3.2500
      vertex 39.4670 -5.5116 3.2500
      vertex 39.7687 -2.5344 3.2500
    endloop
  endfacet
  facet normal -0.984426568089892 0.17579627993435157 0
    outer loop
      vertex 39.4670 -5.5116 3.2500
      vertex 38.9353 -8.4893 3.2500
      vertex 38.9353 -8.4893 4.6000
    endloop
  endfacet
  facet normal -0.984426568089892 0.17579627993435157 0
    outer loop
      vertex 39.4670 -5.5116 3.2500
      vertex 38.9353 -8.4893 4.6000
      vertex 39.4670 -5.5116 4.6000
    endloop
  endfacet
  facet normal 0 0 -1
    outer loop
      vertex -6.2114 -19.1166 4.6000
      vertex 39.4670 -5.5116 4.6000
      vertex 38.9353 -8.4893 4.6000
    endloop
  endfacet
  facet normal 0 0 1
    outer loop
      vertex -6.2114 -19.1166 3.2500
      vertex 38.9353 -8.4893 3.2500
      vertex 39.4670 -5.5116 3.2500
    endloop
  endfacet
  facet normal -0.968256797100116 0.24995754613418789 0
    outer loop
      vertex 38.9353 -8.4893 3.2500
      vertex 38.1792 -11.4180 3.2500
      vertex 38.1792 -11.4180 4.6000
    endloop
  endfacet
  facet normal -0.968256797100116 0.24995754613418789 0
    outer loop
      vertex 38.9353 -8.4893 3.2500
      vertex 38.1792 -11.4180 4.6000
      vertex 38.9353 -8.4893 4.6000
    endloop
  endfacet
  facet normal 0 0 -1
    outer loop
      vertex -6.2114 -19.1166 4.6000
      vertex 38.9353 -8.4893 4.6000
      vertex 38.1792 -11.4180 4.6000
    endloop
  endfacet
  facet normal 0 0 1
    outer loop
      vertex -6.2114 -19.1166 3.2500
      vertex 38.1792 -11.4180 3.2500
      vertex 38.9353 -8.4893 3.2500
    endloop
  endfacet
  facet normal -0.9465085550696302 0.32267871820124855 0
    outer loop
      vertex 38.1792 -11.4180 3.2500
      vertex 37.2032 -14.2810 3.2500
      vertex 37.2032 -14.2810 4.6000
    endloop
  endfacet
  facet normal -0.9465085550696302 0.32267871820124855 0
    outer loop
      vertex 38.1792 -11.4180 3.2500
      vertex 37.2032 -14.2810 4.6000
      vertex 38.1792 -11.4180 4.6000
    endloop
  endfacet
  facet normal 0 0 -1
    outer loop
      vertex -6.2114 -19.1166 4.6000
      vertex 38.1792 -11.4180 4.6000
      vertex 37.2032 -14.2810 4.6000
    endloop
  endfacet
  facet normal 0 0 1
    outer loop
      vertex -6.2114 -19.1166 3.2500
      vertex 37.2032 -14.2810 3.2500
      vertex 38.1792 -11.4180 3.2500
    endloop
  endfacet
  facet normal -0.9193071413391819 0.3935408236546511 0
    outer loop
      vertex 37.2032 -14.2810 3.2500
      vertex 36.0128 -17.0616 3.2500
      vertex 36.0128 -17.0616 4.6000
    endloop
  endfacet
  facet normal -0.9193071413391819 0.3935408236546511 0
    outer loop
      vertex 37.2032 -14.2810 3.2500
      vertex 36.0128 -17.0616 4.6000
      vertex 37.2032 -14.2810 4.6000
    endloop
  endfacet
  facet normal 0 0 -1
    outer loop
      vertex -6.2114 -19.1166 4.6000
      vertex 37.2032 -14.2810 4.6000
      vertex 36.0128 -17.0616 4.6000
    endloop
  endfacet
  facet normal 0 0 1
    outer loop
      vertex -6.2114 -19.1166 3.2500
      vertex 36.0128 -17.0616 3.2500
      vertex 37.2032 -14.2810 3.2500
    endloop
  endfacet
  facet normal -0.8868092729070077 0.4621356007560382 0
    outer loop
      vertex 36.0128 -17.0616 3.2500
      vertex 34.6150 -19.7440 3.2500
      vertex 34.6150 -19.7440 4.6000
    endloop
  endfacet
  facet normal -0.8868092729070077 0.4621356007560382 0
    outer loop
      vertex 36.0128 -17.0616 3.2500
      vertex 34.6150 -19.7440 4.6000
      vertex 36.0128 -17.0616 4.6000
    endloop
  endfacet
  facet normal 0 0 -1
    outer loop
      vertex -6.2114 -19.1166 4.6000
      vertex 36.0128 -17.0616 4.6000
      vertex 34.6150 -19.7440 4.6000
    endloop
  endfacet
  facet normal 0 0 1
    outer loop
      vertex -6.2114 -19.1166 3.2500
      vertex 34.6150 -19.7440 3.2500
      vertex 36.0128 -17.0616 3.2500
    endloop
  endfacet
  facet normal -0.8492021815265789 0.5280678506503679 0
    outer loop
      vertex 34.6150 -19.7440 3.2500
      vertex 33.0177 -22.3127 3.2500
      vertex 33.0177 -22.3127 4.6000
    endloop
  endfacet
  facet normal -0.8492021815265789 0.5280678506503679 0
    outer loop
      vertex 34.6150 -19.7440 3.2500
      vertex 33.0177 -22.3127 4.6000
      vertex 34.6150 -19.7440 4.6000
    endloop
  endfacet
  facet normal 0 0 -1
    outer loop
      vertex -6.2114 -19.1166 4.6000
      vertex 34.6150 -19.7440 4.6000
      vertex 33.0177 -22.3127 4.6000
    endloop
  endfacet
  facet normal 0 0 1
    outer loop
      vertex -6.2114 -19.1166 3.2500
      vertex 33.0177 -22.3127 3.2500
      vertex 34.6150 -19.7440 3.2500
    endloop
  endfacet
  facet normal -0.8067025349980289 0.5909577142467589 0
    outer loop
      vertex 33.0177 -22.3127 3.2500
      vertex 31.2302 -24.7527 3.2500
      vertex 31.2302 -24.7527 4.6000
    endloop
  endfacet
  facet normal -0.8067025349980289 0.5909577142467589 0
    outer loop
      vertex 33.0177 -22.3127 3.2500
      vertex 31.2302 -24.7527 4.6000
      vertex 33.0177 -22.3127 4.6000
    endloop
  endfacet
  facet normal 0 0 -1
    outer loop
      vertex -6.2114 -19.1166 4.6000
      vertex 33.0177 -22.3127 4.6000
      vertex 31.2302 -24.7527 4.6000
    endloop
  endfacet
  facet normal 0 0 1
    outer loop
      vertex -6.2114 -19.1166 3.2500
      vertex 31.2302 -24.7527 3.2500
      vertex 33.0177 -22.3127 3.2500
    endloop
  endfacet
  facet normal -0.7595551888680605 0.6504428607215281 0
    outer loop
      vertex 31.2302 -24.7527 3.2500
      vertex 29.2628 -27.0502 3.2500
      vertex 29.2628 -27.0502 4.6000
    endloop
  endfacet
  facet normal -0.7595551888680605 0.6504428607215281 0
    outer loop
      vertex 31.2302 -24.7527 3.2500
      vertex 29.2628 -27.0502 4.6000
      vertex 31.2302 -24.7527 4.6000
    endloop
  endfacet
  facet normal 0 0 -1
    outer loop
      vertex -6.2114 -19.1166 4.6000
      vertex 31.2302 -24.7527 4.6000
      vertex 29.2628 -27.0502 4.6000
    endloop
  endfacet
  facet normal 0 0 1
    outer loop
      vertex -6.2114 -19.1166 3.2500
      vertex 29.2628 -27.0502 3.2500
      vertex 31.2302 -24.7527 3.2500
    endloop
  endfacet
  facet normal -0.7080317757302343 0.7061805750346658 0
    outer loop
      vertex 29.2628 -27.0502 3.2500
      vertex 27.1267 -29.1918 3.2500
      vertex 27.1267 -29.1918 4.6000
    endloop
  endfacet
  facet normal -0.7080317757302343 0.7061805750346658 0
    outer loop
      vertex 29.2628 -27.0502 3.2500
      vertex 27.1267 -29.1918 4.6000
      vertex 29.2628 -27.0502 4.6000
    endloop
  endfacet
  facet normal 0 0 -1
    outer loop
      vertex -6.2114 -19.1166 4.6000
      vertex 29.2628 -27.0502 4.6000
      vertex 27.1267 -29.1918 4.6000
    endloop
  endfacet
  facet normal 0 0 1
    outer loop
      vertex -6.2114 -19.1166 3.2500
      vertex 27.1267 -29.1918 3.2500
      vertex 29.2628 -27.0502 3.2500
    endloop
  endfacet
  facet normal -0.6524291402532068 0.7578497324327966 0
    outer loop
      vertex 27.1267 -29.1918 3.2500
      vertex 24.8344 -31.1653 3.2500
      vertex 24.8344 -31.1653 4.6000
    endloop
  endfacet
  facet normal -0.6524291402532068 0.7578497324327966 0
    outer loop
      vertex 27.1267 -29.1918 3.2500
      vertex 24.8344 -31.1653 4.6000
      vertex 27.1267 -29.1918 4.6000
    endloop
  endfacet
  facet normal 0 0 -1
    outer loop
      vertex -6.2114 -19.1166 4.6000
      vertex 27.1267 -29.1918 4.6000
      vertex 24.8344 -31.1653 4.6000
    endloop
  endfacet
  facet normal 0 0 1
    outer loop
      vertex -6.2114 -19.1166 3.2500
      vertex 24.8344 -31.1653 3.2500
      vertex 27.1267 -29.1918 3.2500
    endloop
  endfacet
  facet normal -0.5930676289532367 0.8051526485628584 0
    outer loop
      vertex 24.8344 -31.1653 3.2500
      vertex 22.3990 -32.9592 3.2500
      vertex 22.3990 -32.9592 4.6000
    endloop
  endfacet
  facet normal -0.5930676289532367 0.8051526485628584 0
    outer loop
      vertex 24.8344 -31.1653 3.2500
      vertex 22.3990 -32.9592 4.6000
      vertex 24.8344 -31.1653 4.6000
    endloop
  endfacet
  facet normal 0 0 -1
    outer loop
      vertex -6.2114 -19.1166 4.6000
      vertex 24.8344 -31.1653 4.6000
      vertex 22.3990 -32.9592 4.6000
    endloop
  endfacet
  facet normal 0 0 1
    outer loop
      vertex -6.2114 -19.1166 3.2500
      vertex 22.3990 -32.9592 3.2500
      vertex 24.8344 -31.1653 3.2500
    endloop
  endfacet
  facet normal -0.530289244564219 0.8478167945373045 0
    outer loop
      vertex 22.3990 -32.9592 3.2500
      vertex 19.8346 -34.5632 3.2500
      vertex 19.8346 -34.5632 4.6000
    endloop
  endfacet
  facet normal -0.530289244564219 0.8478167945373045 0
    outer loop
      vertex 22.3990 -32.9592 3.2500
      vertex 19.8346 -34.5632 4.6000
      vertex 22.3990 -32.9592 4.6000
    endloop
  endfacet
  facet normal 0 0 -1
    outer loop
      vertex -6.2114 -19.1166 4.6000
      vertex 22.3990 -32.9592 4.6000
      vertex 19.8346 -34.5632 4.6000
    endloop
  endfacet
  facet normal 0 0 1
    outer loop
      vertex -6.2114 -19.1166 3.2500
      vertex 19.8346 -34.5632 3.2500
      vertex 22.3990 -32.9592 3.2500
    endloop
  endfacet
  facet normal -0.46445567563855855 0.8855963670697449 0
    outer loop
      vertex 19.8346 -34.5632 3.2500
      vertex 17.1559 -35.9680 3.2500
      vertex 17.1559 -35.9680 4.6000
    endloop
  endfacet
  facet normal -0.46445567563855855 0.8855963670697449 0
    outer loop
      vertex 19.8346 -34.5632 3.2500
      vertex 17.1559 -35.9680 4.6000
      vertex 19.8346 -34.5632 4.6000
    endloop
  endfacet
  facet normal 0 0 -1
    outer loop
      vertex -6.2114 -19.1166 4.6000
      vertex 19.8346 -34.5632 4.6000
      vertex 17.1559 -35.9680 4.6000
    endloop
  endfacet
  facet normal 0 0 1
    outer loop
      vertex -6.2114 -19.1166 3.2500
      vertex 17.1559 -35.9680 3.2500
      vertex 19.8346 -34.5632 3.2500
    endloop
  endfacet
  facet normal -0.395946212731045 0.9182737046349211 0
    outer loop
      vertex 17.1559 -35.9680 3.2500
      vertex 14.3783 -37.1657 3.2500
      vertex 14.3783 -37.1657 4.6000
    endloop
  endfacet
  facet normal -0.395946212731045 0.9182737046349211 0
    outer loop
      vertex 17.1559 -35.9680 3.2500
      vertex 14.3783 -37.1657 4.6000
      vertex 17.1559 -35.9680 4.6000
    endloop
  endfacet
  facet normal 0 0 -1
    outer loop
      vertex -6.2114 -19.1166 4.6000
      vertex 17.1559 -35.9680 4.6000
      vertex 14.3783 -37.1657 4.6000
    endloop
  endfacet
  facet normal 0 0 1
    outer loop
      vertex -6.2114 -19.1166 3.2500
      vertex 14.3783 -37.1657 3.2500
      vertex 17.1559 -35.9680 3.2500
    endloop
  endfacet
  facet normal -0.32515556317138294 0.9456605414939872 0
    outer loop
      vertex 14.3783 -37.1657 3.2500
      vertex 11.5179 -38.1492 3.2500
      vertex 11.5179 -38.1492 4.6000
    endloop
  endfacet
  facet normal -0.32515556317138294 0.9456605414939872 0
    outer loop
      vertex 14.3783 -37.1657 3.2500
      vertex 11.5179 -38.1492 4.6000
      vertex 14.3783 -37.1657 4.6000
    endloop
  endfacet
  facet normal 0 0 -1
    outer loop
      vertex -6.2114 -19.1166 4.6000
      vertex 14.3783 -37.1657 4.6000
      vertex 11.5179 -38.1492 4.6000
    endloop
  endfacet
  facet normal 0 0 1
    outer loop
      vertex -6.2114 -19.1166 3.2500
      vertex 11.5179 -38.1492 3.2500
      vertex 14.3783 -37.1657 3.2500
    endloop
  endfacet
  facet normal -0.2524915770151573 0.96759909236026 0
    outer loop
      vertex 11.5179 -38.1492 3.2500
      vertex 8.5912 -38.9129 3.2500
      vertex 8.5912 -38.9129 4.6000
    endloop
  endfacet
  facet normal -0.2524915770151573 0.96759909236026 0
    outer loop
      vertex 11.5179 -38.1492 3.2500
      vertex 8.5912 -38.9129 4.6000
      vertex 11.5179 -38.1492 4.6000
    endloop
  endfacet
  facet normal 0 0 -1
    outer loop
      vertex -6.2114 -19.1166 4.6000
      vertex 11.5179 -38.1492 4.6000
      vertex 8.5912 -38.9129 4.6000
    endloop
  endfacet
  facet normal 0 0 1
    outer loop
      vertex -6.2114 -19.1166 3.2500
      vertex 8.5912 -38.9129 3.2500
      vertex 11.5179 -38.1492 3.2500
    endloop
  endfacet
  facet normal -0.17837289727493627 0.9839629614562454 0
    outer loop
      vertex 8.5912 -38.9129 3.2500
      vertex 5.6149 -39.4524 3.2500
      vertex 5.6149 -39.4524 4.6000
    endloop
  endfacet
  facet normal -0.17837289727493627 0.9839629614562454 0
    outer loop
      vertex 8.5912 -38.9129 3.2500
      vertex 5.6149 -39.4524 4.6000
      vertex 8.5912 -38.9129 4.6000
    endloop
  endfacet
  facet normal 0 0 -1
    outer loop
      vertex -6.2114 -19.1166 4.6000
      vertex 8.5912 -38.9129 4.6000
      vertex 5.6149 -39.4524 4.6000
    endloop
  endfacet
  facet normal 0 0 1
    outer loop
      vertex -6.2114 -19.1166 3.2500
      vertex 5.6149 -39.4524 3.2500
      vertex 8.5912 -38.9129 3.2500
    endloop
  endfacet
  facet normal -0.10322654796928961 0.994657870724574 0
    outer loop
      vertex 5.6149 -39.4524 3.2500
      vertex 2.6063 -39.7647 3.2500
      vertex 2.6063 -39.7647 4.6000
    endloop
  endfacet
  facet normal -0.10322654796928961 0.994657870724574 0
    outer loop
      vertex 5.6149 -39.4524 3.2500
      vertex 2.6063 -39.7647 4.6000
      vertex 5.6149 -39.4524 4.6000
    endloop
  endfacet
  facet normal 0 0 -1
    outer loop
      vertex -6.2114 -19.1166 4.6000
      vertex 5.6149 -39.4524 4.6000
      vertex 2.6063 -39.7647 4.6000
    endloop
  endfacet
  facet normal 0 0 1
    outer loop
      vertex -6.2114 -19.1166 3.2500
      vertex 2.6063 -39.7647 3.2500
      vertex 5.6149 -39.4524 3.2500
    endloop
  endfacet
  facet normal -0.027485473885873055 0.9996222029973468 0
    outer loop
      vertex 2.6063 -39.7647 3.2500
      vertex -0.4173 -39.8478 3.2500
      vertex -0.4173 -39.8478 4.6000
    endloop
  endfacet
  facet normal -0.027485473885873055 0.9996222029973468 0
    outer loop
      vertex 2.6063 -39.7647 3.2500
      vertex -0.4173 -39.8478 4.6000
      vertex 2.6063 -39.7647 4.6000
    endloop
  endfacet
  facet normal 0 0 -1
    outer loop
      vertex -6.2114 -19.1166 4.6000
      vertex 2.6063 -39.7647 4.6000
      vertex -0.4173 -39.8478 4.6000
    endloop
  endfacet
  facet normal 0 0 1
    outer loop
      vertex -6.2114 -19.1166 3.2500
      vertex -0.4173 -39.8478 3.2500
      vertex 2.6063 -39.7647 3.2500
    endloop
  endfacet
  facet normal 0.0484139537671436 0.9988273569945072 0
    outer loop
      vertex -0.4173 -39.8478 3.2500
      vertex -3.4385 -39.7014 3.2500
      vertex -3.4385 -39.7014 4.6000
    endloop
  endfacet
  facet normal 0.0484139537671436 0.9988273569945072 0
    outer loop
      vertex -0.4173 -39.8478 3.2500
      vertex -3.4385 -39.7014 4.6000
      vertex -0.4173 -39.8478 4.6000
    endloop
  endfacet
  facet normal 0 0 -1
    outer loop
      vertex -6.2114 -19.1166 4.6000
      vertex -0.4173 -39.8478 4.6000
      vertex -3.4385 -39.7014 4.6000
    endloop
  endfacet
  facet normal 0 0 1
    outer loop
      vertex -6.2114 -19.1166 3.2500
      vertex -3.4385 -39.7014 3.2500
      vertex -0.4173 -39.8478 3.2500
    endloop
  endfacet
  facet normal 0.12403445145048596 0.9922779121059668 0
    outer loop
      vertex -3.4385 -39.7014 3.2500
      vertex -6.4399 -39.3262 3.2500
      vertex -6.4399 -39.3262 4.6000
    endloop
  endfacet
  facet normal 0.12403445145048596 0.9922779121059668 0
    outer loop
      vertex -3.4385 -39.7014 3.2500
      vertex -6.4399 -39.3262 4.6000
      vertex -3.4385 -39.7014 4.6000
    endloop
  endfacet
  facet normal 0 0 -1
    outer loop
      vertex -6.2114 -19.1166 4.6000
      vertex -3.4385 -39.7014 4.6000
      vertex -6.4399 -39.3262 4.6000
    endloop
  endfacet
  facet normal 0 0 1
    outer loop
      vertex -6.2114 -19.1166 3.2500
      vertex -6.4399 -39.3262 3.2500
      vertex -3.4385 -39.7014 3.2500
    endloop
  endfacet
  facet normal 0.198940342639412 0.9800116020081157 0
    outer loop
      vertex -6.4399 -39.3262 3.2500
      vertex -9.4042 -38.7245 3.2500
      vertex -9.4042 -38.7245 4.6000
    endloop
  endfacet
  facet normal 0.198940342639412 0.9800116020081157 0
    outer loop
      vertex -6.4399 -39.3262 3.2500
      vertex -9.4042 -38.7245 4.6000
      vertex -6.4399 -39.3262 4.6000
    endloop
  endfacet
  facet normal 0 0 -1
    outer loop
      vertex -6.2114 -19.1166 4.6000
      vertex -6.4399 -39.3262 4.6000
      vertex -9.4042 -38.7245 4.6000
    endloop
  endfacet
  facet normal 0 0 1
    outer loop
      vertex -6.2114 -19.1166 3.2500
      vertex -9.4042 -38.7245 3.2500
      vertex -6.4399 -39.3262 3.2500
    endloop
  endfacet
  facet normal 0.2727000679108217 0.9620990972667178 0
    outer loop
      vertex -9.4042 -38.7245 3.2500
      vertex -12.3143 -37.8996 3.2500
      vertex -12.3143 -37.8996 4.6000
    endloop
  endfacet
  facet normal 0.2727000679108217 0.9620990972667178 0
    outer loop
      vertex -9.4042 -38.7245 3.2500
      vertex -12.3143 -37.8996 4.6000
      vertex -9.4042 -38.7245 4.6000
    endloop
  endfacet
  facet normal 0 0 -1
    outer loop
      vertex -6.2114 -19.1166 4.6000
      vertex -9.4042 -38.7245 4.6000
      vertex -12.3143 -37.8996 4.6000
    endloop
  endfacet
  facet normal 0 0 1
    outer loop
      vertex -6.2114 -19.1166 3.2500
      vertex -12.3143 -37.8996 3.2500
      vertex -9.4042 -38.7245 3.2500
    endloop
  endfacet
  facet normal 0.3448886713102231 0.9386435981787064 0
    outer loop
      vertex -12.3143 -37.8996 3.2500
      vertex -15.1535 -36.8564 3.2500
      vertex -15.1535 -36.8564 4.6000
    endloop
  endfacet
  facet normal 0.3448886713102231 0.9386435981787064 0
    outer loop
      vertex -12.3143 -37.8996 3.2500
      vertex -15.1535 -36.8564 4.6000
      vertex -12.3143 -37.8996 4.6000
    endloop
  endfacet
  facet normal 0 0 -1
    outer loop
      vertex -6.2114 -19.1166 4.6000
      vertex -12.3143 -37.8996 4.6000
      vertex -15.1535 -36.8564 4.6000
    endloop
  endfacet
  facet normal 0 0 1
    outer loop
      vertex -6.2114 -19.1166 3.2500
      vertex -15.1535 -36.8564 3.2500
      vertex -12.3143 -37.8996 3.2500
    endloop
  endfacet
  facet normal 0.4150902486738305 0.9097802401986412 0
    outer loop
      vertex -15.1535 -36.8564 3.2500
      vertex -17.9054 -35.6008 3.2500
      vertex -17.9054 -35.6008 4.6000
    endloop
  endfacet
  facet normal 0.4150902486738305 0.9097802401986412 0
    outer loop
      vertex -15.1535 -36.8564 3.2500
      vertex -17.9054 -35.6008 4.6000
      vertex -15.1535 -36.8564 4.6000
    endloop
  endfacet
  facet normal 0 0 -1
    outer loop
      vertex -6.2114 -19.1166 4.6000
      vertex -15.1535 -36.8564 4.6000
      vertex -17.9054 -35.6008 4.6000
    endloop
  endfacet
  facet normal 0 0 1
    outer loop
      vertex -6.2114 -19.1166 3.2500
      vertex -17.9054 -35.6008 3.2500
      vertex -15.1535 -36.8564 3.2500
    endloop
  endfacet
  facet normal 0.48290034380003805 0.8756753153753993 0
    outer loop
      vertex -17.9054 -35.6008 3.2500
      vertex -20.5541 -34.1402 3.2500
      vertex -20.5541 -34.1402 4.6000
    endloop
  endfacet
  facet normal 0.48290034380003805 0.8756753153753993 0
    outer loop
      vertex -17.9054 -35.6008 3.2500
      vertex -20.5541 -34.1402 4.6000
      vertex -17.9054 -35.6008 4.6000
    endloop
  endfacet
  facet normal 0 0 -1
    outer loop
      vertex -6.2114 -19.1166 4.6000
      vertex -17.9054 -35.6008 4.6000
      vertex -20.5541 -34.1402 4.6000
    endloop
  endfacet
  facet normal 0 0 1
    outer loop
      vertex -6.2114 -19.1166 3.2500
      vertex -20.5541 -34.1402 3.2500
      vertex -17.9054 -35.6008 3.2500
    endloop
  endfacet
  facet normal 0.5479282786651366 0.8365253142846667 0
    outer loop
      vertex -20.5541 -34.1402 3.2500
      vertex -23.0844 -32.4828 3.2500
      vertex -23.0844 -32.4828 4.6000
    endloop
  endfacet
  facet normal 0.5479282786651366 0.8365253142846667 0
    outer loop
      vertex -20.5541 -34.1402 3.2500
      vertex -23.0844 -32.4828 4.6000
      vertex -20.5541 -34.1402 4.6000
    endloop
  endfacet
  facet normal 0 0 -1
    outer loop
      vertex -6.2114 -19.1166 4.6000
      vertex -20.5541 -34.1402 4.6000
      vertex -23.0844 -32.4828 4.6000
    endloop
  endfacet
  facet normal 0 0 1
    outer loop
      vertex -6.2114 -19.1166 3.2500
      vertex -23.0844 -32.4828 3.2500
      vertex -20.5541 -34.1402 3.2500
    endloop
  endfacet
  facet normal 0.6097994042580749 0.7925557939769898 0
    outer loop
      vertex -23.0844 -32.4828 3.2500
      vertex -25.4816 -30.6383 3.2500
      vertex -25.4816 -30.6383 4.6000
    endloop
  endfacet
  facet normal 0.6097994042580749 0.7925557939769898 0
    outer loop
      vertex -23.0844 -32.4828 3.2500
      vertex -25.4816 -30.6383 4.6000
      vertex -23.0844 -32.4828 4.6000
    endloop
  endfacet
  facet normal 0 0 -1
    outer loop
      vertex -6.2114 -19.1166 4.6000
      vertex -23.0844 -32.4828 4.6000
      vertex -25.4816 -30.6383 4.6000
    endloop
  endfacet
  facet normal 0 0 1
    outer loop
      vertex -6.2114 -19.1166 3.2500
      vertex -25.4816 -30.6383 3.2500
      vertex -23.0844 -32.4828 3.2500
    endloop
  endfacet
  facet normal 0.6681572590663529 0.744020078463571 0
    outer loop
      vertex -25.4816 -30.6383 3.2500
      vertex -27.7321 -28.6173 3.2500
      vertex -27.7321 -28.6173 4.6000
    endloop
  endfacet
  facet normal 0.6681572590663529 0.744020078463571 0
    outer loop
      vertex -25.4816 -30.6383 3.2500
      vertex -27.7321 -28.6173 4.6000
      vertex -25.4816 -30.6383 4.6000
    endloop
  endfacet
  facet normal 0 0 -1
    outer loop
      vertex -6.2114 -19.1166 4.6000
      vertex -25.4816 -30.6383 4.6000
      vertex -27.7321 -28.6173 4.6000
    endloop
  endfacet
  facet normal 0 0 1
    outer loop
      vertex -6.2114 -19.1166 3.2500
      vertex -27.7321 -28.6173 3.2500
      vertex -25.4816 -30.6383 3.2500
    endloop
  endfacet
  facet normal 0.7226656227773302 0.6911977992267148 0
    outer loop
      vertex -27.7321 -28.6173 3.2500
      vertex -29.8228 -26.4314 3.2500
      vertex -29.8228 -26.4314 4.6000
    endloop
  endfacet
  facet normal 0.7226656227773302 0.6911977992267148 0
    outer loop
      vertex -27.7321 -28.6173 3.2500
      vertex -29.8228 -26.4314 4.6000
      vertex -27.7321 -28.6173 4.6000
    endloop
  endfacet
  facet normal 0 0 -1
    outer loop
      vertex -6.2114 -19.1166 4.6000
      vertex -27.7321 -28.6173 4.6000
      vertex -29.8228 -26.4314 4.6000
    endloop
  endfacet
  facet normal 0 0 1
    outer loop
      vertex -6.2114 -19.1166 3.2500
      vertex -29.8228 -26.4314 3.2500
      vertex -27.7321 -28.6173 3.2500
    endloop
  endfacet
  facet normal 0.7730104533627375 0.6343932841636448 0
    outer loop
      vertex -29.8228 -26.4314 3.2500
      vertex -31.7417 -24.0933 3.2500
      vertex -31.7417 -24.0933 4.6000
    endloop
  endfacet
  facet normal 0.7730104533627375 0.6343932841636448 0
    outer loop
      vertex -29.8228 -26.4314 3.2500
      vertex -31.7417 -24.0933 4.6000
      vertex -29.8228 -26.4314 4.6000
    endloop
  endfacet
  facet normal 0 0 -1
    outer loop
      vertex -6.2114 -19.1166 4.6000
      vertex -29.8228 -26.4314 4.6000
      vertex -31.7417 -24.0933 4.6000
    endloop
  endfacet
  facet normal 0 0 1
    outer loop
      vertex -6.2114 -19.1166 3.2500
      vertex -31.7417 -24.0933 3.2500
      vertex -29.8228 -26.4314 3.2500
    endloop
  endfacet
  facet normal 0.8189016963862852 0.5739338042454587 0
    outer loop
      vertex -31.7417 -24.0933 3.2500
      vertex -33.4777 -21.6163 3.2500
      vertex -33.4777 -21.6163 4.6000
    endloop
  endfacet
  facet normal 0.8189016963862852 0.5739338042454587 0
    outer loop
      vertex -31.7417 -24.0933 3.2500
      vertex -33.4777 -21.6163 4.6000
      vertex -31.7417 -24.0933 4.6000
    endloop
  endfacet
  facet normal 0 0 -1
    outer loop
      vertex -6.2114 -19.1166 4.6000
      vertex -31.7417 -24.0933 4.6000
      vertex -33.4777 -21.6163 4.6000
    endloop
  endfacet
  facet normal 0 0 1
    outer loop
      vertex -6.2114 -19.1166 3.2500
      vertex -33.4777 -21.6163 3.2500
      vertex -31.7417 -24.0933 3.2500
    endloop
  endfacet
  facet normal 0.8600749561101949 0.5101676879929251 0
    outer loop
      vertex -33.4777 -21.6163 3.2500
      vertex -35.0209 -19.0148 3.2500
      vertex -35.0209 -19.0148 4.6000
    endloop
  endfacet
  facet normal 0.8600749561101949 0.5101676879929251 0
    outer loop
      vertex -33.4777 -21.6163 3.2500
      vertex -35.0209 -19.0148 4.6000
      vertex -33.4777 -21.6163 4.6000
    endloop
  endfacet
  facet normal 0 0 -1
    outer loop
      vertex -6.2114 -19.1166 4.6000
      vertex -33.4777 -21.6163 4.6000
      vertex -35.0209 -19.0148 4.6000
    endloop
  endfacet
  facet normal 0 0 1
    outer loop
      vertex -6.2114 -19.1166 3.2500
      vertex -35.0209 -19.0148 3.2500
      vertex -33.4777 -21.6163 3.2500
    endloop
  endfacet
  facet normal 0.8962930187728783 0.4434623146322589 0
    outer loop
      vertex -35.0209 -19.0148 3.2500
      vertex -36.3622 -16.3037 3.2500
      vertex -36.3622 -16.3037 4.6000
    endloop
  endfacet
  facet normal 0.8962930187728783 0.4434623146322589 0
    outer loop
      vertex -35.0209 -19.0148 3.2500
      vertex -36.3622 -16.3037 4.6000
      vertex -35.0209 -19.0148 4.6000
    endloop
  endfacet
  facet normal 0 0 -1
    outer loop
      vertex -6.2114 -19.1166 4.6000
      vertex -35.0209 -19.0148 4.6000
      vertex -36.3622 -16.3037 4.6000
    endloop
  endfacet
  facet normal 0 0 1
    outer loop
      vertex -6.2114 -19.1166 3.2500
      vertex -36.3622 -16.3037 3.2500
      vertex -35.0209 -19.0148 3.2500
    endloop
  endfacet
  facet normal 0.9273472192616117 0.3742019974930068 0
    outer loop
      vertex -36.3622 -16.3037 3.2500
      vertex -37.4941 -13.4987 3.2500
      vertex -37.4941 -13.4987 4.6000
    endloop
  endfacet
  facet normal 0.9273472192616117 0.3742019974930068 0
    outer loop
      vertex -36.3622 -16.3037 3.2500
      vertex -37.4941 -13.4987 4.6000
      vertex -36.3622 -16.3037 4.6000
    endloop
  endfacet
  facet normal 0 0 -1
    outer loop
      vertex -6.2114 -19.1166 4.6000
      vertex -36.3622 -16.3037 4.6000
      vertex -37.4941 -13.4987 4.6000
    endloop
  endfacet
  facet normal 0 0 1
    outer loop
      vertex -6.2114 -19.1166 3.2500
      vertex -37.4941 -13.4987 3.2500
      vertex -36.3622 -16.3037 3.2500
    endloop
  endfacet
  facet normal 0.9530586433062971 0.30278576984257394 0
    outer loop
      vertex -37.4941 -13.4987 3.2500
      vertex -38.4100 -10.6159 3.2500
      vertex -38.4100 -10.6159 4.6000
    endloop
  endfacet
  facet normal 0.9530586433062971 0.30278576984257394 0
    outer loop
      vertex -37.4941 -13.4987 3.2500
      vertex -38.4100 -10.6159 4.6000
      vertex -37.4941 -13.4987 4.6000
    endloop
  endfacet
  facet normal 0 0 -1
    outer loop
      vertex -6.2114 -19.1166 4.6000
      vertex -37.4941 -13.4987 4.6000
      vertex -38.4100 -10.6159 4.6000
    endloop
  endfacet
  facet normal 0 0 1
    outer loop
      vertex -6.2114 -19.1166 3.2500
      vertex -38.4100 -10.6159 3.2500
      vertex -37.4941 -13.4987 3.2500
    endloop
  endfacet
  facet normal 0.9732791582680747 0.22962508591394787 0
    outer loop
      vertex -38.4100 -10.6159 3.2500
      vertex -39.1045 -7.6720 3.2500
      vertex -39.1045 -7.6720 4.6000
    endloop
  endfacet
  facet normal 0.9732791582680747 0.22962508591394787 0
    outer loop
      vertex -38.4100 -10.6159 3.2500
      vertex -39.1045 -7.6720 4.6000
      vertex -38.4100 -10.6159 4.6000
    endloop
  endfacet
  facet normal 0 0 -1
    outer loop
      vertex -6.2114 -19.1166 4.6000
      vertex -38.4100 -10.6159 4.6000
      vertex -39.1045 -7.6720 4.6000
    endloop
  endfacet
  facet normal 0 0 1
    outer loop
      vertex -6.2114 -19.1166 3.2500
      vertex -39.1045 -7.6720 3.2500
      vertex -38.4100 -10.6159 3.2500
    endloop
  endfacet
  facet normal 0.9878922665840262 0.1551414503718321 0
    outer loop
      vertex -39.1045 -7.6720 3.2500
      vertex -39.5738 -4.6839 3.2500
      vertex -39.5738 -4.6839 4.6000
    endloop
  endfacet
  facet normal 0.9878922665840262 0.1551414503718321 0
    outer loop
      vertex -39.1045 -7.6720 3.2500
      vertex -39.5738 -4.6839 4.6000
      vertex -39.1045 -7.6720 4.6000
    endloop
  endfacet
  facet normal 0 0 -1
    outer loop
      vertex -6.2114 -19.1166 4.6000
      vertex -39.1045 -7.6720 4.6000
      vertex -39.5738 -4.6839 4.6000
    endloop
  endfacet
  facet normal 0 0 1
    outer loop
      vertex -6.2114 -19.1166 3.2500
      vertex -39.5738 -4.6839 3.2500
      vertex -39.1045 -7.6720 3.2500
    endloop
  endfacet
  facet normal 0.9968137769509752 0.07976398987470179 0
    outer loop
      vertex -39.5738 -4.6839 3.2500
      vertex -39.8150 -1.6687 3.2500
      vertex -39.8150 -1.6687 4.6000
    endloop
  endfacet
  facet normal 0.9968137769509752 0.07976398987470179 0
    outer loop
      vertex -39.5738 -4.6839 3.2500
      vertex -39.8150 -1.6687 4.6000
      vertex -39.5738 -4.6839 4.6000
    endloop
  endfacet
  facet normal 0 0 -1
    outer loop
      vertex -6.2114 -19.1166 4.6000
      vertex -39.5738 -4.6839 4.6000
      vertex -39.8150 -1.6687 4.6000
    endloop
  endfacet
  facet normal 0 0 1
    outer loop
      vertex -6.2114 -19.1166 3.2500
      vertex -39.8150 -1.6687 3.2500
      vertex -39.5738 -4.6839 3.2500
    endloop
  endfacet
  facet normal 0.9999922893814708 0.003926980723807728 0
    outer loop
      vertex -39.8150 -1.6687 3.2500
      vertex -39.8269 1.3560 3.2500
      vertex -39.8269 1.3560 4.6000
    endloop
  endfacet
  facet normal 0.9999922893814708 0.003926980723807728 0
    outer loop
      vertex -39.8150 -1.6687 3.2500
      vertex -39.8269 1.3560 4.6000
      vertex -39.8150 -1.6687 4.6000
    endloop
  endfacet
  facet normal 0 0 -1
    outer loop
      vertex -6.2114 -19.1166 4.6000
      vertex -39.8150 -1.6687 4.6000
      vertex -39.8269 1.3560 4.6000
    endloop
  endfacet
  facet normal 0 0 1
    outer loop
      vertex -6.2114 -19.1166 3.2500
      vertex -39.8269 1.3560 3.2500
      vertex -39.8150 -1.6687 3.2500
    endloop
  endfacet
  facet normal 0.9974094913373515 -0.07193265315672309 0
    outer loop
      vertex -39.8269 1.3560 3.2500
      vertex -39.6093 4.3729 3.2500
      vertex -39.6093 4.3729 4.6000
    endloop
  endfacet
  facet normal 0.9974094913373515 -0.07193265315672309 0
    outer loop
      vertex -39.8269 1.3560 3.2500
      vertex -39.6093 4.3729 4.6000
      vertex -39.8269 1.3560 4.6000
    endloop
  endfacet
  facet normal 0 0 -1
    outer loop
      vertex -6.2114 -19.1166 4.6000
      vertex -39.8269 1.3560 4.6000
      vertex -39.6093 4.3729 4.6000
    endloop
  endfacet
  facet normal 0 0 1
    outer loop
      vertex -6.2114 -19.1166 3.2500
      vertex -39.6093 4.3729 3.2500
      vertex -39.8269 1.3560 3.2500
    endloop
  endfacet
  facet normal 0.9890802632347819 -0.14737785749363605 0
    outer loop
      vertex -39.6093 4.3729 3.2500
      vertex -39.1636 7.3646 3.2500
      vertex -39.1636 7.3646 4.6000
    endloop
  endfacet
  facet normal 0.9890802632347819 -0.14737785749363605 0
    outer loop
      vertex -39.6093 4.3729 3.2500
      vertex -39.1636 7.3646 4.6000
      vertex -39.6093 4.3729 4.6000
    endloop
  endfacet
  facet normal 0 0 -1
    outer loop
      vertex -6.2114 -19.1166 4.6000
      vertex -39.6093 4.3729 4.6000
      vertex -39.1636 7.3646 4.6000
    endloop
  endfacet
  facet normal 0 0 1
    outer loop
      vertex -6.2114 -19.1166 3.2500
      vertex -39.1636 7.3646 3.2500
      vertex -39.6093 4.3729 3.2500
    endloop
  endfacet
  facet normal 0.9750525927128865 -0.22197396568939742 0
    outer loop
      vertex -39.1636 7.3646 3.2500
      vertex -38.4921 10.3139 3.2500
      vertex -38.4921 10.3139 4.6000
    endloop
  endfacet
  facet normal 0.9750525927128865 -0.22197396568939742 0
    outer loop
      vertex -39.1636 7.3646 3.2500
      vertex -38.4921 10.3139 4.6000
      vertex -39.1636 7.3646 4.6000
    endloop
  endfacet
  facet normal 0 0 -1
    outer loop
      vertex -6.2114 -19.1166 4.6000
      vertex -39.1636 7.3646 4.6000
      vertex -38.4921 10.3139 4.6000
    endloop
  endfacet
  facet normal 0 0 1
    outer loop
      vertex -6.2114 -19.1166 3.2500
      vertex -38.4921 10.3139 3.2500
      vertex -39.1636 7.3646 3.2500
    endloop
  endfacet
  facet normal 0.95540729815994 -0.29529120309065005 0
    outer loop
      vertex -38.4921 10.3139 3.2500
      vertex -37.5990 13.2038 3.2500
      vertex -37.5990 13.2038 4.6000
    endloop
  endfacet
  facet normal 0.95540729815994 -0.29529120309065005 0
    outer loop
      vertex -38.4921 10.3139 3.2500
      vertex -37.5990 13.2038 4.6000
      vertex -38.4921 10.3139 4.6000
    endloop
  endfacet
  facet normal 0 0 -1
    outer loop
      vertex -6.2114 -19.1166 4.6000
      vertex -38.4921 10.3139 4.6000
      vertex -37.5990 13.2038 4.6000
    endloop
  endfacet
  facet normal 0 0 1
    outer loop
      vertex -6.2114 -19.1166 3.2500
      vertex -37.5990 13.2038 3.2500
      vertex -38.4921 10.3139 3.2500
    endloop
  endfacet
  facet normal 0.9302575630899387 -0.36690716307258003 0
    outer loop
      vertex -37.5990 13.2038 3.2500
      vertex -36.4892 16.0176 3.2500
      vertex -36.4892 16.0176 4.6000
    endloop
  endfacet
  facet normal 0.9302575630899387 -0.36690716307258003 0
    outer loop
      vertex -37.5990 13.2038 3.2500
      vertex -36.4892 16.0176 4.6000
      vertex -37.5990 13.2038 4.6000
    endloop
  endfacet
  facet normal 0 0 -1
    outer loop
      vertex -6.2114 -19.1166 4.6000
      vertex -37.5990 13.2038 4.6000
      vertex -36.4892 16.0176 4.6000
    endloop
  endfacet
  facet normal 0 0 1
    outer loop
      vertex -6.2114 -19.1166 3.2500
      vertex -36.4892 16.0176 3.2500
      vertex -37.5990 13.2038 3.2500
    endloop
  endfacet
  facet normal 0.8997482840522217 -0.4364092406733413 0
    outer loop
      vertex -36.4892 16.0176 3.2500
      vertex -35.1691 18.7391 3.2500
      vertex -35.1691 18.7391 4.6000
    endloop
  endfacet
  facet normal 0.8997482840522217 -0.4364092406733413 0
    outer loop
      vertex -36.4892 16.0176 3.2500
      vertex -35.1691 18.7391 4.6000
      vertex -36.4892 16.0176 4.6000
    endloop
  endfacet
  facet normal 0 0 -1
    outer loop
      vertex -6.2114 -19.1166 4.6000
      vertex -36.4892 16.0176 4.6000
      vertex -35.1691 18.7391 4.6000
    endloop
  endfacet
  facet normal 0 0 1
    outer loop
      vertex -6.2114 -19.1166 3.2500
      vertex -35.1691 18.7391 3.2500
      vertex -36.4892 16.0176 3.2500
    endloop
  endfacet
  facet normal 0.8641582294604333 -0.5032201848652427 0
    outer loop
      vertex -35.1691 18.7391 3.2500
      vertex -33.6632 21.3251 3.2500
      vertex -33.6632 21.3251 4.6000
    endloop
  endfacet
  facet normal 0.8641582294604333 -0.5032201848652427 0
    outer loop
      vertex -35.1691 18.7391 3.2500
      vertex -33.6632 21.3251 4.6000
      vertex -35.1691 18.7391 4.6000
    endloop
  endfacet
  facet normal 0 0 -1
    outer loop
      vertex -6.2114 -19.1166 4.6000
      vertex -35.1691 18.7391 4.6000
      vertex -33.6632 21.3251 4.6000
    endloop
  endfacet
  facet normal 0 0 1
    outer loop
      vertex -6.2114 -19.1166 3.2500
      vertex -33.6632 21.3251 3.2500
      vertex -35.1691 18.7391 3.2500
    endloop
  endfacet
  facet normal -0.5033970097577241 -0.8640552358310098 0
    outer loop
      vertex -33.6632 21.3251 3.2500
      vertex -32.1943 20.4694 3.2500
      vertex -32.1943 20.4694 4.6000
    endloop
  endfacet
  facet normal -0.5033970097577241 -0.8640552358310098 0
    outer loop
      vertex -33.6632 21.3251 3.2500
      vertex -32.1943 20.4694 4.6000
      vertex -33.6632 21.3251 4.6000
    endloop
  endfacet
  facet normal 0 0 -1
    outer loop
      vertex -6.2114 -19.1166 4.6000
      vertex -33.6632 21.3251 4.6000
      vertex -32.1943 20.4694 4.6000
    endloop
  endfacet
  facet normal 0 0 1
    outer loop
      vertex -6.2114 -19.1166 3.2500
      vertex -32.1943 20.4694 3.2500
      vertex -33.6632 21.3251 3.2500
    endloop
  endfacet
  facet normal 0.9649190322207859 0.26254763616932836 0
    outer loop
      vertex 44.9568 6.2480 3.2500
      vertex 44.6421 7.4046 3.2500
      vertex 44.6421 7.4046 4.6000
    endloop
  endfacet
  facet normal 0.9649190322207859 0.26254763616932836 0
    outer loop
      vertex 44.9568 6.2480 3.2500
      vertex 44.6421 7.4046 4.6000
      vertex 44.9568 6.2480 4.6000
    endloop
  endfacet
  facet normal 0 0 1
    outer loop
      vertex 27.6899 27.2300 4.6000
      vertex 44.9568 6.2480 4.6000
      vertex 44.6421 7.4046 4.6000
    endloop
  endfacet
  facet normal 0 0 -1
    outer loop
      vertex 27.6899 27.2300 3.2500
      vertex 44.6421 7.4046 3.2500
      vertex 44.9568 6.2480 3.2500
    endloop
  endfacet
  facet normal 0.9569403357322086 0.29028467725446255 0
    outer loop
      vertex 44.6421 7.4046 3.2500
      vertex 44.2973 8.5414 3.2500
      vertex 44.2973 8.5414 4.6000
    endloop
  endfacet
  facet normal 0.9569403357322086 0.29028467725446255 0
    outer loop
      vertex 44.6421 7.4046 3.2500
      vertex 44.2973 8.5414 4.6000
      vertex 44.6421 7.4046 4.6000
    endloop
  endfacet
  facet normal 0 0 1
    outer loop
      vertex 27.6899 27.2300 4.6000
      vertex 44.6421 7.4046 4.6000
      vertex 44.2973 8.5414 4.6000
    endloop
  endfacet
  facet normal 0 0 -1
    outer loop
      vertex 27.6899 27.2300 3.2500
      vertex 44.2973 8.5414 3.2500
      vertex 44.6421 7.4046 3.2500
    endloop
  endfacet
  facet normal 0.9481851146622194 0.31771841044074534 0
    outer loop
      vertex 44.2973 8.5414 3.2500
      vertex 43.9199 9.6677 3.2500
      vertex 43.9199 9.6677 4.6000
    endloop
  endfacet
  facet normal 0.9481851146622194 0.31771841044074534 0
    outer loop
      vertex 44.2973 8.5414 3.2500
      vertex 43.9199 9.6677 4.6000
      vertex 44.2973 8.5414 4.6000
    endloop
  endfacet
  facet normal 0 0 1
    outer loop
      vertex 27.6899 27.2300 4.6000
      vertex 44.2973 8.5414 4.6000
      vertex 43.9199 9.6677 4.6000
    endloop
  endfacet
  facet normal 0 0 -1
    outer loop
      vertex 27.6899 27.2300 3.2500
      vertex 43.9199 9.6677 3.2500
      vertex 44.2973 8.5414 3.2500
    endloop
  endfacet
  facet normal 0.9386435981787058 0.34488867131022494 0
    outer loop
      vertex 43.9199 9.6677 3.2500
      vertex 43.5102 10.7827 3.2500
      vertex 43.5102 10.7827 4.6000
    endloop
  endfacet
  facet normal 0.9386435981787058 0.34488867131022494 0
    outer loop
      vertex 43.9199 9.6677 3.2500
      vertex 43.5102 10.7827 4.6000
      vertex 43.9199 9.6677 4.6000
    endloop
  endfacet
  facet normal 0 0 1
    outer loop
      vertex 27.6899 27.2300 4.6000
      vertex 43.9199 9.6677 4.6000
      vertex 43.5102 10.7827 4.6000
    endloop
  endfacet
  facet normal 0 0 -1
    outer loop
      vertex 27.6899 27.2300 3.2500
      vertex 43.5102 10.7827 3.2500
      vertex 43.9199 9.6677 3.2500
    endloop
  endfacet
  facet normal 0.9283236987140998 0.3717729285542092 0
    outer loop
      vertex 43.5102 10.7827 3.2500
      vertex 43.0686 11.8854 3.2500
      vertex 43.0686 11.8854 4.6000
    endloop
  endfacet
  facet normal 0.9283236987140998 0.3717729285542092 0
    outer loop
      vertex 43.5102 10.7827 3.2500
      vertex 43.0686 11.8854 4.6000
      vertex 43.5102 10.7827 4.6000
    endloop
  endfacet
  facet normal 0 0 1
    outer loop
      vertex 27.6899 27.2300 4.6000
      vertex 43.5102 10.7827 4.6000
      vertex 43.0686 11.8854 4.6000
    endloop
  endfacet
  facet normal 0 0 -1
    outer loop
      vertex 27.6899 27.2300 3.2500
      vertex 43.0686 11.8854 3.2500
      vertex 43.5102 10.7827 3.2500
    endloop
  endfacet
  facet normal 0.9172339741855057 0.3983488880364338 0
    outer loop
      vertex 43.0686 11.8854 3.2500
      vertex 42.5954 12.9750 3.2500
      vertex 42.5954 12.9750 4.6000
    endloop
  endfacet
  facet normal 0.9172339741855057 0.3983488880364338 0
    outer loop
      vertex 43.0686 11.8854 3.2500
      vertex 42.5954 12.9750 4.6000
      vertex 43.0686 11.8854 4.6000
    endloop
  endfacet
  facet normal 0 0 1
    outer loop
      vertex 27.6899 27.2300 4.6000
      vertex 43.0686 11.8854 4.6000
      vertex 42.5954 12.9750 4.6000
    endloop
  endfacet
  facet normal 0 0 -1
    outer loop
      vertex 27.6899 27.2300 3.2500
      vertex 42.5954 12.9750 3.2500
      vertex 43.0686 11.8854 3.2500
    endloop
  endfacet
  facet normal 0.9053836208979581 0.42459451128070724 0
    outer loop
      vertex 42.5954 12.9750 3.2500
      vertex 42.0910 14.0504 3.2500
      vertex 42.0910 14.0504 4.6000
    endloop
  endfacet
  facet normal 0.9053836208979581 0.42459451128070724 0
    outer loop
      vertex 42.5954 12.9750 3.2500
      vertex 42.0910 14.0504 4.6000
      vertex 42.5954 12.9750 4.6000
    endloop
  endfacet
  facet normal 0 0 1
    outer loop
      vertex 27.6899 27.2300 4.6000
      vertex 42.5954 12.9750 4.6000
      vertex 42.0910 14.0504 4.6000
    endloop
  endfacet
  facet normal 0 0 -1
    outer loop
      vertex 27.6899 27.2300 3.2500
      vertex 42.0910 14.0504 3.2500
      vertex 42.5954 12.9750 3.2500
    endloop
  endfacet
  facet normal 0.8927824659182182 0.4504880337467192 0
    outer loop
      vertex 42.0910 14.0504 3.2500
      vertex 41.5559 15.1110 3.2500
      vertex 41.5559 15.1110 4.6000
    endloop
  endfacet
  facet normal 0.8927824659182182 0.4504880337467192 0
    outer loop
      vertex 42.0910 14.0504 3.2500
      vertex 41.5559 15.1110 4.6000
      vertex 42.0910 14.0504 4.6000
    endloop
  endfacet
  facet normal 0 0 1
    outer loop
      vertex 27.6899 27.2300 4.6000
      vertex 42.0910 14.0504 4.6000
      vertex 41.5559 15.1110 4.6000
    endloop
  endfacet
  facet normal 0 0 -1
    outer loop
      vertex 27.6899 27.2300 3.2500
      vertex 41.5559 15.1110 3.2500
      vertex 42.0910 14.0504 3.2500
    endloop
  endfacet
  facet normal 0.8794409589256048 0.476007982878452 0
    outer loop
      vertex 41.5559 15.1110 3.2500
      vertex 40.9905 16.1556 3.2500
      vertex 40.9905 16.1556 4.6000
    endloop
  endfacet
  facet normal 0.8794409589256048 0.476007982878452 0
    outer loop
      vertex 41.5559 15.1110 3.2500
      vertex 40.9905 16.1556 4.6000
      vertex 41.5559 15.1110 4.6000
    endloop
  endfacet
  facet normal 0 0 1
    outer loop
      vertex 27.6899 27.2300 4.6000
      vertex 41.5559 15.1110 4.6000
      vertex 40.9905 16.1556 4.6000
    endloop
  endfacet
  facet normal 0 0 -1
    outer loop
      vertex 27.6899 27.2300 3.2500
      vertex 40.9905 16.1556 3.2500
      vertex 41.5559 15.1110 3.2500
    endloop
  endfacet
  facet normal 0.8653701635463885 0.5011331959107246 0
    outer loop
      vertex 40.9905 16.1556 3.2500
      vertex 40.3952 17.1836 3.2500
      vertex 40.3952 17.1836 4.6000
    endloop
  endfacet
  facet normal 0.8653701635463885 0.5011331959107246 0
    outer loop
      vertex 40.9905 16.1556 3.2500
      vertex 40.3952 17.1836 4.6000
      vertex 40.9905 16.1556 4.6000
    endloop
  endfacet
  facet normal 0 0 1
    outer loop
      vertex 27.6899 27.2300 4.6000
      vertex 40.9905 16.1556 4.6000
      vertex 40.3952 17.1836 4.6000
    endloop
  endfacet
  facet normal 0 0 -1
    outer loop
      vertex 27.6899 27.2300 3.2500
      vertex 40.3952 17.1836 3.2500
      vertex 40.9905 16.1556 3.2500
    endloop
  endfacet
  facet normal 0.8505817481791874 0.5258428374185936 0
    outer loop
      vertex 40.3952 17.1836 3.2500
      vertex 39.7705 18.1940 3.2500
      vertex 39.7705 18.1940 4.6000
    endloop
  endfacet
  facet normal 0.8505817481791874 0.5258428374185936 0
    outer loop
      vertex 40.3952 17.1836 3.2500
      vertex 39.7705 18.1940 4.6000
      vertex 40.3952 17.1836 4.6000
    endloop
  endfacet
  facet normal 0 0 1
    outer loop
      vertex 27.6899 27.2300 4.6000
      vertex 40.3952 17.1836 4.6000
      vertex 39.7705 18.1940 4.6000
    endloop
  endfacet
  facet normal 0 0 -1
    outer loop
      vertex 27.6899 27.2300 3.2500
      vertex 39.7705 18.1940 3.2500
      vertex 40.3952 17.1836 3.2500
    endloop
  endfacet
  facet normal 0.8350879763187438 0.5501164165954925 0
    outer loop
      vertex 39.7705 18.1940 3.2500
      vertex 39.1171 19.1859 3.2500
      vertex 39.1171 19.1859 4.6000
    endloop
  endfacet
  facet normal 0.8350879763187438 0.5501164165954925 0
    outer loop
      vertex 39.7705 18.1940 3.2500
      vertex 39.1171 19.1859 4.6000
      vertex 39.7705 18.1940 4.6000
    endloop
  endfacet
  facet normal 0 0 1
    outer loop
      vertex 27.6899 27.2300 4.6000
      vertex 39.7705 18.1940 4.6000
      vertex 39.1171 19.1859 4.6000
    endloop
  endfacet
  facet normal 0 0 -1
    outer loop
      vertex 27.6899 27.2300 3.2500
      vertex 39.1171 19.1859 3.2500
      vertex 39.7705 18.1940 3.2500
    endloop
  endfacet
  facet normal 0.8189016963862867 0.5739338042454564 0
    outer loop
      vertex 39.1171 19.1859 3.2500
      vertex 38.4353 20.1587 3.2500
      vertex 38.4353 20.1587 4.6000
    endloop
  endfacet
  facet normal 0.8189016963862867 0.5739338042454564 0
    outer loop
      vertex 39.1171 19.1859 3.2500
      vertex 38.4353 20.1587 4.6000
      vertex 39.1171 19.1859 4.6000
    endloop
  endfacet
  facet normal 0 0 1
    outer loop
      vertex 27.6899 27.2300 4.6000
      vertex 39.1171 19.1859 4.6000
      vertex 38.4353 20.1587 4.6000
    endloop
  endfacet
  facet normal 0 0 -1
    outer loop
      vertex 27.6899 27.2300 3.2500
      vertex 38.4353 20.1587 3.2500
      vertex 39.1171 19.1859 3.2500
    endloop
  endfacet
  facet normal 0.8020363310747783 0.5972752494755735 0
    outer loop
      vertex 38.4353 20.1587 3.2500
      vertex 37.7258 21.1114 3.2500
      vertex 37.7258 21.1114 4.6000
    endloop
  endfacet
  facet normal 0.8020363310747783 0.5972752494755735 0
    outer loop
      vertex 38.4353 20.1587 3.2500
      vertex 37.7258 21.1114 4.6000
      vertex 38.4353 20.1587 4.6000
    endloop
  endfacet
  facet normal 0 0 1
    outer loop
      vertex 27.6899 27.2300 4.6000
      vertex 38.4353 20.1587 4.6000
      vertex 37.7258 21.1114 4.6000
    endloop
  endfacet
  facet normal 0 0 -1
    outer loop
      vertex 27.6899 27.2300 3.2500
      vertex 37.7258 21.1114 3.2500
      vertex 38.4353 20.1587 3.2500
    endloop
  endfacet
  facet normal 0.7845058662180008 0.620121396074627 0
    outer loop
      vertex 37.7258 21.1114 3.2500
      vertex 36.9892 22.0433 3.2500
      vertex 36.9892 22.0433 4.6000
    endloop
  endfacet
  facet normal 0.7845058662180008 0.620121396074627 0
    outer loop
      vertex 37.7258 21.1114 3.2500
      vertex 36.9892 22.0433 4.6000
      vertex 37.7258 21.1114 4.6000
    endloop
  endfacet
  facet normal 0 0 1
    outer loop
      vertex 27.6899 27.2300 4.6000
      vertex 37.7258 21.1114 4.6000
      vertex 36.9892 22.0433 4.6000
    endloop
  endfacet
  facet normal 0 0 -1
    outer loop
      vertex 27.6899 27.2300 3.2500
      vertex 36.9892 22.0433 3.2500
      vertex 37.7258 21.1114 3.2500
    endloop
  endfacet
  facet normal 0.766324839192559 0.6424532985645716 0
    outer loop
      vertex 36.9892 22.0433 3.2500
      vertex 36.2260 22.9536 3.2500
      vertex 36.2260 22.9536 4.6000
    endloop
  endfacet
  facet normal 0.766324839192559 0.6424532985645716 0
    outer loop
      vertex 36.9892 22.0433 3.2500
      vertex 36.2260 22.9536 4.6000
      vertex 36.9892 22.0433 4.6000
    endloop
  endfacet
  facet normal 0 0 1
    outer loop
      vertex 27.6899 27.2300 4.6000
      vertex 36.9892 22.0433 4.6000
      vertex 36.2260 22.9536 4.6000
    endloop
  endfacet
  facet normal 0 0 -1
    outer loop
      vertex 27.6899 27.2300 3.2500
      vertex 36.2260 22.9536 3.2500
      vertex 36.9892 22.0433 3.2500
    endloop
  endfacet
  facet normal 0.7475083268625974 0.6642524379112812 0
    outer loop
      vertex 36.2260 22.9536 3.2500
      vertex 35.4370 23.8415 3.2500
      vertex 35.4370 23.8415 4.6000
    endloop
  endfacet
  facet normal 0.7475083268625974 0.6642524379112812 0
    outer loop
      vertex 36.2260 22.9536 3.2500
      vertex 35.4370 23.8415 4.6000
      vertex 36.2260 22.9536 4.6000
    endloop
  endfacet
  facet normal 0 0 1
    outer loop
      vertex 27.6899 27.2300 4.6000
      vertex 36.2260 22.9536 4.6000
      vertex 35.4370 23.8415 4.6000
    endloop
  endfacet
  facet normal 0 0 -1
    outer loop
      vertex 27.6899 27.2300 3.2500
      vertex 35.4370 23.8415 3.2500
      vertex 36.2260 22.9536 3.2500
    endloop
  endfacet
  facet normal 0.7280719330771143 0.6855007368817003 0
    outer loop
      vertex 35.4370 23.8415 3.2500
      vertex 34.6227 24.7064 3.2500
      vertex 34.6227 24.7064 4.6000
    endloop
  endfacet
  facet normal 0.7280719330771143 0.6855007368817003 0
    outer loop
      vertex 35.4370 23.8415 3.2500
      vertex 34.6227 24.7064 4.6000
      vertex 35.4370 23.8415 4.6000
    endloop
  endfacet
  facet normal 0 0 1
    outer loop
      vertex 27.6899 27.2300 4.6000
      vertex 35.4370 23.8415 4.6000
      vertex 34.6227 24.7064 4.6000
    endloop
  endfacet
  facet normal 0 0 -1
    outer loop
      vertex 27.6899 27.2300 3.2500
      vertex 34.6227 24.7064 3.2500
      vertex 35.4370 23.8415 3.2500
    endloop
  endfacet
  facet normal 0.708031775730236 0.7061805750346641 0
    outer loop
      vertex 34.6227 24.7064 3.2500
      vertex 33.7839 25.5475 3.2500
      vertex 33.7839 25.5475 4.6000
    endloop
  endfacet
  facet normal 0.708031775730236 0.7061805750346641 0
    outer loop
      vertex 34.6227 24.7064 3.2500
      vertex 33.7839 25.5475 4.6000
      vertex 34.6227 24.7064 4.6000
    endloop
  endfacet
  facet normal 0 0 1
    outer loop
      vertex 27.6899 27.2300 4.6000
      vertex 34.6227 24.7064 4.6000
      vertex 33.7839 25.5475 4.6000
    endloop
  endfacet
  facet normal 0 0 -1
    outer loop
      vertex 27.6899 27.2300 3.2500
      vertex 33.7839 25.5475 3.2500
      vertex 34.6227 24.7064 3.2500
    endloop
  endfacet
  facet normal 0.6874044733952291 0.7262748033328899 0
    outer loop
      vertex 33.7839 25.5475 3.2500
      vertex 32.9211 26.3640 3.2500
      vertex 32.9211 26.3640 4.6000
    endloop
  endfacet
  facet normal 0.6874044733952291 0.7262748033328899 0
    outer loop
      vertex 33.7839 25.5475 3.2500
      vertex 32.9211 26.3640 4.6000
      vertex 33.7839 25.5475 4.6000
    endloop
  endfacet
  facet normal 0 0 1
    outer loop
      vertex 27.6899 27.2300 4.6000
      vertex 33.7839 25.5475 4.6000
      vertex 32.9211 26.3640 4.6000
    endloop
  endfacet
  facet normal 0 0 -1
    outer loop
      vertex 27.6899 27.2300 3.2500
      vertex 32.9211 26.3640 3.2500
      vertex 33.7839 25.5475 3.2500
    endloop
  endfacet
  facet normal 0.6662071315433623 0.745766758364011 0
    outer loop
      vertex 32.9211 26.3640 3.2500
      vertex 32.0353 27.1554 3.2500
      vertex 32.0353 27.1554 4.6000
    endloop
  endfacet
  facet normal 0.6662071315433623 0.745766758364011 0
    outer loop
      vertex 32.9211 26.3640 3.2500
      vertex 32.0353 27.1554 4.6000
      vertex 32.9211 26.3640 4.6000
    endloop
  endfacet
  facet normal 0 0 1
    outer loop
      vertex 27.6899 27.2300 4.6000
      vertex 32.9211 26.3640 4.6000
      vertex 32.0353 27.1554 4.6000
    endloop
  endfacet
  facet normal 0 0 -1
    outer loop
      vertex 27.6899 27.2300 3.2500
      vertex 32.0353 27.1554 3.2500
      vertex 32.9211 26.3640 3.2500
    endloop
  endfacet
  facet normal 0.6444573283588977 0.7646402761590001 0
    outer loop
      vertex 32.0353 27.1554 3.2500
      vertex 31.1270 27.9209 3.2500
      vertex 31.1270 27.9209 4.6000
    endloop
  endfacet
  facet normal 0.6444573283588977 0.7646402761590001 0
    outer loop
      vertex 32.0353 27.1554 3.2500
      vertex 31.1270 27.9209 4.6000
      vertex 32.0353 27.1554 4.6000
    endloop
  endfacet
  facet normal 0 0 1
    outer loop
      vertex 27.6899 27.2300 4.6000
      vertex 32.0353 27.1554 4.6000
      vertex 31.1270 27.9209 4.6000
    endloop
  endfacet
  facet normal 0 0 -1
    outer loop
      vertex 27.6899 27.2300 3.2500
      vertex 31.1270 27.9209 3.2500
      vertex 32.0353 27.1554 3.2500
    endloop
  endfacet
  facet normal 0.6221731001622008 0.7828797055963043 0
    outer loop
      vertex 31.1270 27.9209 3.2500
      vertex 30.1970 28.6600 3.2500
      vertex 30.1970 28.6600 4.6000
    endloop
  endfacet
  facet normal 0.6221731001622008 0.7828797055963043 0
    outer loop
      vertex 31.1270 27.9209 3.2500
      vertex 30.1970 28.6600 4.6000
      vertex 31.1270 27.9209 4.6000
    endloop
  endfacet
  facet normal 0 0 1
    outer loop
      vertex 27.6899 27.2300 4.6000
      vertex 31.1270 27.9209 4.6000
      vertex 30.1970 28.6600 4.6000
    endloop
  endfacet
  facet normal 0 0 -1
    outer loop
      vertex 27.6899 27.2300 3.2500
      vertex 30.1970 28.6600 3.2500
      vertex 31.1270 27.9209 3.2500
    endloop
  endfacet
  facet normal 0.5993729264528577 0.8004699213807708 0
    outer loop
      vertex 30.1970 28.6600 3.2500
      vertex 29.2461 29.3720 3.2500
      vertex 29.2461 29.3720 4.6000
    endloop
  endfacet
  facet normal 0.5993729264528577 0.8004699213807708 0
    outer loop
      vertex 30.1970 28.6600 3.2500
      vertex 29.2461 29.3720 4.6000
      vertex 30.1970 28.6600 4.6000
    endloop
  endfacet
  facet normal 0 0 1
    outer loop
      vertex 27.6899 27.2300 4.6000
      vertex 30.1970 28.6600 4.6000
      vertex 29.2461 29.3720 4.6000
    endloop
  endfacet
  facet normal 0 0 -1
    outer loop
      vertex 27.6899 27.2300 3.2500
      vertex 29.2461 29.3720 3.2500
      vertex 30.1970 28.6600 3.2500
    endloop
  endfacet
  facet normal 0.5760757145852746 0.8173963365865211 0
    outer loop
      vertex 29.2461 29.3720 3.2500
      vertex 28.2752 30.0563 3.2500
      vertex 28.2752 30.0563 4.6000
    endloop
  endfacet
  facet normal 0.5760757145852746 0.8173963365865211 0
    outer loop
      vertex 29.2461 29.3720 3.2500
      vertex 28.2752 30.0563 4.6000
      vertex 29.2461 29.3720 4.6000
    endloop
  endfacet
  facet normal 0 0 1
    outer loop
      vertex 27.6899 27.2300 4.6000
      vertex 29.2461 29.3720 4.6000
      vertex 28.2752 30.0563 4.6000
    endloop
  endfacet
  facet normal 0 0 -1
    outer loop
      vertex 27.6899 27.2300 3.2500
      vertex 28.2752 30.0563 3.2500
      vertex 29.2461 29.3720 3.2500
    endloop
  endfacet
  facet normal 0.5523007840895268 0.8336449147533342 0
    outer loop
      vertex 28.2752 30.0563 3.2500
      vertex 27.2849 30.7123 3.2500
      vertex 27.2849 30.7123 4.6000
    endloop
  endfacet
  facet normal 0.5523007840895268 0.8336449147533342 0
    outer loop
      vertex 28.2752 30.0563 3.2500
      vertex 27.2849 30.7123 4.6000
      vertex 28.2752 30.0563 4.6000
    endloop
  endfacet
  facet normal 0 0 1
    outer loop
      vertex 27.6899 27.2300 4.6000
      vertex 28.2752 30.0563 4.6000
      vertex 27.2849 30.7123 4.6000
    endloop
  endfacet
  facet normal 0 0 -1
    outer loop
      vertex 27.6899 27.2300 3.2500
      vertex 27.2849 30.7123 3.2500
      vertex 28.2752 30.0563 3.2500
    endloop
  endfacet
  facet normal 0.5280678506503669 0.8492021815265794 0
    outer loop
      vertex 27.2849 30.7123 3.2500
      vertex 26.2762 31.3396 3.2500
      vertex 26.2762 31.3396 4.6000
    endloop
  endfacet
  facet normal 0.5280678506503669 0.8492021815265794 0
    outer loop
      vertex 27.2849 30.7123 3.2500
      vertex 26.2762 31.3396 4.6000
      vertex 27.2849 30.7123 4.6000
    endloop
  endfacet
  facet normal 0 0 1
    outer loop
      vertex 27.6899 27.2300 4.6000
      vertex 27.2849 30.7123 4.6000
      vertex 26.2762 31.3396 4.6000
    endloop
  endfacet
  facet normal 0 0 -1
    outer loop
      vertex 27.6899 27.2300 3.2500
      vertex 26.2762 31.3396 3.2500
      vertex 27.2849 30.7123 3.2500
    endloop
  endfacet
  facet normal 0.503397009757723 0.8640552358310104 0
    outer loop
      vertex 26.2762 31.3396 3.2500
      vertex 25.2498 31.9376 3.2500
      vertex 25.2498 31.9376 4.6000
    endloop
  endfacet
  facet normal 0.503397009757723 0.8640552358310104 0
    outer loop
      vertex 26.2762 31.3396 3.2500
      vertex 25.2498 31.9376 4.6000
      vertex 26.2762 31.3396 4.6000
    endloop
  endfacet
  facet normal 0 0 1
    outer loop
      vertex 27.6899 27.2300 4.6000
      vertex 26.2762 31.3396 4.6000
      vertex 25.2498 31.9376 4.6000
    endloop
  endfacet
  facet normal 0 0 -1
    outer loop
      vertex 27.6899 27.2300 3.2500
      vertex 25.2498 31.9376 3.2500
      vertex 26.2762 31.3396 3.2500
    endloop
  endfacet
  facet normal 0.47830872004223657 0.8781917605691579 0
    outer loop
      vertex 25.2498 31.9376 3.2500
      vertex 24.2066 32.5057 3.2500
      vertex 24.2066 32.5057 4.6000
    endloop
  endfacet
  facet normal 0.47830872004223657 0.8781917605691579 0
    outer loop
      vertex 25.2498 31.9376 3.2500
      vertex 24.2066 32.5057 4.6000
      vertex 25.2498 31.9376 4.6000
    endloop
  endfacet
  facet normal 0 0 1
    outer loop
      vertex 27.6899 27.2300 4.6000
      vertex 25.2498 31.9376 4.6000
      vertex 24.2066 32.5057 4.6000
    endloop
  endfacet
  facet normal 0 0 -1
    outer loop
      vertex 27.6899 27.2300 3.2500
      vertex 24.2066 32.5057 3.2500
      vertex 25.2498 31.9376 3.2500
    endloop
  endfacet
  facet normal 0.45282378630966025 0.8916000328354542 0
    outer loop
      vertex 24.2066 32.5057 3.2500
      vertex 23.1475 33.0436 3.2500
      vertex 23.1475 33.0436 4.6000
    endloop
  endfacet
  facet normal 0.45282378630966025 0.8916000328354542 0
    outer loop
      vertex 24.2066 32.5057 3.2500
      vertex 23.1475 33.0436 4.6000
      vertex 24.2066 32.5057 4.6000
    endloop
  endfacet
  facet normal 0 0 1
    outer loop
      vertex 27.6899 27.2300 4.6000
      vertex 24.2066 32.5057 4.6000
      vertex 23.1475 33.0436 4.6000
    endloop
  endfacet
  facet normal 0 0 -1
    outer loop
      vertex 27.6899 27.2300 3.2500
      vertex 23.1475 33.0436 3.2500
      vertex 24.2066 32.5057 3.2500
    endloop
  endfacet
  facet normal 0.4269633422882212 0.9042689336375941 0
    outer loop
      vertex 23.1475 33.0436 3.2500
      vertex 22.0733 33.5508 3.2500
      vertex 22.0733 33.5508 4.6000
    endloop
  endfacet
  facet normal 0.4269633422882212 0.9042689336375941 0
    outer loop
      vertex 23.1475 33.0436 3.2500
      vertex 22.0733 33.5508 4.6000
      vertex 23.1475 33.0436 4.6000
    endloop
  endfacet
  facet normal 0 0 1
    outer loop
      vertex 27.6899 27.2300 4.6000
      vertex 23.1475 33.0436 4.6000
      vertex 22.0733 33.5508 4.6000
    endloop
  endfacet
  facet normal 0 0 -1
    outer loop
      vertex 27.6899 27.2300 3.2500
      vertex 22.0733 33.5508 3.2500
      vertex 23.1475 33.0436 3.2500
    endloop
  endfacet
  facet normal 0.40074883310314846 0.9161879571171326 0
    outer loop
      vertex 22.0733 33.5508 3.2500
      vertex 20.9850 34.0269 3.2500
      vertex 20.9850 34.0269 4.6000
    endloop
  endfacet
  facet normal 0.40074883310314846 0.9161879571171326 0
    outer loop
      vertex 22.0733 33.5508 3.2500
      vertex 20.9850 34.0269 4.6000
      vertex 22.0733 33.5508 4.6000
    endloop
  endfacet
  facet normal 0 0 1
    outer loop
      vertex 27.6899 27.2300 4.6000
      vertex 22.0733 33.5508 4.6000
      vertex 20.9850 34.0269 4.6000
    endloop
  endfacet
  facet normal 0 0 -1
    outer loop
      vertex 27.6899 27.2300 3.2500
      vertex 20.9850 34.0269 3.2500
      vertex 22.0733 33.5508 3.2500
    endloop
  endfacet
  facet normal 0.3742019974930043 0.9273472192616128 0
    outer loop
      vertex 20.9850 34.0269 3.2500
      vertex 19.8834 34.4714 3.2500
      vertex 19.8834 34.4714 4.6000
    endloop
  endfacet
  facet normal 0.3742019974930043 0.9273472192616128 0
    outer loop
      vertex 20.9850 34.0269 3.2500
      vertex 19.8834 34.4714 4.6000
      vertex 20.9850 34.0269 4.6000
    endloop
  endfacet
  facet normal 0 0 1
    outer loop
      vertex 27.6899 27.2300 4.6000
      vertex 20.9850 34.0269 4.6000
      vertex 19.8834 34.4714 4.6000
    endloop
  endfacet
  facet normal 0 0 -1
    outer loop
      vertex 27.6899 27.2300 3.2500
      vertex 19.8834 34.4714 3.2500
      vertex 20.9850 34.0269 3.2500
    endloop
  endfacet
  facet normal 0.34734484978261804 0.9377374661009821 0
    outer loop
      vertex 19.8834 34.4714 3.2500
      vertex 18.7695 34.8840 3.2500
      vertex 18.7695 34.8840 4.6000
    endloop
  endfacet
  facet normal 0.34734484978261804 0.9377374661009821 0
    outer loop
      vertex 19.8834 34.4714 3.2500
      vertex 18.7695 34.8840 4.6000
      vertex 19.8834 34.4714 4.6000
    endloop
  endfacet
  facet normal 0 0 1
    outer loop
      vertex 27.6899 27.2300 4.6000
      vertex 19.8834 34.4714 4.6000
      vertex 18.7695 34.8840 4.6000
    endloop
  endfacet
  facet normal 0 0 -1
    outer loop
      vertex 27.6899 27.2300 3.2500
      vertex 18.7695 34.8840 3.2500
      vertex 19.8834 34.4714 3.2500
    endloop
  endfacet
  facet normal 0.3201996616273096 0.9473500813816169 0
    outer loop
      vertex 18.7695 34.8840 3.2500
      vertex 17.6442 35.2643 3.2500
      vertex 17.6442 35.2643 4.6000
    endloop
  endfacet
  facet normal 0.3201996616273096 0.9473500813816169 0
    outer loop
      vertex 18.7695 34.8840 3.2500
      vertex 17.6442 35.2643 4.6000
      vertex 18.7695 34.8840 4.6000
    endloop
  endfacet
  facet normal 0 0 1
    outer loop
      vertex 27.6899 27.2300 4.6000
      vertex 18.7695 34.8840 4.6000
      vertex 17.6442 35.2643 4.6000
    endloop
  endfacet
  facet normal 0 0 -1
    outer loop
      vertex 27.6899 27.2300 3.2500
      vertex 17.6442 35.2643 3.2500
      vertex 18.7695 34.8840 3.2500
    endloop
  endfacet
  facet normal 0.29278894354387797 0.9561770937114421 0
    outer loop
      vertex 17.6442 35.2643 3.2500
      vertex 16.5084 35.6121 3.2500
      vertex 16.5084 35.6121 4.6000
    endloop
  endfacet
  facet normal 0.29278894354387797 0.9561770937114421 0
    outer loop
      vertex 17.6442 35.2643 3.2500
      vertex 16.5084 35.6121 4.6000
      vertex 17.6442 35.2643 4.6000
    endloop
  endfacet
  facet normal 0 0 1
    outer loop
      vertex 27.6899 27.2300 4.6000
      vertex 17.6442 35.2643 4.6000
      vertex 16.5084 35.6121 4.6000
    endloop
  endfacet
  facet normal 0 0 -1
    outer loop
      vertex 27.6899 27.2300 3.2500
      vertex 16.5084 35.6121 3.2500
      vertex 17.6442 35.2643 3.2500
    endloop
  endfacet
  facet normal 0.2651354262434035 0.9642111831703304 0
    outer loop
      vertex 16.5084 35.6121 3.2500
      vertex 15.3630 35.9271 3.2500
      vertex 15.3630 35.9271 4.6000
    endloop
  endfacet
  facet normal 0.2651354262434035 0.9642111831703304 0
    outer loop
      vertex 16.5084 35.6121 3.2500
      vertex 15.3630 35.9271 4.6000
      vertex 16.5084 35.6121 4.6000
    endloop
  endfacet
  facet normal 0 0 1
    outer loop
      vertex 27.6899 27.2300 4.6000
      vertex 16.5084 35.6121 4.6000
      vertex 15.3630 35.9271 4.6000
    endloop
  endfacet
  facet normal 0 0 -1
    outer loop
      vertex 27.6899 27.2300 3.2500
      vertex 15.3630 35.9271 3.2500
      vertex 16.5084 35.6121 3.2500
    endloop
  endfacet
  facet normal 0.2372620417815732 0.9714456873802255 0
    outer loop
      vertex 15.3630 35.9271 3.2500
      vertex 14.2091 36.2089 3.2500
      vertex 14.2091 36.2089 4.6000
    endloop
  endfacet
  facet normal 0.2372620417815732 0.9714456873802255 0
    outer loop
      vertex 15.3630 35.9271 3.2500
      vertex 14.2091 36.2089 4.6000
      vertex 15.3630 35.9271 4.6000
    endloop
  endfacet
  facet normal 0 0 1
    outer loop
      vertex 27.6899 27.2300 4.6000
      vertex 15.3630 35.9271 4.6000
      vertex 14.2091 36.2089 4.6000
    endloop
  endfacet
  facet normal 0 0 -1
    outer loop
      vertex 27.6899 27.2300 3.2500
      vertex 14.2091 36.2089 3.2500
      vertex 15.3630 35.9271 3.2500
    endloop
  endfacet
  facet normal 0.2091919045418447 0.9778746070300403 0
    outer loop
      vertex 14.2091 36.2089 3.2500
      vertex 13.0475 36.4574 3.2500
      vertex 13.0475 36.4574 4.6000
    endloop
  endfacet
  facet normal 0.2091919045418447 0.9778746070300403 0
    outer loop
      vertex 14.2091 36.2089 3.2500
      vertex 13.0475 36.4574 4.6000
      vertex 14.2091 36.2089 4.6000
    endloop
  endfacet
  facet normal 0 0 1
    outer loop
      vertex 27.6899 27.2300 4.6000
      vertex 14.2091 36.2089 4.6000
      vertex 13.0475 36.4574 4.6000
    endloop
  endfacet
  facet normal 0 0 -1
    outer loop
      vertex 27.6899 27.2300 3.2500
      vertex 13.0475 36.4574 3.2500
      vertex 14.2091 36.2089 3.2500
    endloop
  endfacet
  facet normal 0.18094829206765733 0.9834926108506346 0
    outer loop
      vertex 13.0475 36.4574 3.2500
      vertex 11.8792 36.6723 3.2500
      vertex 11.8792 36.6723 4.6000
    endloop
  endfacet
  facet normal 0.18094829206765733 0.9834926108506346 0
    outer loop
      vertex 13.0475 36.4574 3.2500
      vertex 11.8792 36.6723 4.6000
      vertex 13.0475 36.4574 4.6000
    endloop
  endfacet
  facet normal 0 0 1
    outer loop
      vertex 27.6899 27.2300 4.6000
      vertex 13.0475 36.4574 4.6000
      vertex 11.8792 36.6723 4.6000
    endloop
  endfacet
  facet normal 0 0 -1
    outer loop
      vertex 27.6899 27.2300 3.2500
      vertex 11.8792 36.6723 3.2500
      vertex 13.0475 36.4574 3.2500
    endloop
  endfacet
  facet normal 0.15255462575909673 0.9882950400358701 0
    outer loop
      vertex 11.8792 36.6723 3.2500
      vertex 10.7052 36.8536 3.2500
      vertex 10.7052 36.8536 4.6000
    endloop
  endfacet
  facet normal 0.15255462575909673 0.9882950400358701 0
    outer loop
      vertex 11.8792 36.6723 3.2500
      vertex 10.7052 36.8536 4.6000
      vertex 11.8792 36.6723 4.6000
    endloop
  endfacet
  facet normal 0 0 1
    outer loop
      vertex 27.6899 27.2300 4.6000
      vertex 11.8792 36.6723 4.6000
      vertex 10.7052 36.8536 4.6000
    endloop
  endfacet
  facet normal 0 0 -1
    outer loop
      vertex 27.6899 27.2300 3.2500
      vertex 10.7052 36.8536 3.2500
      vertex 11.8792 36.6723 3.2500
    endloop
  endfacet
  facet normal 0.12403445145048411 0.992277912105967 0
    outer loop
      vertex 10.7052 36.8536 3.2500
      vertex 9.5265 37.0009 3.2500
      vertex 9.5265 37.0009 4.6000
    endloop
  endfacet
  facet normal 0.12403445145048411 0.992277912105967 0
    outer loop
      vertex 10.7052 36.8536 3.2500
      vertex 9.5265 37.0009 4.6000
      vertex 10.7052 36.8536 4.6000
    endloop
  endfacet
  facet normal 0 0 1
    outer loop
      vertex 27.6899 27.2300 4.6000
      vertex 10.7052 36.8536 4.6000
      vertex 9.5265 37.0009 4.6000
    endloop
  endfacet
  facet normal 0 0 -1
    outer loop
      vertex 27.6899 27.2300 3.2500
      vertex 9.5265 37.0009 3.2500
      vertex 10.7052 36.8536 3.2500
    endloop
  endfacet
  facet normal 0.09541141988458422 0.9954379242100472 0
    outer loop
      vertex 9.5265 37.0009 3.2500
      vertex 8.3441 37.1142 3.2500
      vertex 8.3441 37.1142 4.6000
    endloop
  endfacet
  facet normal 0.09541141988458422 0.9954379242100472 0
    outer loop
      vertex 9.5265 37.0009 3.2500
      vertex 8.3441 37.1142 4.6000
      vertex 9.5265 37.0009 4.6000
    endloop
  endfacet
  facet normal 0 0 1
    outer loop
      vertex 27.6899 27.2300 4.6000
      vertex 9.5265 37.0009 4.6000
      vertex 8.3441 37.1142 4.6000
    endloop
  endfacet
  facet normal 0 0 -1
    outer loop
      vertex 27.6899 27.2300 3.2500
      vertex 8.3441 37.1142 3.2500
      vertex 9.5265 37.0009 3.2500
    endloop
  endfacet
  facet normal 0.06670926709994912 0.9977724558650573 0
    outer loop
      vertex 8.3441 37.1142 3.2500
      vertex 7.1589 37.1935 3.2500
      vertex 7.1589 37.1935 4.6000
    endloop
  endfacet
  facet normal 0.06670926709994912 0.9977724558650573 0
    outer loop
      vertex 8.3441 37.1142 3.2500
      vertex 7.1589 37.1935 4.6000
      vertex 8.3441 37.1142 4.6000
    endloop
  endfacet
  facet normal 0 0 1
    outer loop
      vertex 27.6899 27.2300 4.6000
      vertex 8.3441 37.1142 4.6000
      vertex 7.1589 37.1935 4.6000
    endloop
  endfacet
  facet normal 0 0 -1
    outer loop
      vertex 27.6899 27.2300 3.2500
      vertex 7.1589 37.1935 3.2500
      vertex 8.3441 37.1142 3.2500
    endloop
  endfacet
  facet normal 0.0379517947474946 0.9992795711288428 0
    outer loop
      vertex 7.1589 37.1935 3.2500
      vertex 5.9718 37.2386 3.2500
      vertex 5.9718 37.2386 4.6000
    endloop
  endfacet
  facet normal 0.0379517947474946 0.9992795711288428 0
    outer loop
      vertex 7.1589 37.1935 3.2500
      vertex 5.9718 37.2386 4.6000
      vertex 7.1589 37.1935 4.6000
    endloop
  endfacet
  facet normal 0 0 1
    outer loop
      vertex 27.6899 27.2300 4.6000
      vertex 7.1589 37.1935 4.6000
      vertex 5.9718 37.2386 4.6000
    endloop
  endfacet
  facet normal 0 0 -1
    outer loop
      vertex 27.6899 27.2300 3.2500
      vertex 5.9718 37.2386 3.2500
      vertex 7.1589 37.1935 3.2500
    endloop
  endfacet
  facet normal 0.009162850352621075 0.9999580202055562 0
    outer loop
      vertex 5.9718 37.2386 3.2500
      vertex 4.7840 37.2494 3.2500
      vertex 4.7840 37.2494 4.6000
    endloop
  endfacet
  facet normal 0.009162850352621075 0.9999580202055562 0
    outer loop
      vertex 5.9718 37.2386 3.2500
      vertex 4.7840 37.2494 4.6000
      vertex 5.9718 37.2386 4.6000
    endloop
  endfacet
  facet normal 0 0 1
    outer loop
      vertex 27.6899 27.2300 4.6000
      vertex 5.9718 37.2386 4.6000
      vertex 4.7840 37.2494 4.6000
    endloop
  endfacet
  facet normal 0 0 -1
    outer loop
      vertex 27.6899 27.2300 3.2500
      vertex 4.7840 37.2494 3.2500
      vertex 5.9718 37.2386 3.2500
    endloop
  endfacet
  facet normal -0.019633692460617726 0.9998072404820652 0
    outer loop
      vertex 4.7840 37.2494 3.2500
      vertex 3.5964 37.2261 3.2500
      vertex 3.5964 37.2261 4.6000
    endloop
  endfacet
  facet normal -0.019633692460617726 0.9998072404820652 0
    outer loop
      vertex 4.7840 37.2494 3.2500
      vertex 3.5964 37.2261 4.6000
      vertex 4.7840 37.2494 4.6000
    endloop
  endfacet
  facet normal 0 0 1
    outer loop
      vertex 27.6899 27.2300 4.6000
      vertex 4.7840 37.2494 4.6000
      vertex 3.5964 37.2261 4.6000
    endloop
  endfacet
  facet normal 0 0 -1
    outer loop
      vertex 27.6899 27.2300 3.2500
      vertex 3.5964 37.2261 3.2500
      vertex 4.7840 37.2494 3.2500
    endloop
  endfacet
  facet normal -0.048478738935325213 0.9988242147000844 0
    outer loop
      vertex 3.5964 37.2261 3.2500
      vertex 2.3991 37.1680 3.2500
      vertex 2.3991 37.1680 4.6000
    endloop
  endfacet
  facet normal -0.048478738935325213 0.9988242147000844 0
    outer loop
      vertex 3.5964 37.2261 3.2500
      vertex 2.3991 37.1680 4.6000
      vertex 3.5964 37.2261 4.6000
    endloop
  endfacet
  facet normal 0 0 1
    outer loop
      vertex 27.6899 27.2300 4.6000
      vertex 3.5964 37.2261 4.6000
      vertex 2.3991 37.1680 4.6000
    endloop
  endfacet
  facet normal 0 0 -1
    outer loop
      vertex 27.6899 27.2300 3.2500
      vertex 2.3991 37.1680 3.2500
      vertex 3.5964 37.2261 3.2500
    endloop
  endfacet
  facet normal 0.9988273569945072 0.04841395376714655 0
    outer loop
      vertex 2.3991 37.1680 3.2500
      vertex 2.3265 38.6662 3.2500
      vertex 2.3265 38.6662 4.6000
    endloop
  endfacet
  facet normal 0.9988273569945072 0.04841395376714655 0
    outer loop
      vertex 2.3991 37.1680 3.2500
      vertex 2.3265 38.6662 4.6000
      vertex 2.3991 37.1680 4.6000
    endloop
  endfacet
  facet normal 0 0 -1
    outer loop
      vertex 27.6899 27.2300 4.6000
      vertex 2.3991 37.1680 4.6000
      vertex 2.3265 38.6662 4.6000
    endloop
  endfacet
  facet normal 0 0 1
    outer loop
      vertex 27.6899 27.2300 3.2500
      vertex 2.3265 38.6662 3.2500
      vertex 2.3991 37.1680 3.2500
    endloop
  endfacet
  facet normal 0.04835031504080575 -0.9988304395819415 0
    outer loop
      vertex 2.3265 38.6662 3.2500
      vertex 3.5453 38.7252 3.2500
      vertex 3.5453 38.7252 4.6000
    endloop
  endfacet
  facet normal 0.04835031504080575 -0.9988304395819415 0
    outer loop
      vertex 2.3265 38.6662 3.2500
      vertex 3.5453 38.7252 4.6000
      vertex 2.3265 38.6662 4.6000
    endloop
  endfacet
  facet normal 0 0 -1
    outer loop
      vertex 27.6899 27.2300 4.6000
      vertex 2.3265 38.6662 4.6000
      vertex 3.5453 38.7252 4.6000
    endloop
  endfacet
  facet normal 0 0 1
    outer loop
      vertex 27.6899 27.2300 3.2500
      vertex 3.5453 38.7252 3.2500
      vertex 2.3265 38.6662 3.2500
    endloop
  endfacet
  facet normal 0.019633692460624935 -0.9998072404820649 0
    outer loop
      vertex 3.5453 38.7252 3.2500
      vertex 4.7762 38.7494 3.2500
      vertex 4.7762 38.7494 4.6000
    endloop
  endfacet
  facet normal 0.019633692460624935 -0.9998072404820649 0
    outer loop
      vertex 3.5453 38.7252 3.2500
      vertex 4.7762 38.7494 4.6000
      vertex 3.5453 38.7252 4.6000
    endloop
  endfacet
  facet normal 0 0 -1
    outer loop
      vertex 27.6899 27.2300 4.6000
      vertex 3.5453 38.7252 4.6000
      vertex 4.7762 38.7494 4.6000
    endloop
  endfacet
  facet normal 0 0 1
    outer loop
      vertex 27.6899 27.2300 3.2500
      vertex 4.7762 38.7494 3.2500
      vertex 3.5453 38.7252 3.2500
    endloop
  endfacet
  facet normal -0.009162850352617307 -0.9999580202055562 0
    outer loop
      vertex 4.7762 38.7494 3.2500
      vertex 6.0072 38.7381 3.2500
      vertex 6.0072 38.7381 4.6000
    endloop
  endfacet
  facet normal -0.009162850352617307 -0.9999580202055562 0
    outer loop
      vertex 4.7762 38.7494 3.2500
      vertex 6.0072 38.7381 4.6000
      vertex 4.7762 38.7494 4.6000
    endloop
  endfacet
  facet normal 0 0 -1
    outer loop
      vertex 27.6899 27.2300 4.6000
      vertex 4.7762 38.7494 4.6000
      vertex 6.0072 38.7381 4.6000
    endloop
  endfacet
  facet normal 0 0 1
    outer loop
      vertex 27.6899 27.2300 3.2500
      vertex 6.0072 38.7381 3.2500
      vertex 4.7762 38.7494 3.2500
    endloop
  endfacet
  facet normal -0.037951794747503806 -0.9992795711288424 0
    outer loop
      vertex 6.0072 38.7381 3.2500
      vertex 7.2374 38.6914 3.2500
      vertex 7.2374 38.6914 4.6000
    endloop
  endfacet
  facet normal -0.037951794747503806 -0.9992795711288424 0
    outer loop
      vertex 6.0072 38.7381 3.2500
      vertex 7.2374 38.6914 4.6000
      vertex 6.0072 38.7381 4.6000
    endloop
  endfacet
  facet normal 0 0 -1
    outer loop
      vertex 27.6899 27.2300 4.6000
      vertex 6.0072 38.7381 4.6000
      vertex 7.2374 38.6914 4.6000
    endloop
  endfacet
  facet normal 0 0 1
    outer loop
      vertex 27.6899 27.2300 3.2500
      vertex 7.2374 38.6914 3.2500
      vertex 6.0072 38.7381 3.2500
    endloop
  endfacet
  facet normal -0.06670926709994407 -0.9977724558650577 0
    outer loop
      vertex 7.2374 38.6914 3.2500
      vertex 8.4657 38.6093 3.2500
      vertex 8.4657 38.6093 4.6000
    endloop
  endfacet
  facet normal -0.06670926709994407 -0.9977724558650577 0
    outer loop
      vertex 7.2374 38.6914 3.2500
      vertex 8.4657 38.6093 4.6000
      vertex 7.2374 38.6914 4.6000
    endloop
  endfacet
  facet normal 0 0 -1
    outer loop
      vertex 27.6899 27.2300 4.6000
      vertex 7.2374 38.6914 4.6000
      vertex 8.4657 38.6093 4.6000
    endloop
  endfacet
  facet normal 0 0 1
    outer loop
      vertex 27.6899 27.2300 3.2500
      vertex 8.4657 38.6093 3.2500
      vertex 7.2374 38.6914 3.2500
    endloop
  endfacet
  facet normal -0.09541141988458558 -0.9954379242100471 0
    outer loop
      vertex 8.4657 38.6093 3.2500
      vertex 9.6911 38.4918 3.2500
      vertex 9.6911 38.4918 4.6000
    endloop
  endfacet
  facet normal -0.09541141988458558 -0.9954379242100471 0
    outer loop
      vertex 8.4657 38.6093 3.2500
      vertex 9.6911 38.4918 4.6000
      vertex 8.4657 38.6093 4.6000
    endloop
  endfacet
  facet normal 0 0 -1
    outer loop
      vertex 27.6899 27.2300 4.6000
      vertex 8.4657 38.6093 4.6000
      vertex 9.6911 38.4918 4.6000
    endloop
  endfacet
  facet normal 0 0 1
    outer loop
      vertex 27.6899 27.2300 3.2500
      vertex 9.6911 38.4918 3.2500
      vertex 8.4657 38.6093 3.2500
    endloop
  endfacet
  facet normal -0.1240344514504875 -0.9922779121059668 0
    outer loop
      vertex 9.6911 38.4918 3.2500
      vertex 10.9127 38.3391 3.2500
      vertex 10.9127 38.3391 4.6000
    endloop
  endfacet
  facet normal -0.1240344514504875 -0.9922779121059668 0
    outer loop
      vertex 9.6911 38.4918 3.2500
      vertex 10.9127 38.3391 4.6000
      vertex 9.6911 38.4918 4.6000
    endloop
  endfacet
  facet normal 0 0 -1
    outer loop
      vertex 27.6899 27.2300 4.6000
      vertex 9.6911 38.4918 4.6000
      vertex 10.9127 38.3391 4.6000
    endloop
  endfacet
  facet normal 0 0 1
    outer loop
      vertex 27.6899 27.2300 3.2500
      vertex 10.9127 38.3391 3.2500
      vertex 9.6911 38.4918 3.2500
    endloop
  endfacet
  facet normal -0.1525546257590968 -0.9882950400358699 0
    outer loop
      vertex 10.9127 38.3391 3.2500
      vertex 12.1294 38.1513 3.2500
      vertex 12.1294 38.1513 4.6000
    endloop
  endfacet
  facet normal -0.1525546257590968 -0.9882950400358699 0
    outer loop
      vertex 10.9127 38.3391 3.2500
      vertex 12.1294 38.1513 4.6000
      vertex 10.9127 38.3391 4.6000
    endloop
  endfacet
  facet normal 0 0 -1
    outer loop
      vertex 27.6899 27.2300 4.6000
      vertex 10.9127 38.3391 4.6000
      vertex 12.1294 38.1513 4.6000
    endloop
  endfacet
  facet normal 0 0 1
    outer loop
      vertex 27.6899 27.2300 3.2500
      vertex 12.1294 38.1513 3.2500
      vertex 10.9127 38.3391 3.2500
    endloop
  endfacet
  facet normal -0.1809482920676539 -0.9834926108506353 0
    outer loop
      vertex 12.1294 38.1513 3.2500
      vertex 13.3401 37.9286 3.2500
      vertex 13.3401 37.9286 4.6000
    endloop
  endfacet
  facet normal -0.1809482920676539 -0.9834926108506353 0
    outer loop
      vertex 12.1294 38.1513 3.2500
      vertex 13.3401 37.9286 4.6000
      vertex 12.1294 38.1513 4.6000
    endloop
  endfacet
  facet normal 0 0 -1
    outer loop
      vertex 27.6899 27.2300 4.6000
      vertex 12.1294 38.1513 4.6000
      vertex 13.3401 37.9286 4.6000
    endloop
  endfacet
  facet normal 0 0 1
    outer loop
      vertex 27.6899 27.2300 3.2500
      vertex 13.3401 37.9286 3.2500
      vertex 12.1294 38.1513 3.2500
    endloop
  endfacet
  facet normal -0.20919190454185008 -0.977874607030039 0
    outer loop
      vertex 13.3401 37.9286 3.2500
      vertex 14.5439 37.6710 3.2500
      vertex 14.5439 37.6710 4.6000
    endloop
  endfacet
  facet normal -0.20919190454185008 -0.977874607030039 0
    outer loop
      vertex 13.3401 37.9286 3.2500
      vertex 14.5439 37.6710 4.6000
      vertex 13.3401 37.9286 4.6000
    endloop
  endfacet
  facet normal 0 0 -1
    outer loop
      vertex 27.6899 27.2300 4.6000
      vertex 13.3401 37.9286 4.6000
      vertex 14.5439 37.6710 4.6000
    endloop
  endfacet
  facet normal 0 0 1
    outer loop
      vertex 27.6899 27.2300 3.2500
      vertex 14.5439 37.6710 3.2500
      vertex 13.3401 37.9286 3.2500
    endloop
  endfacet
  facet normal -0.23726204178156307 -0.9714456873802281 0
    outer loop
      vertex 14.5439 37.6710 3.2500
      vertex 15.7399 37.3790 3.2500
      vertex 15.7399 37.3790 4.6000
    endloop
  endfacet
  facet normal -0.23726204178156307 -0.9714456873802281 0
    outer loop
      vertex 14.5439 37.6710 3.2500
      vertex 15.7399 37.3790 4.6000
      vertex 14.5439 37.6710 4.6000
    endloop
  endfacet
  facet normal 0 0 -1
    outer loop
      vertex 27.6899 27.2300 4.6000
      vertex 14.5439 37.6710 4.6000
      vertex 15.7399 37.3790 4.6000
    endloop
  endfacet
  facet normal 0 0 1
    outer loop
      vertex 27.6899 27.2300 3.2500
      vertex 15.7399 37.3790 3.2500
      vertex 14.5439 37.6710 3.2500
    endloop
  endfacet
  facet normal -0.2651354262434119 -0.9642111831703281 0
    outer loop
      vertex 15.7399 37.3790 3.2500
      vertex 16.9269 37.0526 3.2500
      vertex 16.9269 37.0526 4.6000
    endloop
  endfacet
  facet normal -0.2651354262434119 -0.9642111831703281 0
    outer loop
      vertex 15.7399 37.3790 3.2500
      vertex 16.9269 37.0526 4.6000
      vertex 15.7399 37.3790 4.6000
    endloop
  endfacet
  facet normal 0 0 -1
    outer loop
      vertex 27.6899 27.2300 4.6000
      vertex 15.7399 37.3790 4.6000
      vertex 16.9269 37.0526 4.6000
    endloop
  endfacet
  facet normal 0 0 1
    outer loop
      vertex 27.6899 27.2300 3.2500
      vertex 16.9269 37.0526 3.2500
      vertex 15.7399 37.3790 3.2500
    endloop
  endfacet
  facet normal -0.29278894354387625 -0.9561770937114424 0
    outer loop
      vertex 16.9269 37.0526 3.2500
      vertex 18.1040 36.6921 3.2500
      vertex 18.1040 36.6921 4.6000
    endloop
  endfacet
  facet normal -0.29278894354387625 -0.9561770937114424 0
    outer loop
      vertex 16.9269 37.0526 3.2500
      vertex 18.1040 36.6921 4.6000
      vertex 16.9269 37.0526 4.6000
    endloop
  endfacet
  facet normal 0 0 -1
    outer loop
      vertex 27.6899 27.2300 4.6000
      vertex 16.9269 37.0526 4.6000
      vertex 18.1040 36.6921 4.6000
    endloop
  endfacet
  facet normal 0 0 1
    outer loop
      vertex 27.6899 27.2300 3.2500
      vertex 18.1040 36.6921 3.2500
      vertex 16.9269 37.0526 3.2500
    endloop
  endfacet
  facet normal -0.32019966162730634 -0.947350081381618 0
    outer loop
      vertex 18.1040 36.6921 3.2500
      vertex 19.2702 36.2979 3.2500
      vertex 19.2702 36.2979 4.6000
    endloop
  endfacet
  facet normal -0.32019966162730634 -0.947350081381618 0
    outer loop
      vertex 18.1040 36.6921 3.2500
      vertex 19.2702 36.2979 4.6000
      vertex 18.1040 36.6921 4.6000
    endloop
  endfacet
  facet normal 0 0 -1
    outer loop
      vertex 27.6899 27.2300 4.6000
      vertex 18.1040 36.6921 4.6000
      vertex 19.2702 36.2979 4.6000
    endloop
  endfacet
  facet normal 0 0 1
    outer loop
      vertex 27.6899 27.2300 3.2500
      vertex 19.2702 36.2979 3.2500
      vertex 18.1040 36.6921 3.2500
    endloop
  endfacet
  facet normal -0.3473448497826222 -0.9377374661009805 0
    outer loop
      vertex 19.2702 36.2979 3.2500
      vertex 20.4247 35.8703 3.2500
      vertex 20.4247 35.8703 4.6000
    endloop
  endfacet
  facet normal -0.3473448497826222 -0.9377374661009805 0
    outer loop
      vertex 19.2702 36.2979 3.2500
      vertex 20.4247 35.8703 4.6000
      vertex 19.2702 36.2979 4.6000
    endloop
  endfacet
  facet normal 0 0 -1
    outer loop
      vertex 27.6899 27.2300 4.6000
      vertex 19.2702 36.2979 4.6000
      vertex 20.4247 35.8703 4.6000
    endloop
  endfacet
  facet normal 0 0 1
    outer loop
      vertex 27.6899 27.2300 3.2500
      vertex 20.4247 35.8703 3.2500
      vertex 19.2702 36.2979 3.2500
    endloop
  endfacet
  facet normal -0.37420199749300653 -0.9273472192616119 0
    outer loop
      vertex 20.4247 35.8703 3.2500
      vertex 21.5663 35.4096 3.2500
      vertex 21.5663 35.4096 4.6000
    endloop
  endfacet
  facet normal -0.37420199749300653 -0.9273472192616119 0
    outer loop
      vertex 20.4247 35.8703 3.2500
      vertex 21.5663 35.4096 4.6000
      vertex 20.4247 35.8703 4.6000
    endloop
  endfacet
  facet normal 0 0 -1
    outer loop
      vertex 27.6899 27.2300 4.6000
      vertex 20.4247 35.8703 4.6000
      vertex 21.5663 35.4096 4.6000
    endloop
  endfacet
  facet normal 0 0 1
    outer loop
      vertex 27.6899 27.2300 3.2500
      vertex 21.5663 35.4096 3.2500
      vertex 20.4247 35.8703 3.2500
    endloop
  endfacet
  facet normal -0.40074883310313814 -0.9161879571171372 0
    outer loop
      vertex 21.5663 35.4096 3.2500
      vertex 22.6942 34.9163 3.2500
      vertex 22.6942 34.9163 4.6000
    endloop
  endfacet
  facet normal -0.40074883310313814 -0.9161879571171372 0
    outer loop
      vertex 21.5663 35.4096 3.2500
      vertex 22.6942 34.9163 4.6000
      vertex 21.5663 35.4096 4.6000
    endloop
  endfacet
  facet normal 0 0 -1
    outer loop
      vertex 27.6899 27.2300 4.6000
      vertex 21.5663 35.4096 4.6000
      vertex 22.6942 34.9163 4.6000
    endloop
  endfacet
  facet normal 0 0 1
    outer loop
      vertex 27.6899 27.2300 3.2500
      vertex 22.6942 34.9163 3.2500
      vertex 21.5663 35.4096 3.2500
    endloop
  endfacet
  facet normal -0.4269633422882251 -0.904268933637592 0
    outer loop
      vertex 22.6942 34.9163 3.2500
      vertex 23.8074 34.3907 3.2500
      vertex 23.8074 34.3907 4.6000
    endloop
  endfacet
  facet normal -0.4269633422882251 -0.904268933637592 0
    outer loop
      vertex 22.6942 34.9163 3.2500
      vertex 23.8074 34.3907 4.6000
      vertex 22.6942 34.9163 4.6000
    endloop
  endfacet
  facet normal 0 0 -1
    outer loop
      vertex 27.6899 27.2300 4.6000
      vertex 22.6942 34.9163 4.6000
      vertex 23.8074 34.3907 4.6000
    endloop
  endfacet
  facet normal 0 0 1
    outer loop
      vertex 27.6899 27.2300 3.2500
      vertex 23.8074 34.3907 3.2500
      vertex 22.6942 34.9163 3.2500
    endloop
  endfacet
  facet normal -0.4528237863096633 -0.8916000328354527 0
    outer loop
      vertex 23.8074 34.3907 3.2500
      vertex 24.9050 33.8332 3.2500
      vertex 24.9050 33.8332 4.6000
    endloop
  endfacet
  facet normal -0.4528237863096633 -0.8916000328354527 0
    outer loop
      vertex 23.8074 34.3907 3.2500
      vertex 24.9050 33.8332 4.6000
      vertex 23.8074 34.3907 4.6000
    endloop
  endfacet
  facet normal 0 0 -1
    outer loop
      vertex 27.6899 27.2300 4.6000
      vertex 23.8074 34.3907 4.6000
      vertex 24.9050 33.8332 4.6000
    endloop
  endfacet
  facet normal 0 0 1
    outer loop
      vertex 27.6899 27.2300 3.2500
      vertex 24.9050 33.8332 3.2500
      vertex 23.8074 34.3907 3.2500
    endloop
  endfacet
  facet normal -0.47830872004223524 -0.8781917605691588 0
    outer loop
      vertex 24.9050 33.8332 3.2500
      vertex 25.9861 33.2444 3.2500
      vertex 25.9861 33.2444 4.6000
    endloop
  endfacet
  facet normal -0.47830872004223524 -0.8781917605691588 0
    outer loop
      vertex 24.9050 33.8332 3.2500
      vertex 25.9861 33.2444 4.6000
      vertex 24.9050 33.8332 4.6000
    endloop
  endfacet
  facet normal 0 0 -1
    outer loop
      vertex 27.6899 27.2300 4.6000
      vertex 24.9050 33.8332 4.6000
      vertex 25.9861 33.2444 4.6000
    endloop
  endfacet
  facet normal 0 0 1
    outer loop
      vertex 27.6899 27.2300 3.2500
      vertex 25.9861 33.2444 3.2500
      vertex 24.9050 33.8332 3.2500
    endloop
  endfacet
  facet normal -0.5033970097577218 -0.8640552358310112 0
    outer loop
      vertex 25.9861 33.2444 3.2500
      vertex 27.0498 32.6247 3.2500
      vertex 27.0498 32.6247 4.6000
    endloop
  endfacet
  facet normal -0.5033970097577218 -0.8640552358310112 0
    outer loop
      vertex 25.9861 33.2444 3.2500
      vertex 27.0498 32.6247 4.6000
      vertex 25.9861 33.2444 4.6000
    endloop
  endfacet
  facet normal 0 0 -1
    outer loop
      vertex 27.6899 27.2300 4.6000
      vertex 25.9861 33.2444 4.6000
      vertex 27.0498 32.6247 4.6000
    endloop
  endfacet
  facet normal 0 0 1
    outer loop
      vertex 27.6899 27.2300 3.2500
      vertex 27.0498 32.6247 3.2500
      vertex 25.9861 33.2444 3.2500
    endloop
  endfacet
  facet normal -0.5280678506503663 -0.8492021815265799 0
    outer loop
      vertex 27.0498 32.6247 3.2500
      vertex 28.0953 31.9746 3.2500
      vertex 28.0953 31.9746 4.6000
    endloop
  endfacet
  facet normal -0.5280678506503663 -0.8492021815265799 0
    outer loop
      vertex 27.0498 32.6247 3.2500
      vertex 28.0953 31.9746 4.6000
      vertex 27.0498 32.6247 4.6000
    endloop
  endfacet
  facet normal 0 0 -1
    outer loop
      vertex 27.6899 27.2300 4.6000
      vertex 27.0498 32.6247 4.6000
      vertex 28.0953 31.9746 4.6000
    endloop
  endfacet
  facet normal 0 0 1
    outer loop
      vertex 27.6899 27.2300 3.2500
      vertex 28.0953 31.9746 3.2500
      vertex 27.0498 32.6247 3.2500
    endloop
  endfacet
  facet normal -0.5523007840895277 -0.8336449147533338 0
    outer loop
      vertex 28.0953 31.9746 3.2500
      vertex 29.1215 31.2947 3.2500
      vertex 29.1215 31.2947 4.6000
    endloop
  endfacet
  facet normal -0.5523007840895277 -0.8336449147533338 0
    outer loop
      vertex 28.0953 31.9746 3.2500
      vertex 29.1215 31.2947 4.6000
      vertex 28.0953 31.9746 4.6000
    endloop
  endfacet
  facet normal 0 0 -1
    outer loop
      vertex 27.6899 27.2300 4.6000
      vertex 28.0953 31.9746 4.6000
      vertex 29.1215 31.2947 4.6000
    endloop
  endfacet
  facet normal 0 0 1
    outer loop
      vertex 27.6899 27.2300 3.2500
      vertex 29.1215 31.2947 3.2500
      vertex 28.0953 31.9746 3.2500
    endloop
  endfacet
  facet normal -0.5760757145852752 -0.8173963365865207 0
    outer loop
      vertex 29.1215 31.2947 3.2500
      vertex 30.1278 30.5855 3.2500
      vertex 30.1278 30.5855 4.6000
    endloop
  endfacet
  facet normal -0.5760757145852752 -0.8173963365865207 0
    outer loop
      vertex 29.1215 31.2947 3.2500
      vertex 30.1278 30.5855 4.6000
      vertex 29.1215 31.2947 4.6000
    endloop
  endfacet
  facet normal 0 0 -1
    outer loop
      vertex 27.6899 27.2300 4.6000
      vertex 29.1215 31.2947 4.6000
      vertex 30.1278 30.5855 4.6000
    endloop
  endfacet
  facet normal 0 0 1
    outer loop
      vertex 27.6899 27.2300 3.2500
      vertex 30.1278 30.5855 3.2500
      vertex 29.1215 31.2947 3.2500
    endloop
  endfacet
  facet normal -0.5993729264528564 -0.8004699213807716 0
    outer loop
      vertex 30.1278 30.5855 3.2500
      vertex 31.1133 29.8476 3.2500
      vertex 31.1133 29.8476 4.6000
    endloop
  endfacet
  facet normal -0.5993729264528564 -0.8004699213807716 0
    outer loop
      vertex 30.1278 30.5855 3.2500
      vertex 31.1133 29.8476 4.6000
      vertex 30.1278 30.5855 4.6000
    endloop
  endfacet
  facet normal 0 0 -1
    outer loop
      vertex 27.6899 27.2300 4.6000
      vertex 30.1278 30.5855 4.6000
      vertex 31.1133 29.8476 4.6000
    endloop
  endfacet
  facet normal 0 0 1
    outer loop
      vertex 27.6899 27.2300 3.2500
      vertex 31.1133 29.8476 3.2500
      vertex 30.1278 30.5855 3.2500
    endloop
  endfacet
  facet normal -0.6221731001622034 -0.782879705596302 0
    outer loop
      vertex 31.1133 29.8476 3.2500
      vertex 32.0770 29.0817 3.2500
      vertex 32.0770 29.0817 4.6000
    endloop
  endfacet
  facet normal -0.6221731001622034 -0.782879705596302 0
    outer loop
      vertex 31.1133 29.8476 3.2500
      vertex 32.0770 29.0817 4.6000
      vertex 31.1133 29.8476 4.6000
    endloop
  endfacet
  facet normal 0 0 -1
    outer loop
      vertex 27.6899 27.2300 4.6000
      vertex 31.1133 29.8476 4.6000
      vertex 32.0770 29.0817 4.6000
    endloop
  endfacet
  facet normal 0 0 1
    outer loop
      vertex 27.6899 27.2300 3.2500
      vertex 32.0770 29.0817 3.2500
      vertex 31.1133 29.8476 3.2500
    endloop
  endfacet
  facet normal -0.6444573283588975 -0.7646402761590004 0
    outer loop
      vertex 32.0770 29.0817 3.2500
      vertex 33.0184 28.2883 3.2500
      vertex 33.0184 28.2883 4.6000
    endloop
  endfacet
  facet normal -0.6444573283588975 -0.7646402761590004 0
    outer loop
      vertex 32.0770 29.0817 3.2500
      vertex 33.0184 28.2883 4.6000
      vertex 32.0770 29.0817 4.6000
    endloop
  endfacet
  facet normal 0 0 -1
    outer loop
      vertex 27.6899 27.2300 4.6000
      vertex 32.0770 29.0817 4.6000
      vertex 33.0184 28.2883 4.6000
    endloop
  endfacet
  facet normal 0 0 1
    outer loop
      vertex 27.6899 27.2300 3.2500
      vertex 33.0184 28.2883 3.2500
      vertex 32.0770 29.0817 3.2500
    endloop
  endfacet
  facet normal -0.6662071315433604 -0.7457667583640126 0
    outer loop
      vertex 33.0184 28.2883 3.2500
      vertex 33.9364 27.4682 3.2500
      vertex 33.9364 27.4682 4.6000
    endloop
  endfacet
  facet normal -0.6662071315433604 -0.7457667583640126 0
    outer loop
      vertex 33.0184 28.2883 3.2500
      vertex 33.9364 27.4682 4.6000
      vertex 33.0184 28.2883 4.6000
    endloop
  endfacet
  facet normal 0 0 -1
    outer loop
      vertex 27.6899 27.2300 4.6000
      vertex 33.0184 28.2883 4.6000
      vertex 33.9364 27.4682 4.6000
    endloop
  endfacet
  facet normal 0 0 1
    outer loop
      vertex 27.6899 27.2300 3.2500
      vertex 33.9364 27.4682 3.2500
      vertex 33.0184 28.2883 3.2500
    endloop
  endfacet
  facet normal -0.6874044733952333 -0.7262748033328859 0
    outer loop
      vertex 33.9364 27.4682 3.2500
      vertex 34.8305 26.6219 3.2500
      vertex 34.8305 26.6219 4.6000
    endloop
  endfacet
  facet normal -0.6874044733952333 -0.7262748033328859 0
    outer loop
      vertex 33.9364 27.4682 3.2500
      vertex 34.8305 26.6219 4.6000
      vertex 33.9364 27.4682 4.6000
    endloop
  endfacet
  facet normal 0 0 -1
    outer loop
      vertex 27.6899 27.2300 4.6000
      vertex 33.9364 27.4682 4.6000
      vertex 34.8305 26.6219 4.6000
    endloop
  endfacet
  facet normal 0 0 1
    outer loop
      vertex 27.6899 27.2300 3.2500
      vertex 34.8305 26.6219 3.2500
      vertex 33.9364 27.4682 3.2500
    endloop
  endfacet
  facet normal -0.7080317757302329 -0.7061805750346671 0
    outer loop
      vertex 34.8305 26.6219 3.2500
      vertex 35.6999 25.7503 3.2500
      vertex 35.6999 25.7503 4.6000
    endloop
  endfacet
  facet normal -0.7080317757302329 -0.7061805750346671 0
    outer loop
      vertex 34.8305 26.6219 3.2500
      vertex 35.6999 25.7503 4.6000
      vertex 34.8305 26.6219 4.6000
    endloop
  endfacet
  facet normal 0 0 -1
    outer loop
      vertex 27.6899 27.2300 4.6000
      vertex 34.8305 26.6219 4.6000
      vertex 35.6999 25.7503 4.6000
    endloop
  endfacet
  facet normal 0 0 1
    outer loop
      vertex 27.6899 27.2300 3.2500
      vertex 35.6999 25.7503 3.2500
      vertex 34.8305 26.6219 3.2500
    endloop
  endfacet
  facet normal -0.7280719330771153 -0.6855007368816991 0
    outer loop
      vertex 35.6999 25.7503 3.2500
      vertex 36.5438 24.8540 3.2500
      vertex 36.5438 24.8540 4.6000
    endloop
  endfacet
  facet normal -0.7280719330771153 -0.6855007368816991 0
    outer loop
      vertex 35.6999 25.7503 3.2500
      vertex 36.5438 24.8540 4.6000
      vertex 35.6999 25.7503 4.6000
    endloop
  endfacet
  facet normal 0 0 -1
    outer loop
      vertex 27.6899 27.2300 4.6000
      vertex 35.6999 25.7503 4.6000
      vertex 36.5438 24.8540 4.6000
    endloop
  endfacet
  facet normal 0 0 1
    outer loop
      vertex 27.6899 27.2300 3.2500
      vertex 36.5438 24.8540 3.2500
      vertex 35.6999 25.7503 3.2500
    endloop
  endfacet
  facet normal -0.747508326862593 -0.6642524379112859 0
    outer loop
      vertex 36.5438 24.8540 3.2500
      vertex 37.3615 23.9337 3.2500
      vertex 37.3615 23.9337 4.6000
    endloop
  endfacet
  facet normal -0.747508326862593 -0.6642524379112859 0
    outer loop
      vertex 36.5438 24.8540 3.2500
      vertex 37.3615 23.9337 4.6000
      vertex 36.5438 24.8540 4.6000
    endloop
  endfacet
  facet normal 0 0 -1
    outer loop
      vertex 27.6899 27.2300 4.6000
      vertex 36.5438 24.8540 4.6000
      vertex 37.3615 23.9337 4.6000
    endloop
  endfacet
  facet normal 0 0 1
    outer loop
      vertex 27.6899 27.2300 3.2500
      vertex 37.3615 23.9337 3.2500
      vertex 36.5438 24.8540 3.2500
    endloop
  endfacet
  facet normal -0.7663248391925587 -0.642453298564572 0
    outer loop
      vertex 37.3615 23.9337 3.2500
      vertex 38.1524 22.9903 3.2500
      vertex 38.1524 22.9903 4.6000
    endloop
  endfacet
  facet normal -0.7663248391925587 -0.642453298564572 0
    outer loop
      vertex 37.3615 23.9337 3.2500
      vertex 38.1524 22.9903 4.6000
      vertex 37.3615 23.9337 4.6000
    endloop
  endfacet
  facet normal 0 0 -1
    outer loop
      vertex 27.6899 27.2300 4.6000
      vertex 37.3615 23.9337 4.6000
      vertex 38.1524 22.9903 4.6000
    endloop
  endfacet
  facet normal 0 0 1
    outer loop
      vertex 27.6899 27.2300 3.2500
      vertex 38.1524 22.9903 3.2500
      vertex 37.3615 23.9337 3.2500
    endloop
  endfacet
  facet normal -0.7845058662180007 -0.6201213960746272 0
    outer loop
      vertex 38.1524 22.9903 3.2500
      vertex 38.9159 22.0246 3.2500
      vertex 38.9159 22.0246 4.6000
    endloop
  endfacet
  facet normal -0.7845058662180007 -0.6201213960746272 0
    outer loop
      vertex 38.1524 22.9903 3.2500
      vertex 38.9159 22.0246 4.6000
      vertex 38.1524 22.9903 4.6000
    endloop
  endfacet
  facet normal 0 0 -1
    outer loop
      vertex 27.6899 27.2300 4.6000
      vertex 38.1524 22.9903 4.6000
      vertex 38.9159 22.0246 4.6000
    endloop
  endfacet
  facet normal 0 0 1
    outer loop
      vertex 27.6899 27.2300 3.2500
      vertex 38.9159 22.0246 3.2500
      vertex 38.1524 22.9903 3.2500
    endloop
  endfacet
  facet normal -0.8020363310747837 -0.5972752494755663 0
    outer loop
      vertex 38.9159 22.0246 3.2500
      vertex 39.6511 21.0372 3.2500
      vertex 39.6511 21.0372 4.6000
    endloop
  endfacet
  facet normal -0.8020363310747837 -0.5972752494755663 0
    outer loop
      vertex 38.9159 22.0246 3.2500
      vertex 39.6511 21.0372 4.6000
      vertex 38.9159 22.0246 4.6000
    endloop
  endfacet
  facet normal 0 0 -1
    outer loop
      vertex 27.6899 27.2300 4.6000
      vertex 38.9159 22.0246 4.6000
      vertex 39.6511 21.0372 4.6000
    endloop
  endfacet
  facet normal 0 0 1
    outer loop
      vertex 27.6899 27.2300 3.2500
      vertex 39.6511 21.0372 3.2500
      vertex 38.9159 22.0246 3.2500
    endloop
  endfacet
  facet normal -0.8189016963862858 -0.5739338042454578 0
    outer loop
      vertex 39.6511 21.0372 3.2500
      vertex 40.3577 20.0291 3.2500
      vertex 40.3577 20.0291 4.6000
    endloop
  endfacet
  facet normal -0.8189016963862858 -0.5739338042454578 0
    outer loop
      vertex 39.6511 21.0372 3.2500
      vertex 40.3577 20.0291 4.6000
      vertex 39.6511 21.0372 4.6000
    endloop
  endfacet
  facet normal 0 0 -1
    outer loop
      vertex 27.6899 27.2300 4.6000
      vertex 39.6511 21.0372 4.6000
      vertex 40.3577 20.0291 4.6000
    endloop
  endfacet
  facet normal 0 0 1
    outer loop
      vertex 27.6899 27.2300 3.2500
      vertex 40.3577 20.0291 3.2500
      vertex 39.6511 21.0372 3.2500
    endloop
  endfacet
  facet normal -0.8350879763187434 -0.5501164165954928 0
    outer loop
      vertex 40.3577 20.0291 3.2500
      vertex 41.0349 19.0010 3.2500
      vertex 41.0349 19.0010 4.6000
    endloop
  endfacet
  facet normal -0.8350879763187434 -0.5501164165954928 0
    outer loop
      vertex 40.3577 20.0291 3.2500
      vertex 41.0349 19.0010 4.6000
      vertex 40.3577 20.0291 4.6000
    endloop
  endfacet
  facet normal 0 0 -1
    outer loop
      vertex 27.6899 27.2300 4.6000
      vertex 40.3577 20.0291 4.6000
      vertex 41.0349 19.0010 4.6000
    endloop
  endfacet
  facet normal 0 0 1
    outer loop
      vertex 27.6899 27.2300 3.2500
      vertex 41.0349 19.0010 3.2500
      vertex 40.3577 20.0291 3.2500
    endloop
  endfacet
  facet normal -0.8505817481791849 -0.5258428374185974 0
    outer loop
      vertex 41.0349 19.0010 3.2500
      vertex 41.6823 17.9539 3.2500
      vertex 41.6823 17.9539 4.6000
    endloop
  endfacet
  facet normal -0.8505817481791849 -0.5258428374185974 0
    outer loop
      vertex 41.0349 19.0010 3.2500
      vertex 41.6823 17.9539 4.6000
      vertex 41.0349 19.0010 4.6000
    endloop
  endfacet
  facet normal 0 0 -1
    outer loop
      vertex 27.6899 27.2300 4.6000
      vertex 41.0349 19.0010 4.6000
      vertex 41.6823 17.9539 4.6000
    endloop
  endfacet
  facet normal 0 0 1
    outer loop
      vertex 27.6899 27.2300 3.2500
      vertex 41.6823 17.9539 3.2500
      vertex 41.0349 19.0010 3.2500
    endloop
  endfacet
  facet normal -0.8653701635463877 -0.5011331959107259 0
    outer loop
      vertex 41.6823 17.9539 3.2500
      vertex 42.2992 16.8886 3.2500
      vertex 42.2992 16.8886 4.6000
    endloop
  endfacet
  facet normal -0.8653701635463877 -0.5011331959107259 0
    outer loop
      vertex 41.6823 17.9539 3.2500
      vertex 42.2992 16.8886 4.6000
      vertex 41.6823 17.9539 4.6000
    endloop
  endfacet
  facet normal 0 0 -1
    outer loop
      vertex 27.6899 27.2300 4.6000
      vertex 41.6823 17.9539 4.6000
      vertex 42.2992 16.8886 4.6000
    endloop
  endfacet
  facet normal 0 0 1
    outer loop
      vertex 27.6899 27.2300 3.2500
      vertex 42.2992 16.8886 3.2500
      vertex 41.6823 17.9539 3.2500
    endloop
  endfacet
  facet normal -0.8794409589256079 -0.4760079828784461 0
    outer loop
      vertex 42.2992 16.8886 3.2500
      vertex 42.8852 15.8059 3.2500
      vertex 42.8852 15.8059 4.6000
    endloop
  endfacet
  facet normal -0.8794409589256079 -0.4760079828784461 0
    outer loop
      vertex 42.2992 16.8886 3.2500
      vertex 42.8852 15.8059 4.6000
      vertex 42.2992 16.8886 4.6000
    endloop
  endfacet
  facet normal 0 0 -1
    outer loop
      vertex 27.6899 27.2300 4.6000
      vertex 42.2992 16.8886 4.6000
      vertex 42.8852 15.8059 4.6000
    endloop
  endfacet
  facet normal 0 0 1
    outer loop
      vertex 27.6899 27.2300 3.2500
      vertex 42.8852 15.8059 3.2500
      vertex 42.2992 16.8886 3.2500
    endloop
  endfacet
  facet normal -0.8927824659182191 -0.4504880337467179 0
    outer loop
      vertex 42.8852 15.8059 3.2500
      vertex 43.4398 14.7068 3.2500
      vertex 43.4398 14.7068 4.6000
    endloop
  endfacet
  facet normal -0.8927824659182191 -0.4504880337467179 0
    outer loop
      vertex 42.8852 15.8059 3.2500
      vertex 43.4398 14.7068 4.6000
      vertex 42.8852 15.8059 4.6000
    endloop
  endfacet
  facet normal 0 0 -1
    outer loop
      vertex 27.6899 27.2300 4.6000
      vertex 42.8852 15.8059 4.6000
      vertex 43.4398 14.7068 4.6000
    endloop
  endfacet
  facet normal 0 0 1
    outer loop
      vertex 27.6899 27.2300 3.2500
      vertex 43.4398 14.7068 3.2500
      vertex 42.8852 15.8059 3.2500
    endloop
  endfacet
  facet normal -0.9053836208979544 -0.4245945112807147 0
    outer loop
      vertex 43.4398 14.7068 3.2500
      vertex 43.9625 13.5922 3.2500
      vertex 43.9625 13.5922 4.6000
    endloop
  endfacet
  facet normal -0.9053836208979544 -0.4245945112807147 0
    outer loop
      vertex 43.4398 14.7068 3.2500
      vertex 43.9625 13.5922 4.6000
      vertex 43.4398 14.7068 4.6000
    endloop
  endfacet
  facet normal 0 0 -1
    outer loop
      vertex 27.6899 27.2300 4.6000
      vertex 43.4398 14.7068 4.6000
      vertex 43.9625 13.5922 4.6000
    endloop
  endfacet
  facet normal 0 0 1
    outer loop
      vertex 27.6899 27.2300 3.2500
      vertex 43.9625 13.5922 3.2500
      vertex 43.4398 14.7068 3.2500
    endloop
  endfacet
  facet normal -0.9172339741855088 -0.3983488880364267 0
    outer loop
      vertex 43.9625 13.5922 3.2500
      vertex 44.4529 12.4631 3.2500
      vertex 44.4529 12.4631 4.6000
    endloop
  endfacet
  facet normal -0.9172339741855088 -0.3983488880364267 0
    outer loop
      vertex 43.9625 13.5922 3.2500
      vertex 44.4529 12.4631 4.6000
      vertex 43.9625 13.5922 4.6000
    endloop
  endfacet
  facet normal 0 0 -1
    outer loop
      vertex 27.6899 27.2300 4.6000
      vertex 43.9625 13.5922 4.6000
      vertex 44.4529 12.4631 4.6000
    endloop
  endfacet
  facet normal 0 0 1
    outer loop
      vertex 27.6899 27.2300 3.2500
      vertex 44.4529 12.4631 3.2500
      vertex 43.9625 13.5922 3.2500
    endloop
  endfacet
  facet normal -0.9283236987140988 -0.3717729285542114 0
    outer loop
      vertex 44.4529 12.4631 3.2500
      vertex 44.9106 11.3202 3.2500
      vertex 44.9106 11.3202 4.6000
    endloop
  endfacet
  facet normal -0.9283236987140988 -0.3717729285542114 0
    outer loop
      vertex 44.4529 12.4631 3.2500
      vertex 44.9106 11.3202 4.6000
      vertex 44.4529 12.4631 4.6000
    endloop
  endfacet
  facet normal 0 0 -1
    outer loop
      vertex 27.6899 27.2300 4.6000
      vertex 44.4529 12.4631 4.6000
      vertex 44.9106 11.3202 4.6000
    endloop
  endfacet
  facet normal 0 0 1
    outer loop
      vertex 27.6899 27.2300 3.2500
      vertex 44.9106 11.3202 3.2500
      vertex 44.4529 12.4631 3.2500
    endloop
  endfacet
  facet normal -0.938643598178706 -0.34488867131022405 0
    outer loop
      vertex 44.9106 11.3202 3.2500
      vertex 45.3351 10.1647 3.2500
      vertex 45.3351 10.1647 4.6000
    endloop
  endfacet
  facet normal -0.938643598178706 -0.34488867131022405 0
    outer loop
      vertex 44.9106 11.3202 3.2500
      vertex 45.3351 10.1647 4.6000
      vertex 44.9106 11.3202 4.6000
    endloop
  endfacet
  facet normal 0 0 -1
    outer loop
      vertex 27.6899 27.2300 4.6000
      vertex 44.9106 11.3202 4.6000
      vertex 45.3351 10.1647 4.6000
    endloop
  endfacet
  facet normal 0 0 1
    outer loop
      vertex 27.6899 27.2300 3.2500
      vertex 45.3351 10.1647 3.2500
      vertex 44.9106 11.3202 3.2500
    endloop
  endfacet
  facet normal -0.9481851146622189 -0.31771841044074645 0
    outer loop
      vertex 45.3351 10.1647 3.2500
      vertex 45.7263 8.9974 3.2500
      vertex 45.7263 8.9974 4.6000
    endloop
  endfacet
  facet normal -0.9481851146622189 -0.31771841044074645 0
    outer loop
      vertex 45.3351 10.1647 3.2500
      vertex 45.7263 8.9974 4.6000
      vertex 45.3351 10.1647 4.6000
    endloop
  endfacet
  facet normal 0 0 -1
    outer loop
      vertex 27.6899 27.2300 4.6000
      vertex 45.3351 10.1647 4.6000
      vertex 45.7263 8.9974 4.6000
    endloop
  endfacet
  facet normal 0 0 1
    outer loop
      vertex 27.6899 27.2300 3.2500
      vertex 45.7263 8.9974 3.2500
      vertex 45.3351 10.1647 3.2500
    endloop
  endfacet
  facet normal -0.9569403357322077 -0.29028467725446644 0
    outer loop
      vertex 45.7263 8.9974 3.2500
      vertex 46.0836 7.8194 3.2500
      vertex 46.0836 7.8194 4.6000
    endloop
  endfacet
  facet normal -0.9569403357322077 -0.29028467725446644 0
    outer loop
      vertex 45.7263 8.9974 3.2500
      vertex 46.0836 7.8194 4.6000
      vertex 45.7263 8.9974 4.6000
    endloop
  endfacet
  facet normal 0 0 -1
    outer loop
      vertex 27.6899 27.2300 4.6000
      vertex 45.7263 8.9974 4.6000
      vertex 46.0836 7.8194 4.6000
    endloop
  endfacet
  facet normal 0 0 1
    outer loop
      vertex 27.6899 27.2300 3.2500
      vertex 46.0836 7.8194 3.2500
      vertex 45.7263 8.9974 3.2500
    endloop
  endfacet
  facet normal -0.9648852672693521 -0.26267169814532865 0
    outer loop
      vertex 46.0836 7.8194 3.2500
      vertex 46.4042 6.6419 3.2500
      vertex 46.4042 6.6419 4.6000
    endloop
  endfacet
  facet normal -0.9648852672693521 -0.26267169814532865 0
    outer loop
      vertex 46.0836 7.8194 3.2500
      vertex 46.4042 6.6419 4.6000
      vertex 46.0836 7.8194 4.6000
    endloop
  endfacet
  facet normal 0 0 -1
    outer loop
      vertex 27.6899 27.2300 4.6000
      vertex 46.0836 7.8194 4.6000
      vertex 46.4042 6.6419 4.6000
    endloop
  endfacet
  facet normal 0 0 1
    outer loop
      vertex 27.6899 27.2300 3.2500
      vertex 46.4042 6.6419 3.2500
      vertex 46.0836 7.8194 3.2500
    endloop
  endfacet
  facet normal -0.26261022154805724 0.9649020010024231 0
    outer loop
      vertex 46.4042 6.6419 3.2500
      vertex 44.9568 6.2480 3.2500
      vertex 44.9568 6.2480 4.6000
    endloop
  endfacet
  facet normal -0.26261022154805724 0.9649020010024231 0
    outer loop
      vertex 46.4042 6.6419 3.2500
      vertex 44.9568 6.2480 4.6000
      vertex 46.4042 6.6419 4.6000
    endloop
  endfacet
  facet normal 0 0 -1
    outer loop
      vertex 27.6899 27.2300 4.6000
      vertex 46.4042 6.6419 4.6000
      vertex 44.9568 6.2480 4.6000
    endloop
  endfacet
  facet normal 0 0 1
    outer loop
      vertex 27.6899 27.2300 3.2500
      vertex 44.9568 6.2480 3.2500
      vertex 46.4042 6.6419 3.2500
    endloop
  endfacet
  facet normal -0.41335833964970825 -0.9105684395156887 0
    outer loop
      vertex -4.7419 -43.5557 3.2500
      vertex -3.7494 -44.0062 3.2500
      vertex -3.7494 -44.0062 4.6000
    endloop
  endfacet
  facet normal -0.41335833964970825 -0.9105684395156887 0
    outer loop
      vertex -4.7419 -43.5557 3.2500
      vertex -3.7494 -44.0062 4.6000
      vertex -4.7419 -43.5557 4.6000
    endloop
  endfacet
  facet normal 0 0 1
    outer loop
      vertex 20.0812 -44.1530 4.6000
      vertex -4.7419 -43.5557 4.6000
      vertex -3.7494 -44.0062 4.6000
    endloop
  endfacet
  facet normal 0 0 -1
    outer loop
      vertex 20.0812 -44.1530 3.2500
      vertex -3.7494 -44.0062 3.2500
      vertex -4.7419 -43.5557 3.2500
    endloop
  endfacet
  facet normal -0.3881188614311403 -0.9216093257999266 0
    outer loop
      vertex -3.7494 -44.0062 3.2500
      vertex -2.7538 -44.4255 3.2500
      vertex -2.7538 -44.4255 4.6000
    endloop
  endfacet
  facet normal -0.3881188614311403 -0.9216093257999266 0
    outer loop
      vertex -3.7494 -44.0062 3.2500
      vertex -2.7538 -44.4255 4.6000
      vertex -3.7494 -44.0062 4.6000
    endloop
  endfacet
  facet normal 0 0 1
    outer loop
      vertex 20.0812 -44.1530 4.6000
      vertex -3.7494 -44.0062 4.6000
      vertex -2.7538 -44.4255 4.6000
    endloop
  endfacet
  facet normal 0 0 -1
    outer loop
      vertex 20.0812 -44.1530 3.2500
      vertex -2.7538 -44.4255 3.2500
      vertex -3.7494 -44.0062 3.2500
    endloop
  endfacet
  facet normal -0.3626413622313705 -0.9319287753895015 0
    outer loop
      vertex -2.7538 -44.4255 3.2500
      vertex -1.7471 -44.8172 3.2500
      vertex -1.7471 -44.8172 4.6000
    endloop
  endfacet
  facet normal -0.3626413622313705 -0.9319287753895015 0
    outer loop
      vertex -2.7538 -44.4255 3.2500
      vertex -1.7471 -44.8172 4.6000
      vertex -2.7538 -44.4255 4.6000
    endloop
  endfacet
  facet normal 0 0 1
    outer loop
      vertex 20.0812 -44.1530 4.6000
      vertex -2.7538 -44.4255 4.6000
      vertex -1.7471 -44.8172 4.6000
    endloop
  endfacet
  facet normal 0 0 -1
    outer loop
      vertex 20.0812 -44.1530 3.2500
      vertex -1.7471 -44.8172 3.2500
      vertex -2.7538 -44.4255 3.2500
    endloop
  endfacet
  facet normal -0.33688985339222266 -0.9415440651830198 0
    outer loop
      vertex -1.7471 -44.8172 3.2500
      vertex -0.7300 -45.1812 3.2500
      vertex -0.7300 -45.1812 4.6000
    endloop
  endfacet
  facet normal -0.33688985339222266 -0.9415440651830198 0
    outer loop
      vertex -1.7471 -44.8172 3.2500
      vertex -0.7300 -45.1812 4.6000
      vertex -1.7471 -44.8172 4.6000
    endloop
  endfacet
  facet normal 0 0 1
    outer loop
      vertex 20.0812 -44.1530 4.6000
      vertex -1.7471 -44.8172 4.6000
      vertex -0.7300 -45.1812 4.6000
    endloop
  endfacet
  facet normal 0 0 -1
    outer loop
      vertex 20.0812 -44.1530 3.2500
      vertex -0.7300 -45.1812 3.2500
      vertex -1.7471 -44.8172 3.2500
    endloop
  endfacet
  facet normal -0.31088379259939497 -0.9504479299251571 0
    outer loop
      vertex -0.7300 -45.1812 3.2500
      vertex 0.2968 -45.5170 3.2500
      vertex 0.2968 -45.5170 4.6000
    endloop
  endfacet
  facet normal -0.31088379259939497 -0.9504479299251571 0
    outer loop
      vertex -0.7300 -45.1812 3.2500
      vertex 0.2968 -45.5170 4.6000
      vertex -0.7300 -45.1812 4.6000
    endloop
  endfacet
  facet normal 0 0 1
    outer loop
      vertex 20.0812 -44.1530 4.6000
      vertex -0.7300 -45.1812 4.6000
      vertex 0.2968 -45.5170 4.6000
    endloop
  endfacet
  facet normal 0 0 -1
    outer loop
      vertex 20.0812 -44.1530 3.2500
      vertex 0.2968 -45.5170 3.2500
      vertex -0.7300 -45.1812 3.2500
    endloop
  endfacet
  facet normal -0.28464282987653966 -0.9586336419090847 0
    outer loop
      vertex 0.2968 -45.5170 3.2500
      vertex 1.3324 -45.8245 3.2500
      vertex 1.3324 -45.8245 4.6000
    endloop
  endfacet
  facet normal -0.28464282987653966 -0.9586336419090847 0
    outer loop
      vertex 0.2968 -45.5170 3.2500
      vertex 1.3324 -45.8245 4.6000
      vertex 0.2968 -45.5170 4.6000
    endloop
  endfacet
  facet normal 0 0 1
    outer loop
      vertex 20.0812 -44.1530 4.6000
      vertex 0.2968 -45.5170 4.6000
      vertex 1.3324 -45.8245 4.6000
    endloop
  endfacet
  facet normal 0 0 -1
    outer loop
      vertex 20.0812 -44.1530 3.2500
      vertex 1.3324 -45.8245 3.2500
      vertex 0.2968 -45.5170 3.2500
    endloop
  endfacet
  facet normal -0.2581867927377709 -0.9660950160599024 0
    outer loop
      vertex 1.3324 -45.8245 3.2500
      vertex 2.3760 -46.1034 3.2500
      vertex 2.3760 -46.1034 4.6000
    endloop
  endfacet
  facet normal -0.2581867927377709 -0.9660950160599024 0
    outer loop
      vertex 1.3324 -45.8245 3.2500
      vertex 2.3760 -46.1034 4.6000
      vertex 1.3324 -45.8245 4.6000
    endloop
  endfacet
  facet normal 0 0 1
    outer loop
      vertex 20.0812 -44.1530 4.6000
      vertex 1.3324 -45.8245 4.6000
      vertex 2.3760 -46.1034 4.6000
    endloop
  endfacet
  facet normal 0 0 -1
    outer loop
      vertex 20.0812 -44.1530 3.2500
      vertex 2.3760 -46.1034 3.2500
      vertex 1.3324 -45.8245 3.2500
    endloop
  endfacet
  facet normal -0.23153567120616428 -0.9728264146080282 0
    outer loop
      vertex 2.3760 -46.1034 3.2500
      vertex 3.4270 -46.3535 3.2500
      vertex 3.4270 -46.3535 4.6000
    endloop
  endfacet
  facet normal -0.23153567120616428 -0.9728264146080282 0
    outer loop
      vertex 2.3760 -46.1034 3.2500
      vertex 3.4270 -46.3535 4.6000
      vertex 2.3760 -46.1034 4.6000
    endloop
  endfacet
  facet normal 0 0 1
    outer loop
      vertex 20.0812 -44.1530 4.6000
      vertex 2.3760 -46.1034 4.6000
      vertex 3.4270 -46.3535 4.6000
    endloop
  endfacet
  facet normal 0 0 -1
    outer loop
      vertex 20.0812 -44.1530 3.2500
      vertex 3.4270 -46.3535 3.2500
      vertex 2.3760 -46.1034 3.2500
    endloop
  endfacet
  facet normal -0.20470960270938754 -0.9788227513490706 0
    outer loop
      vertex 3.4270 -46.3535 3.2500
      vertex 4.4844 -46.5747 3.2500
      vertex 4.4844 -46.5747 4.6000
    endloop
  endfacet
  facet normal -0.20470960270938754 -0.9788227513490706 0
    outer loop
      vertex 3.4270 -46.3535 3.2500
      vertex 4.4844 -46.5747 4.6000
      vertex 3.4270 -46.3535 4.6000
    endloop
  endfacet
  facet normal 0 0 1
    outer loop
      vertex 20.0812 -44.1530 4.6000
      vertex 3.4270 -46.3535 4.6000
      vertex 4.4844 -46.5747 4.6000
    endloop
  endfacet
  facet normal 0 0 -1
    outer loop
      vertex 20.0812 -44.1530 3.2500
      vertex 4.4844 -46.5747 3.2500
      vertex 3.4270 -46.3535 3.2500
    endloop
  endfacet
  facet normal -0.17772885686395673 -0.9840794954869405 0
    outer loop
      vertex 4.4844 -46.5747 3.2500
      vertex 5.5475 -46.7667 3.2500
      vertex 5.5475 -46.7667 4.6000
    endloop
  endfacet
  facet normal -0.17772885686395673 -0.9840794954869405 0
    outer loop
      vertex 4.4844 -46.5747 3.2500
      vertex 5.5475 -46.7667 4.6000
      vertex 4.4844 -46.5747 4.6000
    endloop
  endfacet
  facet normal 0 0 1
    outer loop
      vertex 20.0812 -44.1530 4.6000
      vertex 4.4844 -46.5747 4.6000
      vertex 5.5475 -46.7667 4.6000
    endloop
  endfacet
  facet normal 0 0 -1
    outer loop
      vertex 20.0812 -44.1530 3.2500
      vertex 5.5475 -46.7667 3.2500
      vertex 4.4844 -46.5747 3.2500
    endloop
  endfacet
  facet normal -0.15061382015971275 -0.9885926750572743 0
    outer loop
      vertex 5.5475 -46.7667 3.2500
      vertex 6.6154 -46.9294 3.2500
      vertex 6.6154 -46.9294 4.6000
    endloop
  endfacet
  facet normal -0.15061382015971275 -0.9885926750572743 0
    outer loop
      vertex 5.5475 -46.7667 3.2500
      vertex 6.6154 -46.9294 4.6000
      vertex 5.5475 -46.7667 4.6000
    endloop
  endfacet
  facet normal 0 0 1
    outer loop
      vertex 20.0812 -44.1530 4.6000
      vertex 5.5475 -46.7667 4.6000
      vertex 6.6154 -46.9294 4.6000
    endloop
  endfacet
  facet normal 0 0 -1
    outer loop
      vertex 20.0812 -44.1530 3.2500
      vertex 6.6154 -46.9294 3.2500
      vertex 5.5475 -46.7667 3.2500
    endloop
  endfacet
  facet normal -0.12338498055585242 -0.9923588799286435 0
    outer loop
      vertex 6.6154 -46.9294 3.2500
      vertex 7.6874 -47.0627 3.2500
      vertex 7.6874 -47.0627 4.6000
    endloop
  endfacet
  facet normal -0.12338498055585242 -0.9923588799286435 0
    outer loop
      vertex 6.6154 -46.9294 3.2500
      vertex 7.6874 -47.0627 4.6000
      vertex 6.6154 -46.9294 4.6000
    endloop
  endfacet
  facet normal 0 0 1
    outer loop
      vertex 20.0812 -44.1530 4.6000
      vertex 6.6154 -46.9294 4.6000
      vertex 7.6874 -47.0627 4.6000
    endloop
  endfacet
  facet normal 0 0 -1
    outer loop
      vertex 20.0812 -44.1530 3.2500
      vertex 7.6874 -47.0627 3.2500
      vertex 6.6154 -46.9294 3.2500
    endloop
  endfacet
  facet normal -0.09606291200033168 -0.9953752643792273 0
    outer loop
      vertex 7.6874 -47.0627 3.2500
      vertex 8.7627 -47.1664 3.2500
      vertex 8.7627 -47.1664 4.6000
    endloop
  endfacet
  facet normal -0.09606291200033168 -0.9953752643792273 0
    outer loop
      vertex 7.6874 -47.0627 3.2500
      vertex 8.7627 -47.1664 4.6000
      vertex 7.6874 -47.0627 4.6000
    endloop
  endfacet
  facet normal 0 0 1
    outer loop
      vertex 20.0812 -44.1530 4.6000
      vertex 7.6874 -47.0627 4.6000
      vertex 8.7627 -47.1664 4.6000
    endloop
  endfacet
  facet normal 0 0 -1
    outer loop
      vertex 20.0812 -44.1530 3.2500
      vertex 8.7627 -47.1664 3.2500
      vertex 7.6874 -47.0627 3.2500
    endloop
  endfacet
  facet normal -0.06866825888437517 -0.9976395492470155 0
    outer loop
      vertex 8.7627 -47.1664 3.2500
      vertex 9.8405 -47.2406 3.2500
      vertex 9.8405 -47.2406 4.6000
    endloop
  endfacet
  facet normal -0.06866825888437517 -0.9976395492470155 0
    outer loop
      vertex 8.7627 -47.1664 3.2500
      vertex 9.8405 -47.2406 4.6000
      vertex 8.7627 -47.1664 4.6000
    endloop
  endfacet
  facet normal 0 0 1
    outer loop
      vertex 20.0812 -44.1530 4.6000
      vertex 8.7627 -47.1664 4.6000
      vertex 9.8405 -47.2406 4.6000
    endloop
  endfacet
  facet normal 0 0 -1
    outer loop
      vertex 20.0812 -44.1530 3.2500
      vertex 9.8405 -47.2406 3.2500
      vertex 8.7627 -47.1664 3.2500
    endloop
  endfacet
  facet normal -0.04122172044364925 -0.9991500236519366 0
    outer loop
      vertex 9.8405 -47.2406 3.2500
      vertex 10.9198 -47.2852 3.2500
      vertex 10.9198 -47.2852 4.6000
    endloop
  endfacet
  facet normal -0.04122172044364925 -0.9991500236519366 0
    outer loop
      vertex 9.8405 -47.2406 3.2500
      vertex 10.9198 -47.2852 4.6000
      vertex 9.8405 -47.2406 4.6000
    endloop
  endfacet
  facet normal 0 0 1
    outer loop
      vertex 20.0812 -44.1530 4.6000
      vertex 9.8405 -47.2406 4.6000
      vertex 10.9198 -47.2852 4.6000
    endloop
  endfacet
  facet normal 0 0 -1
    outer loop
      vertex 20.0812 -44.1530 3.2500
      vertex 10.9198 -47.2852 3.2500
      vertex 9.8405 -47.2406 3.2500
    endloop
  endfacet
  facet normal -0.01374403511805812 -0.999905546288585 0
    outer loop
      vertex 10.9198 -47.2852 3.2500
      vertex 12.0000 -47.3000 3.2500
      vertex 12.0000 -47.3000 4.6000
    endloop
  endfacet
  facet normal -0.01374403511805812 -0.999905546288585 0
    outer loop
      vertex 10.9198 -47.2852 3.2500
      vertex 12.0000 -47.3000 4.6000
      vertex 10.9198 -47.2852 4.6000
    endloop
  endfacet
  facet normal 0 0 1
    outer loop
      vertex 20.0812 -44.1530 4.6000
      vertex 10.9198 -47.2852 4.6000
      vertex 12.0000 -47.3000 4.6000
    endloop
  endfacet
  facet normal 0 0 -1
    outer loop
      vertex 20.0812 -44.1530 3.2500
      vertex 12.0000 -47.3000 3.2500
      vertex 10.9198 -47.2852 3.2500
    endloop
  endfacet
  facet normal 0.013744035118058596 -0.999905546288585 0
    outer loop
      vertex 12.0000 -47.3000 3.2500
      vertex 13.0802 -47.2852 3.2500
      vertex 13.0802 -47.2852 4.6000
    endloop
  endfacet
  facet normal 0.013744035118058596 -0.999905546288585 0
    outer loop
      vertex 12.0000 -47.3000 3.2500
      vertex 13.0802 -47.2852 4.6000
      vertex 12.0000 -47.3000 4.6000
    endloop
  endfacet
  facet normal 0 0 1
    outer loop
      vertex 20.0812 -44.1530 4.6000
      vertex 12.0000 -47.3000 4.6000
      vertex 13.0802 -47.2852 4.6000
    endloop
  endfacet
  facet normal 0 0 -1
    outer loop
      vertex 20.0812 -44.1530 3.2500
      vertex 13.0802 -47.2852 3.2500
      vertex 12.0000 -47.3000 3.2500
    endloop
  endfacet
  facet normal 0.0412217204436479 -0.9991500236519367 0
    outer loop
      vertex 13.0802 -47.2852 3.2500
      vertex 14.1595 -47.2406 3.2500
      vertex 14.1595 -47.2406 4.6000
    endloop
  endfacet
  facet normal 0.0412217204436479 -0.9991500236519367 0
    outer loop
      vertex 13.0802 -47.2852 3.2500
      vertex 14.1595 -47.2406 4.6000
      vertex 13.0802 -47.2852 4.6000
    endloop
  endfacet
  facet normal 0 0 1
    outer loop
      vertex 20.0812 -44.1530 4.6000
      vertex 13.0802 -47.2852 4.6000
      vertex 14.1595 -47.2406 4.6000
    endloop
  endfacet
  facet normal 0 0 -1
    outer loop
      vertex 20.0812 -44.1530 3.2500
      vertex 14.1595 -47.2406 3.2500
      vertex 13.0802 -47.2852 3.2500
    endloop
  endfacet
  facet normal 0.06866825888437753 -0.9976395492470153 0
    outer loop
      vertex 14.1595 -47.2406 3.2500
      vertex 15.2373 -47.1664 3.2500
      vertex 15.2373 -47.1664 4.6000
    endloop
  endfacet
  facet normal 0.06866825888437753 -0.9976395492470153 0
    outer loop
      vertex 14.1595 -47.2406 3.2500
      vertex 15.2373 -47.1664 4.6000
      vertex 14.1595 -47.2406 4.6000
    endloop
  endfacet
  facet normal 0 0 1
    outer loop
      vertex 20.0812 -44.1530 4.6000
      vertex 14.1595 -47.2406 4.6000
      vertex 15.2373 -47.1664 4.6000
    endloop
  endfacet
  facet normal 0 0 -1
    outer loop
      vertex 20.0812 -44.1530 3.2500
      vertex 15.2373 -47.1664 3.2500
      vertex 14.1595 -47.2406 3.2500
    endloop
  endfacet
  facet normal 0.09606291200033129 -0.9953752643792273 0
    outer loop
      vertex 15.2373 -47.1664 3.2500
      vertex 16.3126 -47.0627 3.2500
      vertex 16.3126 -47.0627 4.6000
    endloop
  endfacet
  facet normal 0.09606291200033129 -0.9953752643792273 0
    outer loop
      vertex 15.2373 -47.1664 3.2500
      vertex 16.3126 -47.0627 4.6000
      vertex 15.2373 -47.1664 4.6000
    endloop
  endfacet
  facet normal 0 0 1
    outer loop
      vertex 20.0812 -44.1530 4.6000
      vertex 15.2373 -47.1664 4.6000
      vertex 16.3126 -47.0627 4.6000
    endloop
  endfacet
  facet normal 0 0 -1
    outer loop
      vertex 20.0812 -44.1530 3.2500
      vertex 16.3126 -47.0627 3.2500
      vertex 15.2373 -47.1664 3.2500
    endloop
  endfacet
  facet normal 0.12338498055585528 -0.9923588799286431 0
    outer loop
      vertex 16.3126 -47.0627 3.2500
      vertex 17.3846 -46.9294 3.2500
      vertex 17.3846 -46.9294 4.6000
    endloop
  endfacet
  facet normal 0.12338498055585528 -0.9923588799286431 0
    outer loop
      vertex 16.3126 -47.0627 3.2500
      vertex 17.3846 -46.9294 4.6000
      vertex 16.3126 -47.0627 4.6000
    endloop
  endfacet
  facet normal 0 0 1
    outer loop
      vertex 20.0812 -44.1530 4.6000
      vertex 16.3126 -47.0627 4.6000
      vertex 17.3846 -46.9294 4.6000
    endloop
  endfacet
  facet normal 0 0 -1
    outer loop
      vertex 20.0812 -44.1530 3.2500
      vertex 17.3846 -46.9294 3.2500
      vertex 16.3126 -47.0627 3.2500
    endloop
  endfacet
  facet normal 0.150613820159718 -0.9885926750572736 0
    outer loop
      vertex 17.3846 -46.9294 3.2500
      vertex 18.4525 -46.7667 3.2500
      vertex 18.4525 -46.7667 4.6000
    endloop
  endfacet
  facet normal 0.150613820159718 -0.9885926750572736 0
    outer loop
      vertex 17.3846 -46.9294 3.2500
      vertex 18.4525 -46.7667 4.6000
      vertex 17.3846 -46.9294 4.6000
    endloop
  endfacet
  facet normal 0 0 1
    outer loop
      vertex 20.0812 -44.1530 4.6000
      vertex 17.3846 -46.9294 4.6000
      vertex 18.4525 -46.7667 4.6000
    endloop
  endfacet
  facet normal 0 0 -1
    outer loop
      vertex 20.0812 -44.1530 3.2500
      vertex 18.4525 -46.7667 3.2500
      vertex 17.3846 -46.9294 3.2500
    endloop
  endfacet
  facet normal 0.17772885686395704 -0.9840794954869403 0
    outer loop
      vertex 18.4525 -46.7667 3.2500
      vertex 19.5156 -46.5747 3.2500
      vertex 19.5156 -46.5747 4.6000
    endloop
  endfacet
  facet normal 0.17772885686395704 -0.9840794954869403 0
    outer loop
      vertex 18.4525 -46.7667 3.2500
      vertex 19.5156 -46.5747 4.6000
      vertex 18.4525 -46.7667 4.6000
    endloop
  endfacet
  facet normal 0 0 1
    outer loop
      vertex 20.0812 -44.1530 4.6000
      vertex 18.4525 -46.7667 4.6000
      vertex 19.5156 -46.5747 4.6000
    endloop
  endfacet
  facet normal 0 0 -1
    outer loop
      vertex 20.0812 -44.1530 3.2500
      vertex 19.5156 -46.5747 3.2500
      vertex 18.4525 -46.7667 3.2500
    endloop
  endfacet
  facet normal 0.20470960270938665 -0.9788227513490708 0
    outer loop
      vertex 19.5156 -46.5747 3.2500
      vertex 20.5730 -46.3535 3.2500
      vertex 20.5730 -46.3535 4.6000
    endloop
  endfacet
  facet normal 0.20470960270938665 -0.9788227513490708 0
    outer loop
      vertex 19.5156 -46.5747 3.2500
      vertex 20.5730 -46.3535 4.6000
      vertex 19.5156 -46.5747 4.6000
    endloop
  endfacet
  facet normal 0 0 1
    outer loop
      vertex 20.0812 -44.1530 4.6000
      vertex 19.5156 -46.5747 4.6000
      vertex 20.5730 -46.3535 4.6000
    endloop
  endfacet
  facet normal 0 0 -1
    outer loop
      vertex 20.0812 -44.1530 3.2500
      vertex 20.5730 -46.3535 3.2500
      vertex 19.5156 -46.5747 3.2500
    endloop
  endfacet
  facet normal 0.23153567120615837 -0.9728264146080293 0
    outer loop
      vertex 20.5730 -46.3535 3.2500
      vertex 21.6240 -46.1034 3.2500
      vertex 21.6240 -46.1034 4.6000
    endloop
  endfacet
  facet normal 0.23153567120615837 -0.9728264146080293 0
    outer loop
      vertex 20.5730 -46.3535 3.2500
      vertex 21.6240 -46.1034 4.6000
      vertex 20.5730 -46.3535 4.6000
    endloop
  endfacet
  facet normal 0 0 1
    outer loop
      vertex 20.0812 -44.1530 4.6000
      vertex 20.5730 -46.3535 4.6000
      vertex 21.6240 -46.1034 4.6000
    endloop
  endfacet
  facet normal 0 0 -1
    outer loop
      vertex 20.0812 -44.1530 3.2500
      vertex 21.6240 -46.1034 3.2500
      vertex 20.5730 -46.3535 3.2500
    endloop
  endfacet
  facet normal 0.2581867927377785 -0.9660950160599007 0
    outer loop
      vertex 21.6240 -46.1034 3.2500
      vertex 22.6676 -45.8245 3.2500
      vertex 22.6676 -45.8245 4.6000
    endloop
  endfacet
  facet normal 0.2581867927377785 -0.9660950160599007 0
    outer loop
      vertex 21.6240 -46.1034 3.2500
      vertex 22.6676 -45.8245 4.6000
      vertex 21.6240 -46.1034 4.6000
    endloop
  endfacet
  facet normal 0 0 1
    outer loop
      vertex 20.0812 -44.1530 4.6000
      vertex 21.6240 -46.1034 4.6000
      vertex 22.6676 -45.8245 4.6000
    endloop
  endfacet
  facet normal 0 0 -1
    outer loop
      vertex 20.0812 -44.1530 3.2500
      vertex 22.6676 -45.8245 3.2500
      vertex 21.6240 -46.1034 3.2500
    endloop
  endfacet
  facet normal 0.2846428298765444 -0.9586336419090834 0
    outer loop
      vertex 22.6676 -45.8245 3.2500
      vertex 23.7032 -45.5170 3.2500
      vertex 23.7032 -45.5170 4.6000
    endloop
  endfacet
  facet normal 0.2846428298765444 -0.9586336419090834 0
    outer loop
      vertex 22.6676 -45.8245 3.2500
      vertex 23.7032 -45.5170 4.6000
      vertex 22.6676 -45.8245 4.6000
    endloop
  endfacet
  facet normal 0 0 1
    outer loop
      vertex 20.0812 -44.1530 4.6000
      vertex 22.6676 -45.8245 4.6000
      vertex 23.7032 -45.5170 4.6000
    endloop
  endfacet
  facet normal 0 0 -1
    outer loop
      vertex 20.0812 -44.1530 3.2500
      vertex 23.7032 -45.5170 3.2500
      vertex 22.6676 -45.8245 3.2500
    endloop
  endfacet
  facet normal 0.310883792599391 -0.9504479299251584 0
    outer loop
      vertex 23.7032 -45.5170 3.2500
      vertex 24.7300 -45.1812 3.2500
      vertex 24.7300 -45.1812 4.6000
    endloop
  endfacet
  facet normal 0.310883792599391 -0.9504479299251584 0
    outer loop
      vertex 23.7032 -45.5170 3.2500
      vertex 24.7300 -45.1812 4.6000
      vertex 23.7032 -45.5170 4.6000
    endloop
  endfacet
  facet normal 0 0 1
    outer loop
      vertex 20.0812 -44.1530 4.6000
      vertex 23.7032 -45.5170 4.6000
      vertex 24.7300 -45.1812 4.6000
    endloop
  endfacet
  facet normal 0 0 -1
    outer loop
      vertex 20.0812 -44.1530 3.2500
      vertex 24.7300 -45.1812 3.2500
      vertex 23.7032 -45.5170 3.2500
    endloop
  endfacet
  facet normal 0.336889853392216 -0.9415440651830222 0
    outer loop
      vertex 24.7300 -45.1812 3.2500
      vertex 25.7471 -44.8172 3.2500
      vertex 25.7471 -44.8172 4.6000
    endloop
  endfacet
  facet normal 0.336889853392216 -0.9415440651830222 0
    outer loop
      vertex 24.7300 -45.1812 3.2500
      vertex 25.7471 -44.8172 4.6000
      vertex 24.7300 -45.1812 4.6000
    endloop
  endfacet
  facet normal 0 0 1
    outer loop
      vertex 20.0812 -44.1530 4.6000
      vertex 24.7300 -45.1812 4.6000
      vertex 25.7471 -44.8172 4.6000
    endloop
  endfacet
  facet normal 0 0 -1
    outer loop
      vertex 20.0812 -44.1530 3.2500
      vertex 25.7471 -44.8172 3.2500
      vertex 24.7300 -45.1812 3.2500
    endloop
  endfacet
  facet normal 0.36264136223137194 -0.9319287753895009 0
    outer loop
      vertex 25.7471 -44.8172 3.2500
      vertex 26.7538 -44.4255 3.2500
      vertex 26.7538 -44.4255 4.6000
    endloop
  endfacet
  facet normal 0.36264136223137194 -0.9319287753895009 0
    outer loop
      vertex 25.7471 -44.8172 3.2500
      vertex 26.7538 -44.4255 4.6000
      vertex 25.7471 -44.8172 4.6000
    endloop
  endfacet
  facet normal 0 0 1
    outer loop
      vertex 20.0812 -44.1530 4.6000
      vertex 25.7471 -44.8172 4.6000
      vertex 26.7538 -44.4255 4.6000
    endloop
  endfacet
  facet normal 0 0 -1
    outer loop
      vertex 20.0812 -44.1530 3.2500
      vertex 26.7538 -44.4255 3.2500
      vertex 25.7471 -44.8172 3.2500
    endloop
  endfacet
  facet normal 0.38811886143114466 -0.9216093257999248 0
    outer loop
      vertex 26.7538 -44.4255 3.2500
      vertex 27.7494 -44.0062 3.2500
      vertex 27.7494 -44.0062 4.6000
    endloop
  endfacet
  facet normal 0.38811886143114466 -0.9216093257999248 0
    outer loop
      vertex 26.7538 -44.4255 3.2500
      vertex 27.7494 -44.0062 4.6000
      vertex 26.7538 -44.4255 4.6000
    endloop
  endfacet
  facet normal 0 0 1
    outer loop
      vertex 20.0812 -44.1530 4.6000
      vertex 26.7538 -44.4255 4.6000
      vertex 27.7494 -44.0062 4.6000
    endloop
  endfacet
  facet normal 0 0 -1
    outer loop
      vertex 20.0812 -44.1530 3.2500
      vertex 27.7494 -44.0062 3.2500
      vertex 26.7538 -44.4255 3.2500
    endloop
  endfacet
  facet normal 0.4133031003458714 -0.910593513728541 0
    outer loop
      vertex 27.7494 -44.0062 3.2500
      vertex 28.7331 -43.5597 3.2500
      vertex 28.7331 -43.5597 4.6000
    endloop
  endfacet
  facet normal 0.4133031003458714 -0.910593513728541 0
    outer loop
      vertex 27.7494 -44.0062 3.2500
      vertex 28.7331 -43.5597 4.6000
      vertex 27.7494 -44.0062 4.6000
    endloop
  endfacet
  facet normal 0 0 1
    outer loop
      vertex 20.0812 -44.1530 4.6000
      vertex 27.7494 -44.0062 4.6000
      vertex 28.7331 -43.5597 4.6000
    endloop
  endfacet
  facet normal 0 0 -1
    outer loop
      vertex 20.0812 -44.1530 3.2500
      vertex 28.7331 -43.5597 3.2500
      vertex 27.7494 -44.0062 3.2500
    endloop
  endfacet
  facet normal 0.43817504991561596 -0.8988896626569066 0
    outer loop
      vertex 28.7331 -43.5597 3.2500
      vertex 29.7042 -43.0864 3.2500
      vertex 29.7042 -43.0864 4.6000
    endloop
  endfacet
  facet normal 0.43817504991561596 -0.8988896626569066 0
    outer loop
      vertex 28.7331 -43.5597 3.2500
      vertex 29.7042 -43.0864 4.6000
      vertex 28.7331 -43.5597 4.6000
    endloop
  endfacet
  facet normal 0 0 1
    outer loop
      vertex 20.0812 -44.1530 4.6000
      vertex 28.7331 -43.5597 4.6000
      vertex 29.7042 -43.0864 4.6000
    endloop
  endfacet
  facet normal 0 0 -1
    outer loop
      vertex 20.0812 -44.1530 3.2500
      vertex 29.7042 -43.0864 3.2500
      vertex 28.7331 -43.5597 3.2500
    endloop
  endfacet
  facet normal 0.4627159170443492 -0.8865066159447469 0
    outer loop
      vertex 29.7042 -43.0864 3.2500
      vertex 30.6619 -42.5865 3.2500
      vertex 30.6619 -42.5865 4.6000
    endloop
  endfacet
  facet normal 0.4627159170443492 -0.8865066159447469 0
    outer loop
      vertex 29.7042 -43.0864 3.2500
      vertex 30.6619 -42.5865 4.6000
      vertex 29.7042 -43.0864 4.6000
    endloop
  endfacet
  facet normal 0 0 1
    outer loop
      vertex 20.0812 -44.1530 4.6000
      vertex 29.7042 -43.0864 4.6000
      vertex 30.6619 -42.5865 4.6000
    endloop
  endfacet
  facet normal 0 0 -1
    outer loop
      vertex 20.0812 -44.1530 3.2500
      vertex 30.6619 -42.5865 3.2500
      vertex 29.7042 -43.0864 3.2500
    endloop
  endfacet
  facet normal 0.4869071588000146 -0.8734537301479096 0
    outer loop
      vertex 30.6619 -42.5865 3.2500
      vertex 31.6054 -42.0605 3.2500
      vertex 31.6054 -42.0605 4.6000
    endloop
  endfacet
  facet normal 0.4869071588000146 -0.8734537301479096 0
    outer loop
      vertex 30.6619 -42.5865 3.2500
      vertex 31.6054 -42.0605 4.6000
      vertex 30.6619 -42.5865 4.6000
    endloop
  endfacet
  facet normal 0 0 1
    outer loop
      vertex 20.0812 -44.1530 4.6000
      vertex 30.6619 -42.5865 4.6000
      vertex 31.6054 -42.0605 4.6000
    endloop
  endfacet
  facet normal 0 0 -1
    outer loop
      vertex 20.0812 -44.1530 3.2500
      vertex 31.6054 -42.0605 3.2500
      vertex 30.6619 -42.5865 3.2500
    endloop
  endfacet
  facet normal 0.5107304964253504 -0.8597408679486598 0
    outer loop
      vertex 31.6054 -42.0605 3.2500
      vertex 32.5342 -41.5088 3.2500
      vertex 32.5342 -41.5088 4.6000
    endloop
  endfacet
  facet normal 0.5107304964253504 -0.8597408679486598 0
    outer loop
      vertex 31.6054 -42.0605 3.2500
      vertex 32.5342 -41.5088 4.6000
      vertex 31.6054 -42.0605 4.6000
    endloop
  endfacet
  facet normal 0 0 1
    outer loop
      vertex 20.0812 -44.1530 4.6000
      vertex 31.6054 -42.0605 4.6000
      vertex 32.5342 -41.5088 4.6000
    endloop
  endfacet
  facet normal 0 0 -1
    outer loop
      vertex 20.0812 -44.1530 3.2500
      vertex 32.5342 -41.5088 3.2500
      vertex 31.6054 -42.0605 3.2500
    endloop
  endfacet
  facet normal 0.5341679291492564 -0.8453783907034735 0
    outer loop
      vertex 32.5342 -41.5088 3.2500
      vertex 33.4474 -40.9317 3.2500
      vertex 33.4474 -40.9317 4.6000
    endloop
  endfacet
  facet normal 0.5341679291492564 -0.8453783907034735 0
    outer loop
      vertex 32.5342 -41.5088 3.2500
      vertex 33.4474 -40.9317 4.6000
      vertex 32.5342 -41.5088 4.6000
    endloop
  endfacet
  facet normal 0 0 1
    outer loop
      vertex 20.0812 -44.1530 4.6000
      vertex 32.5342 -41.5088 4.6000
      vertex 33.4474 -40.9317 4.6000
    endloop
  endfacet
  facet normal 0 0 -1
    outer loop
      vertex 20.0812 -44.1530 3.2500
      vertex 33.4474 -40.9317 3.2500
      vertex 32.5342 -41.5088 3.2500
    endloop
  endfacet
  facet normal 0.5572017477880683 -0.8303771506140579 0
    outer loop
      vertex 33.4474 -40.9317 3.2500
      vertex 34.3445 -40.3298 3.2500
      vertex 34.3445 -40.3298 4.6000
    endloop
  endfacet
  facet normal 0.5572017477880683 -0.8303771506140579 0
    outer loop
      vertex 33.4474 -40.9317 3.2500
      vertex 34.3445 -40.3298 4.6000
      vertex 33.4474 -40.9317 4.6000
    endloop
  endfacet
  facet normal 0 0 1
    outer loop
      vertex 20.0812 -44.1530 4.6000
      vertex 33.4474 -40.9317 4.6000
      vertex 34.3445 -40.3298 4.6000
    endloop
  endfacet
  facet normal 0 0 -1
    outer loop
      vertex 20.0812 -44.1530 3.2500
      vertex 34.3445 -40.3298 3.2500
      vertex 33.4474 -40.9317 3.2500
    endloop
  endfacet
  facet normal 0.5798145481265176 -0.8147484825274866 0
    outer loop
      vertex 34.3445 -40.3298 3.2500
      vertex 35.2246 -39.7034 3.2500
      vertex 35.2246 -39.7034 4.6000
    endloop
  endfacet
  facet normal 0.5798145481265176 -0.8147484825274866 0
    outer loop
      vertex 34.3445 -40.3298 3.2500
      vertex 35.2246 -39.7034 4.6000
      vertex 34.3445 -40.3298 4.6000
    endloop
  endfacet
  facet normal 0 0 1
    outer loop
      vertex 20.0812 -44.1530 4.6000
      vertex 34.3445 -40.3298 4.6000
      vertex 35.2246 -39.7034 4.6000
    endloop
  endfacet
  facet normal 0 0 -1
    outer loop
      vertex 20.0812 -44.1530 3.2500
      vertex 35.2246 -39.7034 3.2500
      vertex 34.3445 -40.3298 3.2500
    endloop
  endfacet
  facet normal 0.6019892440681959 -0.7985041953716974 0
    outer loop
      vertex 35.2246 -39.7034 3.2500
      vertex 36.0872 -39.0531 3.2500
      vertex 36.0872 -39.0531 4.6000
    endloop
  endfacet
  facet normal 0.6019892440681959 -0.7985041953716974 0
    outer loop
      vertex 35.2246 -39.7034 3.2500
      vertex 36.0872 -39.0531 4.6000
      vertex 35.2246 -39.7034 4.6000
    endloop
  endfacet
  facet normal 0 0 1
    outer loop
      vertex 20.0812 -44.1530 4.6000
      vertex 35.2246 -39.7034 4.6000
      vertex 36.0872 -39.0531 4.6000
    endloop
  endfacet
  facet normal 0 0 -1
    outer loop
      vertex 20.0812 -44.1530 3.2500
      vertex 36.0872 -39.0531 3.2500
      vertex 35.2246 -39.7034 3.2500
    endloop
  endfacet
  facet normal 0.6237090805458159 -0.7816565632326598 0
    outer loop
      vertex 36.0872 -39.0531 3.2500
      vertex 36.9317 -38.3793 3.2500
      vertex 36.9317 -38.3793 4.6000
    endloop
  endfacet
  facet normal 0.6237090805458159 -0.7816565632326598 0
    outer loop
      vertex 36.0872 -39.0531 3.2500
      vertex 36.9317 -38.3793 4.6000
      vertex 36.0872 -39.0531 4.6000
    endloop
  endfacet
  facet normal 0 0 1
    outer loop
      vertex 20.0812 -44.1530 4.6000
      vertex 36.0872 -39.0531 4.6000
      vertex 36.9317 -38.3793 4.6000
    endloop
  endfacet
  facet normal 0 0 -1
    outer loop
      vertex 20.0812 -44.1530 3.2500
      vertex 36.9317 -38.3793 3.2500
      vertex 36.0872 -39.0531 3.2500
    endloop
  endfacet
  facet normal 0.644957646181106 -0.7642183160802465 0
    outer loop
      vertex 36.9317 -38.3793 3.2500
      vertex 37.7572 -37.6826 3.2500
      vertex 37.7572 -37.6826 4.6000
    endloop
  endfacet
  facet normal 0.644957646181106 -0.7642183160802465 0
    outer loop
      vertex 36.9317 -38.3793 3.2500
      vertex 37.7572 -37.6826 4.6000
      vertex 36.9317 -38.3793 4.6000
    endloop
  endfacet
  facet normal 0 0 1
    outer loop
      vertex 20.0812 -44.1530 4.6000
      vertex 36.9317 -38.3793 4.6000
      vertex 37.7572 -37.6826 4.6000
    endloop
  endfacet
  facet normal 0 0 -1
    outer loop
      vertex 20.0812 -44.1530 3.2500
      vertex 37.7572 -37.6826 3.2500
      vertex 36.9317 -38.3793 3.2500
    endloop
  endfacet
  facet normal 0.6657188856852722 -0.746202630149452 0
    outer loop
      vertex 37.7572 -37.6826 3.2500
      vertex 38.5633 -36.9634 3.2500
      vertex 38.5633 -36.9634 4.6000
    endloop
  endfacet
  facet normal 0.6657188856852722 -0.746202630149452 0
    outer loop
      vertex 37.7572 -37.6826 3.2500
      vertex 38.5633 -36.9634 4.6000
      vertex 37.7572 -37.6826 4.6000
    endloop
  endfacet
  facet normal 0 0 1
    outer loop
      vertex 20.0812 -44.1530 4.6000
      vertex 37.7572 -37.6826 4.6000
      vertex 38.5633 -36.9634 4.6000
    endloop
  endfacet
  facet normal 0 0 -1
    outer loop
      vertex 20.0812 -44.1530 3.2500
      vertex 38.5633 -36.9634 3.2500
      vertex 37.7572 -37.6826 3.2500
    endloop
  endfacet
  facet normal 0.6859771119901956 -0.727623117984572 0
    outer loop
      vertex 38.5633 -36.9634 3.2500
      vertex 39.3494 -36.2224 3.2500
      vertex 39.3494 -36.2224 4.6000
    endloop
  endfacet
  facet normal 0.6859771119901956 -0.727623117984572 0
    outer loop
      vertex 38.5633 -36.9634 3.2500
      vertex 39.3494 -36.2224 4.6000
      vertex 38.5633 -36.9634 4.6000
    endloop
  endfacet
  facet normal 0 0 1
    outer loop
      vertex 20.0812 -44.1530 4.6000
      vertex 38.5633 -36.9634 4.6000
      vertex 39.3494 -36.2224 4.6000
    endloop
  endfacet
  facet normal 0 0 -1
    outer loop
      vertex 20.0812 -44.1530 3.2500
      vertex 39.3494 -36.2224 3.2500
      vertex 38.5633 -36.9634 3.2500
    endloop
  endfacet
  facet normal 0.7057170181015139 -0.7084938181536291 0
    outer loop
      vertex 39.3494 -36.2224 3.2500
      vertex 40.1147 -35.4600 3.2500
      vertex 40.1147 -35.4600 4.6000
    endloop
  endfacet
  facet normal 0.7057170181015139 -0.7084938181536291 0
    outer loop
      vertex 39.3494 -36.2224 3.2500
      vertex 40.1147 -35.4600 4.6000
      vertex 39.3494 -36.2224 4.6000
    endloop
  endfacet
  facet normal 0 0 1
    outer loop
      vertex 20.0812 -44.1530 4.6000
      vertex 39.3494 -36.2224 4.6000
      vertex 40.1147 -35.4600 4.6000
    endloop
  endfacet
  facet normal 0 0 -1
    outer loop
      vertex 20.0812 -44.1530 3.2500
      vertex 40.1147 -35.4600 3.2500
      vertex 39.3494 -36.2224 3.2500
    endloop
  endfacet
  facet normal 0.7249236886645225 -0.6888291846408822 0
    outer loop
      vertex 40.1147 -35.4600 3.2500
      vertex 40.8589 -34.6769 3.2500
      vertex 40.8589 -34.6769 4.6000
    endloop
  endfacet
  facet normal 0.7249236886645225 -0.6888291846408822 0
    outer loop
      vertex 40.1147 -35.4600 3.2500
      vertex 40.8589 -34.6769 4.6000
      vertex 40.1147 -35.4600 4.6000
    endloop
  endfacet
  facet normal 0 0 1
    outer loop
      vertex 20.0812 -44.1530 4.6000
      vertex 40.1147 -35.4600 4.6000
      vertex 40.8589 -34.6769 4.6000
    endloop
  endfacet
  facet normal 0 0 -1
    outer loop
      vertex 20.0812 -44.1530 3.2500
      vertex 40.8589 -34.6769 3.2500
      vertex 40.1147 -35.4600 3.2500
    endloop
  endfacet
  facet normal 0.743582611234068 -0.6686440759255444 0
    outer loop
      vertex 40.8589 -34.6769 3.2500
      vertex 41.5812 -33.8736 3.2500
      vertex 41.5812 -33.8736 4.6000
    endloop
  endfacet
  facet normal 0.743582611234068 -0.6686440759255444 0
    outer loop
      vertex 40.8589 -34.6769 3.2500
      vertex 41.5812 -33.8736 4.6000
      vertex 40.8589 -34.6769 4.6000
    endloop
  endfacet
  facet normal 0 0 1
    outer loop
      vertex 20.0812 -44.1530 4.6000
      vertex 40.8589 -34.6769 4.6000
      vertex 41.5812 -33.8736 4.6000
    endloop
  endfacet
  facet normal 0 0 -1
    outer loop
      vertex 20.0812 -44.1530 3.2500
      vertex 41.5812 -33.8736 3.2500
      vertex 40.8589 -34.6769 3.2500
    endloop
  endfacet
  facet normal 0.7617189931759929 -0.6479075361770011 0
    outer loop
      vertex 41.5812 -33.8736 3.2500
      vertex 42.2874 -33.0434 3.2500
      vertex 42.2874 -33.0434 4.6000
    endloop
  endfacet
  facet normal 0.7617189931759929 -0.6479075361770011 0
    outer loop
      vertex 41.5812 -33.8736 3.2500
      vertex 42.2874 -33.0434 4.6000
      vertex 41.5812 -33.8736 4.6000
    endloop
  endfacet
  facet normal 0 0 1
    outer loop
      vertex 20.0812 -44.1530 4.6000
      vertex 41.5812 -33.8736 4.6000
      vertex 42.2874 -33.0434 4.6000
    endloop
  endfacet
  facet normal 0 0 -1
    outer loop
      vertex 20.0812 -44.1530 3.2500
      vertex 42.2874 -33.0434 3.2500
      vertex 41.5812 -33.8736 3.2500
    endloop
  endfacet
  facet normal -0.6479537437547576 -0.7616796872401115 0
    outer loop
      vertex 42.2874 -33.0434 3.2500
      vertex 43.3537 -33.9505 3.2500
      vertex 43.3537 -33.9505 4.6000
    endloop
  endfacet
  facet normal -0.6479537437547576 -0.7616796872401115 0
    outer loop
      vertex 42.2874 -33.0434 3.2500
      vertex 43.3537 -33.9505 4.6000
      vertex 42.2874 -33.0434 4.6000
    endloop
  endfacet
  facet normal 0 0 -1
    outer loop
      vertex 20.0812 -44.1530 4.6000
      vertex 42.2874 -33.0434 4.6000
      vertex 43.3537 -33.9505 4.6000
    endloop
  endfacet
  facet normal 0 0 1
    outer loop
      vertex 20.0812 -44.1530 3.2500
      vertex 43.3537 -33.9505 3.2500
      vertex 42.2874 -33.0434 3.2500
    endloop
  endfacet
  facet normal -0.7616410604610556 0.6479991473912282 0
    outer loop
      vertex 43.3537 -33.9505 3.2500
      vertex 42.6350 -34.7953 3.2500
      vertex 42.6350 -34.7953 4.6000
    endloop
  endfacet
  facet normal -0.7616410604610556 0.6479991473912282 0
    outer loop
      vertex 43.3537 -33.9505 3.2500
      vertex 42.6350 -34.7953 4.6000
      vertex 43.3537 -33.9505 4.6000
    endloop
  endfacet
  facet normal 0 0 -1
    outer loop
      vertex 20.0812 -44.1530 4.6000
      vertex 43.3537 -33.9505 4.6000
      vertex 42.6350 -34.7953 4.6000
    endloop
  endfacet
  facet normal 0 0 1
    outer loop
      vertex 20.0812 -44.1530 3.2500
      vertex 42.6350 -34.7953 3.2500
      vertex 43.3537 -33.9505 3.2500
    endloop
  endfacet
  facet normal -0.7435826112340626 0.6686440759255504 0
    outer loop
      vertex 42.6350 -34.7953 3.2500
      vertex 41.8869 -35.6272 3.2500
      vertex 41.8869 -35.6272 4.6000
    endloop
  endfacet
  facet normal -0.7435826112340626 0.6686440759255504 0
    outer loop
      vertex 42.6350 -34.7953 3.2500
      vertex 41.8869 -35.6272 4.6000
      vertex 42.6350 -34.7953 4.6000
    endloop
  endfacet
  facet normal 0 0 -1
    outer loop
      vertex 20.0812 -44.1530 4.6000
      vertex 42.6350 -34.7953 4.6000
      vertex 41.8869 -35.6272 4.6000
    endloop
  endfacet
  facet normal 0 0 1
    outer loop
      vertex 20.0812 -44.1530 3.2500
      vertex 41.8869 -35.6272 3.2500
      vertex 42.6350 -34.7953 3.2500
    endloop
  endfacet
  facet normal -0.724923688664521 0.6888291846408836 0
    outer loop
      vertex 41.8869 -35.6272 3.2500
      vertex 41.1163 -36.4382 3.2500
      vertex 41.1163 -36.4382 4.6000
    endloop
  endfacet
  facet normal -0.724923688664521 0.6888291846408836 0
    outer loop
      vertex 41.8869 -35.6272 3.2500
      vertex 41.1163 -36.4382 4.6000
      vertex 41.8869 -35.6272 4.6000
    endloop
  endfacet
  facet normal 0 0 -1
    outer loop
      vertex 20.0812 -44.1530 4.6000
      vertex 41.8869 -35.6272 4.6000
      vertex 41.1163 -36.4382 4.6000
    endloop
  endfacet
  facet normal 0 0 1
    outer loop
      vertex 20.0812 -44.1530 3.2500
      vertex 41.1163 -36.4382 3.2500
      vertex 41.8869 -35.6272 3.2500
    endloop
  endfacet
  facet normal -0.705717018101515 0.7084938181536281 0
    outer loop
      vertex 41.1163 -36.4382 3.2500
      vertex 40.3237 -37.2277 3.2500
      vertex 40.3237 -37.2277 4.6000
    endloop
  endfacet
  facet normal -0.705717018101515 0.7084938181536281 0
    outer loop
      vertex 41.1163 -36.4382 3.2500
      vertex 40.3237 -37.2277 4.6000
      vertex 41.1163 -36.4382 4.6000
    endloop
  endfacet
  facet normal 0 0 -1
    outer loop
      vertex 20.0812 -44.1530 4.6000
      vertex 41.1163 -36.4382 4.6000
      vertex 40.3237 -37.2277 4.6000
    endloop
  endfacet
  facet normal 0 0 1
    outer loop
      vertex 20.0812 -44.1530 3.2500
      vertex 40.3237 -37.2277 3.2500
      vertex 41.1163 -36.4382 3.2500
    endloop
  endfacet
  facet normal -0.6859771119901966 0.727623117984571 0
    outer loop
      vertex 40.3237 -37.2277 3.2500
      vertex 39.5096 -37.9952 3.2500
      vertex 39.5096 -37.9952 4.6000
    endloop
  endfacet
  facet normal -0.6859771119901966 0.727623117984571 0
    outer loop
      vertex 40.3237 -37.2277 3.2500
      vertex 39.5096 -37.9952 4.6000
      vertex 40.3237 -37.2277 4.6000
    endloop
  endfacet
  facet normal 0 0 -1
    outer loop
      vertex 20.0812 -44.1530 4.6000
      vertex 40.3237 -37.2277 4.6000
      vertex 39.5096 -37.9952 4.6000
    endloop
  endfacet
  facet normal 0 0 1
    outer loop
      vertex 20.0812 -44.1530 3.2500
      vertex 39.5096 -37.9952 3.2500
      vertex 40.3237 -37.2277 3.2500
    endloop
  endfacet
  facet normal -0.6657188856852736 0.7462026301494504 0
    outer loop
      vertex 39.5096 -37.9952 3.2500
      vertex 38.6748 -38.7400 3.2500
      vertex 38.6748 -38.7400 4.6000
    endloop
  endfacet
  facet normal -0.6657188856852736 0.7462026301494504 0
    outer loop
      vertex 39.5096 -37.9952 3.2500
      vertex 38.6748 -38.7400 4.6000
      vertex 39.5096 -37.9952 4.6000
    endloop
  endfacet
  facet normal 0 0 -1
    outer loop
      vertex 20.0812 -44.1530 4.6000
      vertex 39.5096 -37.9952 4.6000
      vertex 38.6748 -38.7400 4.6000
    endloop
  endfacet
  facet normal 0 0 1
    outer loop
      vertex 20.0812 -44.1530 3.2500
      vertex 38.6748 -38.7400 3.2500
      vertex 39.5096 -37.9952 3.2500
    endloop
  endfacet
  facet normal -0.6449576461811045 0.7642183160802476 0
    outer loop
      vertex 38.6748 -38.7400 3.2500
      vertex 37.8198 -39.4615 3.2500
      vertex 37.8198 -39.4615 4.6000
    endloop
  endfacet
  facet normal -0.6449576461811045 0.7642183160802476 0
    outer loop
      vertex 38.6748 -38.7400 3.2500
      vertex 37.8198 -39.4615 4.6000
      vertex 38.6748 -38.7400 4.6000
    endloop
  endfacet
  facet normal 0 0 -1
    outer loop
      vertex 20.0812 -44.1530 4.6000
      vertex 38.6748 -38.7400 4.6000
      vertex 37.8198 -39.4615 4.6000
    endloop
  endfacet
  facet normal 0 0 1
    outer loop
      vertex 20.0812 -44.1530 3.2500
      vertex 37.8198 -39.4615 3.2500
      vertex 38.6748 -38.7400 3.2500
    endloop
  endfacet
  facet normal -0.6237090805458217 0.7816565632326552 0
    outer loop
      vertex 37.8198 -39.4615 3.2500
      vertex 36.9453 -40.1593 3.2500
      vertex 36.9453 -40.1593 4.6000
    endloop
  endfacet
  facet normal -0.6237090805458217 0.7816565632326552 0
    outer loop
      vertex 37.8198 -39.4615 3.2500
      vertex 36.9453 -40.1593 4.6000
      vertex 37.8198 -39.4615 4.6000
    endloop
  endfacet
  facet normal 0 0 -1
    outer loop
      vertex 20.0812 -44.1530 4.6000
      vertex 37.8198 -39.4615 4.6000
      vertex 36.9453 -40.1593 4.6000
    endloop
  endfacet
  facet normal 0 0 1
    outer loop
      vertex 20.0812 -44.1530 3.2500
      vertex 36.9453 -40.1593 3.2500
      vertex 37.8198 -39.4615 3.2500
    endloop
  endfacet
  facet normal -0.6019892440681898 0.7985041953717021 0
    outer loop
      vertex 36.9453 -40.1593 3.2500
      vertex 36.0520 -40.8328 3.2500
      vertex 36.0520 -40.8328 4.6000
    endloop
  endfacet
  facet normal -0.6019892440681898 0.7985041953717021 0
    outer loop
      vertex 36.9453 -40.1593 3.2500
      vertex 36.0520 -40.8328 4.6000
      vertex 36.9453 -40.1593 4.6000
    endloop
  endfacet
  facet normal 0 0 -1
    outer loop
      vertex 20.0812 -44.1530 4.6000
      vertex 36.9453 -40.1593 4.6000
      vertex 36.0520 -40.8328 4.6000
    endloop
  endfacet
  facet normal 0 0 1
    outer loop
      vertex 20.0812 -44.1530 3.2500
      vertex 36.0520 -40.8328 3.2500
      vertex 36.9453 -40.1593 3.2500
    endloop
  endfacet
  facet normal -0.5798145481265168 0.8147484825274872 0
    outer loop
      vertex 36.0520 -40.8328 3.2500
      vertex 35.1405 -41.4815 3.2500
      vertex 35.1405 -41.4815 4.6000
    endloop
  endfacet
  facet normal -0.5798145481265168 0.8147484825274872 0
    outer loop
      vertex 36.0520 -40.8328 3.2500
      vertex 35.1405 -41.4815 4.6000
      vertex 36.0520 -40.8328 4.6000
    endloop
  endfacet
  facet normal 0 0 -1
    outer loop
      vertex 20.0812 -44.1530 4.6000
      vertex 36.0520 -40.8328 4.6000
      vertex 35.1405 -41.4815 4.6000
    endloop
  endfacet
  facet normal 0 0 1
    outer loop
      vertex 20.0812 -44.1530 3.2500
      vertex 35.1405 -41.4815 3.2500
      vertex 36.0520 -40.8328 3.2500
    endloop
  endfacet
  facet normal -0.557201747788077 0.8303771506140523 0
    outer loop
      vertex 35.1405 -41.4815 3.2500
      vertex 34.2115 -42.1048 3.2500
      vertex 34.2115 -42.1048 4.6000
    endloop
  endfacet
  facet normal -0.557201747788077 0.8303771506140523 0
    outer loop
      vertex 35.1405 -41.4815 3.2500
      vertex 34.2115 -42.1048 4.6000
      vertex 35.1405 -41.4815 4.6000
    endloop
  endfacet
  facet normal 0 0 -1
    outer loop
      vertex 20.0812 -44.1530 4.6000
      vertex 35.1405 -41.4815 4.6000
      vertex 34.2115 -42.1048 4.6000
    endloop
  endfacet
  facet normal 0 0 1
    outer loop
      vertex 20.0812 -44.1530 3.2500
      vertex 34.2115 -42.1048 3.2500
      vertex 35.1405 -41.4815 3.2500
    endloop
  endfacet
  facet normal -0.5341679291492502 0.8453783907034776 0
    outer loop
      vertex 34.2115 -42.1048 3.2500
      vertex 33.2657 -42.7025 3.2500
      vertex 33.2657 -42.7025 4.6000
    endloop
  endfacet
  facet normal -0.5341679291492502 0.8453783907034776 0
    outer loop
      vertex 34.2115 -42.1048 3.2500
      vertex 33.2657 -42.7025 4.6000
      vertex 34.2115 -42.1048 4.6000
    endloop
  endfacet
  facet normal 0 0 -1
    outer loop
      vertex 20.0812 -44.1530 4.6000
      vertex 34.2115 -42.1048 4.6000
      vertex 33.2657 -42.7025 4.6000
    endloop
  endfacet
  facet normal 0 0 1
    outer loop
      vertex 20.0812 -44.1530 3.2500
      vertex 33.2657 -42.7025 3.2500
      vertex 34.2115 -42.1048 3.2500
    endloop
  endfacet
  facet normal -0.5107304964253554 0.8597408679486569 0
    outer loop
      vertex 33.2657 -42.7025 3.2500
      vertex 32.3038 -43.2738 3.2500
      vertex 32.3038 -43.2738 4.6000
    endloop
  endfacet
  facet normal -0.5107304964253554 0.8597408679486569 0
    outer loop
      vertex 33.2657 -42.7025 3.2500
      vertex 32.3038 -43.2738 4.6000
      vertex 33.2657 -42.7025 4.6000
    endloop
  endfacet
  facet normal 0 0 -1
    outer loop
      vertex 20.0812 -44.1530 4.6000
      vertex 33.2657 -42.7025 4.6000
      vertex 32.3038 -43.2738 4.6000
    endloop
  endfacet
  facet normal 0 0 1
    outer loop
      vertex 20.0812 -44.1530 3.2500
      vertex 32.3038 -43.2738 3.2500
      vertex 33.2657 -42.7025 3.2500
    endloop
  endfacet
  facet normal -0.4869071588000107 0.8734537301479117 0
    outer loop
      vertex 32.3038 -43.2738 3.2500
      vertex 31.3267 -43.8186 3.2500
      vertex 31.3267 -43.8186 4.6000
    endloop
  endfacet
  facet normal -0.4869071588000107 0.8734537301479117 0
    outer loop
      vertex 32.3038 -43.2738 3.2500
      vertex 31.3267 -43.8186 4.6000
      vertex 32.3038 -43.2738 4.6000
    endloop
  endfacet
  facet normal 0 0 -1
    outer loop
      vertex 20.0812 -44.1530 4.6000
      vertex 32.3038 -43.2738 4.6000
      vertex 31.3267 -43.8186 4.6000
    endloop
  endfacet
  facet normal 0 0 1
    outer loop
      vertex 20.0812 -44.1530 3.2500
      vertex 31.3267 -43.8186 3.2500
      vertex 32.3038 -43.2738 3.2500
    endloop
  endfacet
  facet normal -0.4627159170443519 0.8865066159447454 0
    outer loop
      vertex 31.3267 -43.8186 3.2500
      vertex 30.3349 -44.3362 3.2500
      vertex 30.3349 -44.3362 4.6000
    endloop
  endfacet
  facet normal -0.4627159170443519 0.8865066159447454 0
    outer loop
      vertex 31.3267 -43.8186 3.2500
      vertex 30.3349 -44.3362 4.6000
      vertex 31.3267 -43.8186 4.6000
    endloop
  endfacet
  facet normal 0 0 -1
    outer loop
      vertex 20.0812 -44.1530 4.6000
      vertex 31.3267 -43.8186 4.6000
      vertex 30.3349 -44.3362 4.6000
    endloop
  endfacet
  facet normal 0 0 1
    outer loop
      vertex 20.0812 -44.1530 3.2500
      vertex 30.3349 -44.3362 3.2500
      vertex 31.3267 -43.8186 3.2500
    endloop
  endfacet
  facet normal -0.4381750499156067 0.8988896626569114 0
    outer loop
      vertex 30.3349 -44.3362 3.2500
      vertex 29.3292 -44.8265 3.2500
      vertex 29.3292 -44.8265 4.6000
    endloop
  endfacet
  facet normal -0.4381750499156067 0.8988896626569114 0
    outer loop
      vertex 30.3349 -44.3362 3.2500
      vertex 29.3292 -44.8265 4.6000
      vertex 30.3349 -44.3362 4.6000
    endloop
  endfacet
  facet normal 0 0 -1
    outer loop
      vertex 20.0812 -44.1530 4.6000
      vertex 30.3349 -44.3362 4.6000
      vertex 29.3292 -44.8265 4.6000
    endloop
  endfacet
  facet normal 0 0 1
    outer loop
      vertex 20.0812 -44.1530 3.2500
      vertex 29.3292 -44.8265 3.2500
      vertex 30.3349 -44.3362 3.2500
    endloop
  endfacet
  facet normal -0.4133031003458729 0.9105935137285402 0
    outer loop
      vertex 29.3292 -44.8265 3.2500
      vertex 28.3105 -45.2888 3.2500
      vertex 28.3105 -45.2888 4.6000
    endloop
  endfacet
  facet normal -0.4133031003458729 0.9105935137285402 0
    outer loop
      vertex 29.3292 -44.8265 3.2500
      vertex 28.3105 -45.2888 4.6000
      vertex 29.3292 -44.8265 4.6000
    endloop
  endfacet
  facet normal 0 0 -1
    outer loop
      vertex 20.0812 -44.1530 4.6000
      vertex 29.3292 -44.8265 4.6000
      vertex 28.3105 -45.2888 4.6000
    endloop
  endfacet
  facet normal 0 0 1
    outer loop
      vertex 20.0812 -44.1530 3.2500
      vertex 28.3105 -45.2888 3.2500
      vertex 29.3292 -44.8265 3.2500
    endloop
  endfacet
  facet normal -0.38811886143114516 0.9216093257999245 0
    outer loop
      vertex 28.3105 -45.2888 3.2500
      vertex 27.2794 -45.7231 3.2500
      vertex 27.2794 -45.7231 4.6000
    endloop
  endfacet
  facet normal -0.38811886143114516 0.9216093257999245 0
    outer loop
      vertex 28.3105 -45.2888 3.2500
      vertex 27.2794 -45.7231 4.6000
      vertex 28.3105 -45.2888 4.6000
    endloop
  endfacet
  facet normal 0 0 -1
    outer loop
      vertex 20.0812 -44.1530 4.6000
      vertex 28.3105 -45.2888 4.6000
      vertex 27.2794 -45.7231 4.6000
    endloop
  endfacet
  facet normal 0 0 1
    outer loop
      vertex 20.0812 -44.1530 3.2500
      vertex 27.2794 -45.7231 3.2500
      vertex 28.3105 -45.2888 3.2500
    endloop
  endfacet
  facet normal -0.36264136223137283 0.9319287753895006 0
    outer loop
      vertex 27.2794 -45.7231 3.2500
      vertex 26.2368 -46.1288 3.2500
      vertex 26.2368 -46.1288 4.6000
    endloop
  endfacet
  facet normal -0.36264136223137283 0.9319287753895006 0
    outer loop
      vertex 27.2794 -45.7231 3.2500
      vertex 26.2368 -46.1288 4.6000
      vertex 27.2794 -45.7231 4.6000
    endloop
  endfacet
  facet normal 0 0 -1
    outer loop
      vertex 20.0812 -44.1530 4.6000
      vertex 27.2794 -45.7231 4.6000
      vertex 26.2368 -46.1288 4.6000
    endloop
  endfacet
  facet normal 0 0 1
    outer loop
      vertex 20.0812 -44.1530 3.2500
      vertex 26.2368 -46.1288 3.2500
      vertex 27.2794 -45.7231 3.2500
    endloop
  endfacet
  facet normal -0.3368898533922214 0.9415440651830203 0
    outer loop
      vertex 26.2368 -46.1288 3.2500
      vertex 25.1834 -46.5057 3.2500
      vertex 25.1834 -46.5057 4.6000
    endloop
  endfacet
  facet normal -0.3368898533922214 0.9415440651830203 0
    outer loop
      vertex 26.2368 -46.1288 3.2500
      vertex 25.1834 -46.5057 4.6000
      vertex 26.2368 -46.1288 4.6000
    endloop
  endfacet
  facet normal 0 0 -1
    outer loop
      vertex 20.0812 -44.1530 4.6000
      vertex 26.2368 -46.1288 4.6000
      vertex 25.1834 -46.5057 4.6000
    endloop
  endfacet
  facet normal 0 0 1
    outer loop
      vertex 20.0812 -44.1530 3.2500
      vertex 25.1834 -46.5057 3.2500
      vertex 26.2368 -46.1288 3.2500
    endloop
  endfacet
  facet normal -0.3108837925993916 0.9504479299251581 0
    outer loop
      vertex 25.1834 -46.5057 3.2500
      vertex 24.1201 -46.8535 3.2500
      vertex 24.1201 -46.8535 4.6000
    endloop
  endfacet
  facet normal -0.3108837925993916 0.9504479299251581 0
    outer loop
      vertex 25.1834 -46.5057 3.2500
      vertex 24.1201 -46.8535 4.6000
      vertex 25.1834 -46.5057 4.6000
    endloop
  endfacet
  facet normal 0 0 -1
    outer loop
      vertex 20.0812 -44.1530 4.6000
      vertex 25.1834 -46.5057 4.6000
      vertex 24.1201 -46.8535 4.6000
    endloop
  endfacet
  facet normal 0 0 1
    outer loop
      vertex 20.0812 -44.1530 3.2500
      vertex 24.1201 -46.8535 3.2500
      vertex 25.1834 -46.5057 3.2500
    endloop
  endfacet
  facet normal -0.2846428298765448 0.9586336419090832 0
    outer loop
      vertex 24.1201 -46.8535 3.2500
      vertex 23.0476 -47.1719 3.2500
      vertex 23.0476 -47.1719 4.6000
    endloop
  endfacet
  facet normal -0.2846428298765448 0.9586336419090832 0
    outer loop
      vertex 24.1201 -46.8535 3.2500
      vertex 23.0476 -47.1719 4.6000
      vertex 24.1201 -46.8535 4.6000
    endloop
  endfacet
  facet normal 0 0 -1
    outer loop
      vertex 20.0812 -44.1530 4.6000
      vertex 24.1201 -46.8535 4.6000
      vertex 23.0476 -47.1719 4.6000
    endloop
  endfacet
  facet normal 0 0 1
    outer loop
      vertex 20.0812 -44.1530 3.2500
      vertex 23.0476 -47.1719 3.2500
      vertex 24.1201 -46.8535 3.2500
    endloop
  endfacet
  facet normal -0.2581867927377689 0.9660950160599031 0
    outer loop
      vertex 23.0476 -47.1719 3.2500
      vertex 21.9668 -47.4608 3.2500
      vertex 21.9668 -47.4608 4.6000
    endloop
  endfacet
  facet normal -0.2581867927377689 0.9660950160599031 0
    outer loop
      vertex 23.0476 -47.1719 3.2500
      vertex 21.9668 -47.4608 4.6000
      vertex 23.0476 -47.1719 4.6000
    endloop
  endfacet
  facet normal 0 0 -1
    outer loop
      vertex 20.0812 -44.1530 4.6000
      vertex 23.0476 -47.1719 4.6000
      vertex 21.9668 -47.4608 4.6000
    endloop
  endfacet
  facet normal 0 0 1
    outer loop
      vertex 20.0812 -44.1530 3.2500
      vertex 21.9668 -47.4608 3.2500
      vertex 23.0476 -47.1719 3.2500
    endloop
  endfacet
  facet normal -0.23153567120616714 0.9728264146080275 0
    outer loop
      vertex 21.9668 -47.4608 3.2500
      vertex 20.8784 -47.7198 3.2500
      vertex 20.8784 -47.7198 4.6000
    endloop
  endfacet
  facet normal -0.23153567120616714 0.9728264146080275 0
    outer loop
      vertex 21.9668 -47.4608 3.2500
      vertex 20.8784 -47.7198 4.6000
      vertex 21.9668 -47.4608 4.6000
    endloop
  endfacet
  facet normal 0 0 -1
    outer loop
      vertex 20.0812 -44.1530 4.6000
      vertex 21.9668 -47.4608 4.6000
      vertex 20.8784 -47.7198 4.6000
    endloop
  endfacet
  facet normal 0 0 1
    outer loop
      vertex 20.0812 -44.1530 3.2500
      vertex 20.8784 -47.7198 3.2500
      vertex 21.9668 -47.4608 3.2500
    endloop
  endfacet
  facet normal -0.20470960270937724 0.9788227513490728 0
    outer loop
      vertex 20.8784 -47.7198 3.2500
      vertex 19.7834 -47.9488 3.2500
      vertex 19.7834 -47.9488 4.6000
    endloop
  endfacet
  facet normal -0.20470960270937724 0.9788227513490728 0
    outer loop
      vertex 20.8784 -47.7198 3.2500
      vertex 19.7834 -47.9488 4.6000
      vertex 20.8784 -47.7198 4.6000
    endloop
  endfacet
  facet normal 0 0 -1
    outer loop
      vertex 20.0812 -44.1530 4.6000
      vertex 20.8784 -47.7198 4.6000
      vertex 19.7834 -47.9488 4.6000
    endloop
  endfacet
  facet normal 0 0 1
    outer loop
      vertex 20.0812 -44.1530 3.2500
      vertex 19.7834 -47.9488 3.2500
      vertex 20.8784 -47.7198 3.2500
    endloop
  endfacet
  facet normal -0.17772885686395942 0.98407949548694 0
    outer loop
      vertex 19.7834 -47.9488 3.2500
      vertex 18.6824 -48.1477 3.2500
      vertex 18.6824 -48.1477 4.6000
    endloop
  endfacet
  facet normal -0.17772885686395942 0.98407949548694 0
    outer loop
      vertex 19.7834 -47.9488 3.2500
      vertex 18.6824 -48.1477 4.6000
      vertex 19.7834 -47.9488 4.6000
    endloop
  endfacet
  facet normal 0 0 -1
    outer loop
      vertex 20.0812 -44.1530 4.6000
      vertex 19.7834 -47.9488 4.6000
      vertex 18.6824 -48.1477 4.6000
    endloop
  endfacet
  facet normal 0 0 1
    outer loop
      vertex 20.0812 -44.1530 3.2500
      vertex 18.6824 -48.1477 3.2500
      vertex 19.7834 -47.9488 3.2500
    endloop
  endfacet
  facet normal -0.15061382015972138 0.988592675057273 0
    outer loop
      vertex 18.6824 -48.1477 3.2500
      vertex 17.5764 -48.3162 3.2500
      vertex 17.5764 -48.3162 4.6000
    endloop
  endfacet
  facet normal -0.15061382015972138 0.988592675057273 0
    outer loop
      vertex 18.6824 -48.1477 3.2500
      vertex 17.5764 -48.3162 4.6000
      vertex 18.6824 -48.1477 4.6000
    endloop
  endfacet
  facet normal 0 0 -1
    outer loop
      vertex 20.0812 -44.1530 4.6000
      vertex 18.6824 -48.1477 4.6000
      vertex 17.5764 -48.3162 4.6000
    endloop
  endfacet
  facet normal 0 0 1
    outer loop
      vertex 20.0812 -44.1530 3.2500
      vertex 17.5764 -48.3162 3.2500
      vertex 18.6824 -48.1477 3.2500
    endloop
  endfacet
  facet normal -0.12338498055585745 0.9923588799286429 0
    outer loop
      vertex 17.5764 -48.3162 3.2500
      vertex 16.4662 -48.4542 3.2500
      vertex 16.4662 -48.4542 4.6000
    endloop
  endfacet
  facet normal -0.12338498055585745 0.9923588799286429 0
    outer loop
      vertex 17.5764 -48.3162 3.2500
      vertex 16.4662 -48.4542 4.6000
      vertex 17.5764 -48.3162 4.6000
    endloop
  endfacet
  facet normal 0 0 -1
    outer loop
      vertex 20.0812 -44.1530 4.6000
      vertex 17.5764 -48.3162 4.6000
      vertex 16.4662 -48.4542 4.6000
    endloop
  endfacet
  facet normal 0 0 1
    outer loop
      vertex 20.0812 -44.1530 3.2500
      vertex 16.4662 -48.4542 3.2500
      vertex 17.5764 -48.3162 3.2500
    endloop
  endfacet
  facet normal -0.09606291200033132 0.9953752643792273 0
    outer loop
      vertex 16.4662 -48.4542 3.2500
      vertex 15.3526 -48.5617 3.2500
      vertex 15.3526 -48.5617 4.6000
    endloop
  endfacet
  facet normal -0.09606291200033132 0.9953752643792273 0
    outer loop
      vertex 16.4662 -48.4542 3.2500
      vertex 15.3526 -48.5617 4.6000
      vertex 16.4662 -48.4542 4.6000
    endloop
  endfacet
  facet normal 0 0 -1
    outer loop
      vertex 20.0812 -44.1530 4.6000
      vertex 16.4662 -48.4542 4.6000
      vertex 15.3526 -48.5617 4.6000
    endloop
  endfacet
  facet normal 0 0 1
    outer loop
      vertex 20.0812 -44.1530 3.2500
      vertex 15.3526 -48.5617 3.2500
      vertex 16.4662 -48.4542 3.2500
    endloop
  endfacet
  facet normal -0.06866825888437643 0.9976395492470156 0
    outer loop
      vertex 15.3526 -48.5617 3.2500
      vertex 14.2365 -48.6385 3.2500
      vertex 14.2365 -48.6385 4.6000
    endloop
  endfacet
  facet normal -0.06866825888437643 0.9976395492470156 0
    outer loop
      vertex 15.3526 -48.5617 3.2500
      vertex 14.2365 -48.6385 4.6000
      vertex 15.3526 -48.5617 4.6000
    endloop
  endfacet
  facet normal 0 0 -1
    outer loop
      vertex 20.0812 -44.1530 4.6000
      vertex 15.3526 -48.5617 4.6000
      vertex 14.2365 -48.6385 4.6000
    endloop
  endfacet
  facet normal 0 0 1
    outer loop
      vertex 20.0812 -44.1530 3.2500
      vertex 14.2365 -48.6385 3.2500
      vertex 15.3526 -48.5617 3.2500
    endloop
  endfacet
  facet normal -0.041221720443640565 0.9991500236519372 0
    outer loop
      vertex 14.2365 -48.6385 3.2500
      vertex 13.1187 -48.6846 3.2500
      vertex 13.1187 -48.6846 4.6000
    endloop
  endfacet
  facet normal -0.041221720443640565 0.9991500236519372 0
    outer loop
      vertex 14.2365 -48.6385 3.2500
      vertex 13.1187 -48.6846 4.6000
      vertex 14.2365 -48.6385 4.6000
    endloop
  endfacet
  facet normal 0 0 -1
    outer loop
      vertex 20.0812 -44.1530 4.6000
      vertex 14.2365 -48.6385 4.6000
      vertex 13.1187 -48.6846 4.6000
    endloop
  endfacet
  facet normal 0 0 1
    outer loop
      vertex 20.0812 -44.1530 3.2500
      vertex 13.1187 -48.6846 3.2500
      vertex 14.2365 -48.6385 3.2500
    endloop
  endfacet
  facet normal -0.013744035118070213 0.9999055462885847 0
    outer loop
      vertex 13.1187 -48.6846 3.2500
      vertex 12.0000 -48.7000 3.2500
      vertex 12.0000 -48.7000 4.6000
    endloop
  endfacet
  facet normal -0.013744035118070213 0.9999055462885847 0
    outer loop
      vertex 13.1187 -48.6846 3.2500
      vertex 12.0000 -48.7000 4.6000
      vertex 13.1187 -48.6846 4.6000
    endloop
  endfacet
  facet normal 0 0 -1
    outer loop
      vertex 20.0812 -44.1530 4.6000
      vertex 13.1187 -48.6846 4.6000
      vertex 12.0000 -48.7000 4.6000
    endloop
  endfacet
  facet normal 0 0 1
    outer loop
      vertex 20.0812 -44.1530 3.2500
      vertex 12.0000 -48.7000 3.2500
      vertex 13.1187 -48.6846 3.2500
    endloop
  endfacet
  facet normal 0.013744035118069755 0.9999055462885847 0
    outer loop
      vertex 12.0000 -48.7000 3.2500
      vertex 10.8813 -48.6846 3.2500
      vertex 10.8813 -48.6846 4.6000
    endloop
  endfacet
  facet normal 0.013744035118069755 0.9999055462885847 0
    outer loop
      vertex 12.0000 -48.7000 3.2500
      vertex 10.8813 -48.6846 4.6000
      vertex 12.0000 -48.7000 4.6000
    endloop
  endfacet
  facet normal 0 0 -1
    outer loop
      vertex 20.0812 -44.1530 4.6000
      vertex 12.0000 -48.7000 4.6000
      vertex 10.8813 -48.6846 4.6000
    endloop
  endfacet
  facet normal 0 0 1
    outer loop
      vertex 20.0812 -44.1530 3.2500
      vertex 10.8813 -48.6846 3.2500
      vertex 12.0000 -48.7000 3.2500
    endloop
  endfacet
  facet normal 0.04122172044364186 0.9991500236519368 0
    outer loop
      vertex 10.8813 -48.6846 3.2500
      vertex 9.7635 -48.6385 3.2500
      vertex 9.7635 -48.6385 4.6000
    endloop
  endfacet
  facet normal 0.04122172044364186 0.9991500236519368 0
    outer loop
      vertex 10.8813 -48.6846 3.2500
      vertex 9.7635 -48.6385 4.6000
      vertex 10.8813 -48.6846 4.6000
    endloop
  endfacet
  facet normal 0 0 -1
    outer loop
      vertex 20.0812 -44.1530 4.6000
      vertex 10.8813 -48.6846 4.6000
      vertex 9.7635 -48.6385 4.6000
    endloop
  endfacet
  facet normal 0 0 1
    outer loop
      vertex 20.0812 -44.1530 3.2500
      vertex 9.7635 -48.6385 3.2500
      vertex 10.8813 -48.6846 3.2500
    endloop
  endfacet
  facet normal 0.06866825888437435 0.9976395492470155 0
    outer loop
      vertex 9.7635 -48.6385 3.2500
      vertex 8.6474 -48.5617 3.2500
      vertex 8.6474 -48.5617 4.6000
    endloop
  endfacet
  facet normal 0.06866825888437435 0.9976395492470155 0
    outer loop
      vertex 9.7635 -48.6385 3.2500
      vertex 8.6474 -48.5617 4.6000
      vertex 9.7635 -48.6385 4.6000
    endloop
  endfacet
  facet normal 0 0 -1
    outer loop
      vertex 20.0812 -44.1530 4.6000
      vertex 9.7635 -48.6385 4.6000
      vertex 8.6474 -48.5617 4.6000
    endloop
  endfacet
  facet normal 0 0 1
    outer loop
      vertex 20.0812 -44.1530 3.2500
      vertex 8.6474 -48.5617 3.2500
      vertex 9.7635 -48.6385 3.2500
    endloop
  endfacet
  facet normal 0.09606291200033125 0.9953752643792273 0
    outer loop
      vertex 8.6474 -48.5617 3.2500
      vertex 7.5338 -48.4542 3.2500
      vertex 7.5338 -48.4542 4.6000
    endloop
  endfacet
  facet normal 0.09606291200033125 0.9953752643792273 0
    outer loop
      vertex 8.6474 -48.5617 3.2500
      vertex 7.5338 -48.4542 4.6000
      vertex 8.6474 -48.5617 4.6000
    endloop
  endfacet
  facet normal 0 0 -1
    outer loop
      vertex 20.0812 -44.1530 4.6000
      vertex 8.6474 -48.5617 4.6000
      vertex 7.5338 -48.4542 4.6000
    endloop
  endfacet
  facet normal 0 0 1
    outer loop
      vertex 20.0812 -44.1530 3.2500
      vertex 7.5338 -48.4542 3.2500
      vertex 8.6474 -48.5617 3.2500
    endloop
  endfacet
  facet normal 0.12338498055585506 0.9923588799286431 0
    outer loop
      vertex 7.5338 -48.4542 3.2500
      vertex 6.4236 -48.3162 3.2500
      vertex 6.4236 -48.3162 4.6000
    endloop
  endfacet
  facet normal 0.12338498055585506 0.9923588799286431 0
    outer loop
      vertex 7.5338 -48.4542 3.2500
      vertex 6.4236 -48.3162 4.6000
      vertex 7.5338 -48.4542 4.6000
    endloop
  endfacet
  facet normal 0 0 -1
    outer loop
      vertex 20.0812 -44.1530 4.6000
      vertex 7.5338 -48.4542 4.6000
      vertex 6.4236 -48.3162 4.6000
    endloop
  endfacet
  facet normal 0 0 1
    outer loop
      vertex 20.0812 -44.1530 3.2500
      vertex 6.4236 -48.3162 3.2500
      vertex 7.5338 -48.4542 3.2500
    endloop
  endfacet
  facet normal 0.15061382015971703 0.9885926750572738 0
    outer loop
      vertex 6.4236 -48.3162 3.2500
      vertex 5.3176 -48.1477 3.2500
      vertex 5.3176 -48.1477 4.6000
    endloop
  endfacet
  facet normal 0.15061382015971703 0.9885926750572738 0
    outer loop
      vertex 6.4236 -48.3162 3.2500
      vertex 5.3176 -48.1477 4.6000
      vertex 6.4236 -48.3162 4.6000
    endloop
  endfacet
  facet normal 0 0 -1
    outer loop
      vertex 20.0812 -44.1530 4.6000
      vertex 6.4236 -48.3162 4.6000
      vertex 5.3176 -48.1477 4.6000
    endloop
  endfacet
  facet normal 0 0 1
    outer loop
      vertex 20.0812 -44.1530 3.2500
      vertex 5.3176 -48.1477 3.2500
      vertex 6.4236 -48.3162 3.2500
    endloop
  endfacet
  facet normal 0.17772885686395767 0.9840794954869403 0
    outer loop
      vertex 5.3176 -48.1477 3.2500
      vertex 4.2166 -47.9488 3.2500
      vertex 4.2166 -47.9488 4.6000
    endloop
  endfacet
  facet normal 0.17772885686395767 0.9840794954869403 0
    outer loop
      vertex 5.3176 -48.1477 3.2500
      vertex 4.2166 -47.9488 4.6000
      vertex 5.3176 -48.1477 4.6000
    endloop
  endfacet
  facet normal 0 0 -1
    outer loop
      vertex 20.0812 -44.1530 4.6000
      vertex 5.3176 -48.1477 4.6000
      vertex 4.2166 -47.9488 4.6000
    endloop
  endfacet
  facet normal 0 0 1
    outer loop
      vertex 20.0812 -44.1530 3.2500
      vertex 4.2166 -47.9488 3.2500
      vertex 5.3176 -48.1477 3.2500
    endloop
  endfacet
  facet normal 0.20470960270937746 0.9788227513490728 0
    outer loop
      vertex 4.2166 -47.9488 3.2500
      vertex 3.1216 -47.7198 3.2500
      vertex 3.1216 -47.7198 4.6000
    endloop
  endfacet
  facet normal 0.20470960270937746 0.9788227513490728 0
    outer loop
      vertex 4.2166 -47.9488 3.2500
      vertex 3.1216 -47.7198 4.6000
      vertex 4.2166 -47.9488 4.6000
    endloop
  endfacet
  facet normal 0 0 -1
    outer loop
      vertex 20.0812 -44.1530 4.6000
      vertex 4.2166 -47.9488 4.6000
      vertex 3.1216 -47.7198 4.6000
    endloop
  endfacet
  facet normal 0 0 1
    outer loop
      vertex 20.0812 -44.1530 3.2500
      vertex 3.1216 -47.7198 3.2500
      vertex 4.2166 -47.9488 3.2500
    endloop
  endfacet
  facet normal 0.23153567120617347 0.9728264146080258 0
    outer loop
      vertex 3.1216 -47.7198 3.2500
      vertex 2.0332 -47.4608 3.2500
      vertex 2.0332 -47.4608 4.6000
    endloop
  endfacet
  facet normal 0.23153567120617347 0.9728264146080258 0
    outer loop
      vertex 3.1216 -47.7198 3.2500
      vertex 2.0332 -47.4608 4.6000
      vertex 3.1216 -47.7198 4.6000
    endloop
  endfacet
  facet normal 0 0 -1
    outer loop
      vertex 20.0812 -44.1530 4.6000
      vertex 3.1216 -47.7198 4.6000
      vertex 2.0332 -47.4608 4.6000
    endloop
  endfacet
  facet normal 0 0 1
    outer loop
      vertex 20.0812 -44.1530 3.2500
      vertex 2.0332 -47.4608 3.2500
      vertex 3.1216 -47.7198 3.2500
    endloop
  endfacet
  facet normal 0.25818679273776424 0.9660950160599041 0
    outer loop
      vertex 2.0332 -47.4608 3.2500
      vertex 0.9524 -47.1719 3.2500
      vertex 0.9524 -47.1719 4.6000
    endloop
  endfacet
  facet normal 0.25818679273776424 0.9660950160599041 0
    outer loop
      vertex 2.0332 -47.4608 3.2500
      vertex 0.9524 -47.1719 4.6000
      vertex 2.0332 -47.4608 4.6000
    endloop
  endfacet
  facet normal 0 0 -1
    outer loop
      vertex 20.0812 -44.1530 4.6000
      vertex 2.0332 -47.4608 4.6000
      vertex 0.9524 -47.1719 4.6000
    endloop
  endfacet
  facet normal 0 0 1
    outer loop
      vertex 20.0812 -44.1530 3.2500
      vertex 0.9524 -47.1719 3.2500
      vertex 2.0332 -47.4608 3.2500
    endloop
  endfacet
  facet normal 0.2846428298765377 0.9586336419090853 0
    outer loop
      vertex 0.9524 -47.1719 3.2500
      vertex -0.1201 -46.8535 3.2500
      vertex -0.1201 -46.8535 4.6000
    endloop
  endfacet
  facet normal 0.2846428298765377 0.9586336419090853 0
    outer loop
      vertex 0.9524 -47.1719 3.2500
      vertex -0.1201 -46.8535 4.6000
      vertex 0.9524 -47.1719 4.6000
    endloop
  endfacet
  facet normal 0 0 -1
    outer loop
      vertex 20.0812 -44.1530 4.6000
      vertex 0.9524 -47.1719 4.6000
      vertex -0.1201 -46.8535 4.6000
    endloop
  endfacet
  facet normal 0 0 1
    outer loop
      vertex 20.0812 -44.1530 3.2500
      vertex -0.1201 -46.8535 3.2500
      vertex 0.9524 -47.1719 3.2500
    endloop
  endfacet
  facet normal 0.3108837925993932 0.9504479299251577 0
    outer loop
      vertex -0.1201 -46.8535 3.2500
      vertex -1.1834 -46.5057 3.2500
      vertex -1.1834 -46.5057 4.6000
    endloop
  endfacet
  facet normal 0.3108837925993932 0.9504479299251577 0
    outer loop
      vertex -0.1201 -46.8535 3.2500
      vertex -1.1834 -46.5057 4.6000
      vertex -0.1201 -46.8535 4.6000
    endloop
  endfacet
  facet normal 0 0 -1
    outer loop
      vertex 20.0812 -44.1530 4.6000
      vertex -0.1201 -46.8535 4.6000
      vertex -1.1834 -46.5057 4.6000
    endloop
  endfacet
  facet normal 0 0 1
    outer loop
      vertex 20.0812 -44.1530 3.2500
      vertex -1.1834 -46.5057 3.2500
      vertex -0.1201 -46.8535 3.2500
    endloop
  endfacet
  facet normal 0.33688985339222954 0.9415440651830173 0
    outer loop
      vertex -1.1834 -46.5057 3.2500
      vertex -2.2368 -46.1288 3.2500
      vertex -2.2368 -46.1288 4.6000
    endloop
  endfacet
  facet normal 0.33688985339222954 0.9415440651830173 0
    outer loop
      vertex -1.1834 -46.5057 3.2500
      vertex -2.2368 -46.1288 4.6000
      vertex -1.1834 -46.5057 4.6000
    endloop
  endfacet
  facet normal 0 0 -1
    outer loop
      vertex 20.0812 -44.1530 4.6000
      vertex -1.1834 -46.5057 4.6000
      vertex -2.2368 -46.1288 4.6000
    endloop
  endfacet
  facet normal 0 0 1
    outer loop
      vertex 20.0812 -44.1530 3.2500
      vertex -2.2368 -46.1288 3.2500
      vertex -1.1834 -46.5057 3.2500
    endloop
  endfacet
  facet normal 0.36264136223137333 0.9319287753895006 0
    outer loop
      vertex -2.2368 -46.1288 3.2500
      vertex -3.2794 -45.7231 3.2500
      vertex -3.2794 -45.7231 4.6000
    endloop
  endfacet
  facet normal 0.36264136223137333 0.9319287753895006 0
    outer loop
      vertex -2.2368 -46.1288 3.2500
      vertex -3.2794 -45.7231 4.6000
      vertex -2.2368 -46.1288 4.6000
    endloop
  endfacet
  facet normal 0 0 -1
    outer loop
      vertex 20.0812 -44.1530 4.6000
      vertex -2.2368 -46.1288 4.6000
      vertex -3.2794 -45.7231 4.6000
    endloop
  endfacet
  facet normal 0 0 1
    outer loop
      vertex 20.0812 -44.1530 3.2500
      vertex -3.2794 -45.7231 3.2500
      vertex -2.2368 -46.1288 3.2500
    endloop
  endfacet
  facet normal 0.38811886143114077 0.9216093257999265 0
    outer loop
      vertex -3.2794 -45.7231 3.2500
      vertex -4.3105 -45.2888 3.2500
      vertex -4.3105 -45.2888 4.6000
    endloop
  endfacet
  facet normal 0.38811886143114077 0.9216093257999265 0
    outer loop
      vertex -3.2794 -45.7231 3.2500
      vertex -4.3105 -45.2888 4.6000
      vertex -3.2794 -45.7231 4.6000
    endloop
  endfacet
  facet normal 0 0 -1
    outer loop
      vertex 20.0812 -44.1530 4.6000
      vertex -3.2794 -45.7231 4.6000
      vertex -4.3105 -45.2888 4.6000
    endloop
  endfacet
  facet normal 0 0 1
    outer loop
      vertex 20.0812 -44.1530 3.2500
      vertex -4.3105 -45.2888 3.2500
      vertex -3.2794 -45.7231 3.2500
    endloop
  endfacet
  facet normal 0.41324881786305456 0.9106181496844813 0
    outer loop
      vertex -4.3105 -45.2888 3.2500
      vertex -5.3205 -44.8305 3.2500
      vertex -5.3205 -44.8305 4.6000
    endloop
  endfacet
  facet normal 0.41324881786305456 0.9106181496844813 0
    outer loop
      vertex -4.3105 -45.2888 3.2500
      vertex -5.3205 -44.8305 4.6000
      vertex -4.3105 -45.2888 4.6000
    endloop
  endfacet
  facet normal 0 0 -1
    outer loop
      vertex 20.0812 -44.1530 4.6000
      vertex -4.3105 -45.2888 4.6000
      vertex -5.3205 -44.8305 4.6000
    endloop
  endfacet
  facet normal 0 0 1
    outer loop
      vertex 20.0812 -44.1530 3.2500
      vertex -5.3205 -44.8305 3.2500
      vertex -4.3105 -45.2888 3.2500
    endloop
  endfacet
  facet normal 0.9105935137285402 -0.41330310034587303 0
    outer loop
      vertex -5.3205 -44.8305 3.2500
      vertex -4.7419 -43.5557 3.2500
      vertex -4.7419 -43.5557 4.6000
    endloop
  endfacet
  facet normal 0.9105935137285402 -0.41330310034587303 0
    outer loop
      vertex -5.3205 -44.8305 3.2500
      vertex -4.7419 -43.5557 4.6000
      vertex -5.3205 -44.8305 4.6000
    endloop
  endfacet
  facet normal 0 0 -1
    outer loop
      vertex 20.0812 -44.1530 4.6000
      vertex -5.3205 -44.8305 4.6000
      vertex -4.7419 -43.5557 4.6000
    endloop
  endfacet
  facet normal 0 0 1
    outer loop
      vertex 20.0812 -44.1530 3.2500
      vertex -4.7419 -43.5557 3.2500
      vertex -5.3205 -44.8305 3.2500
    endloop
  endfacet
  facet normal -0.31134611142363094 -0.9502965847046828 0
    outer loop
      vertex -24.5645 -20.6695 3.2500
      vertex -22.7261 -21.2718 3.2500
      vertex -22.7261 -21.2718 4.5500
    endloop
  endfacet
  facet normal -0.31134611142363094 -0.9502965847046828 0
    outer loop
      vertex -24.5645 -20.6695 3.2500
      vertex -22.7261 -21.2718 4.5500
      vertex -24.5645 -20.6695 4.5500
    endloop
  endfacet
  facet normal 0 0 1
    outer loop
      vertex 9.9250 -20.2813 4.5500
      vertex -24.5645 -20.6695 4.5500
      vertex -22.7261 -21.2718 4.5500
    endloop
  endfacet
  facet normal 0 0 -1
    outer loop
      vertex 9.9250 -20.2813 3.2500
      vertex -22.7261 -21.2718 3.2500
      vertex -24.5645 -20.6695 3.2500
    endloop
  endfacet
  facet normal -0.25573677931382727 -0.9667464505785324 0
    outer loop
      vertex -22.7261 -21.2718 3.2500
      vertex -20.9238 -21.7485 3.2500
      vertex -20.9238 -21.7485 4.5500
    endloop
  endfacet
  facet normal -0.25573677931382727 -0.9667464505785324 0
    outer loop
      vertex -22.7261 -21.2718 3.2500
      vertex -20.9238 -21.7485 4.5500
      vertex -22.7261 -21.2718 4.5500
    endloop
  endfacet
  facet normal 0 0 1
    outer loop
      vertex 9.9250 -20.2813 4.5500
      vertex -22.7261 -21.2718 4.5500
      vertex -20.9238 -21.7485 4.5500
    endloop
  endfacet
  facet normal 0 0 -1
    outer loop
      vertex 9.9250 -20.2813 3.2500
      vertex -20.9238 -21.7485 3.2500
      vertex -22.7261 -21.2718 3.2500
    endloop
  endfacet
  facet normal -0.20142284150511613 -0.9795043843291387 0
    outer loop
      vertex -20.9238 -21.7485 3.2500
      vertex -19.1186 -22.1198 3.2500
      vertex -19.1186 -22.1198 4.5500
    endloop
  endfacet
  facet normal -0.20142284150511613 -0.9795043843291387 0
    outer loop
      vertex -20.9238 -21.7485 3.2500
      vertex -19.1186 -22.1198 4.5500
      vertex -20.9238 -21.7485 4.5500
    endloop
  endfacet
  facet normal 0 0 1
    outer loop
      vertex 9.9250 -20.2813 4.5500
      vertex -20.9238 -21.7485 4.5500
      vertex -19.1186 -22.1198 4.5500
    endloop
  endfacet
  facet normal 0 0 -1
    outer loop
      vertex 9.9250 -20.2813 3.2500
      vertex -19.1186 -22.1198 3.2500
      vertex -20.9238 -21.7485 3.2500
    endloop
  endfacet
  facet normal -0.14878134112699412 -0.988870119142273 0
    outer loop
      vertex -19.1186 -22.1198 3.2500
      vertex -17.3108 -22.3918 3.2500
      vertex -17.3108 -22.3918 4.5500
    endloop
  endfacet
  facet normal -0.14878134112699412 -0.988870119142273 0
    outer loop
      vertex -19.1186 -22.1198 3.2500
      vertex -17.3108 -22.3918 4.5500
      vertex -19.1186 -22.1198 4.5500
    endloop
  endfacet
  facet normal 0 0 1
    outer loop
      vertex 9.9250 -20.2813 4.5500
      vertex -19.1186 -22.1198 4.5500
      vertex -17.3108 -22.3918 4.5500
    endloop
  endfacet
  facet normal 0 0 -1
    outer loop
      vertex 9.9250 -20.2813 3.2500
      vertex -17.3108 -22.3918 3.2500
      vertex -19.1186 -22.1198 3.2500
    endloop
  endfacet
  facet normal -0.09839418982549772 -0.9951475184155281 0
    outer loop
      vertex -17.3108 -22.3918 3.2500
      vertex -15.5009 -22.5707 3.2500
      vertex -15.5009 -22.5707 4.5500
    endloop
  endfacet
  facet normal -0.09839418982549772 -0.9951475184155281 0
    outer loop
      vertex -17.3108 -22.3918 3.2500
      vertex -15.5009 -22.5707 4.5500
      vertex -17.3108 -22.3918 4.5500
    endloop
  endfacet
  facet normal 0 0 1
    outer loop
      vertex 9.9250 -20.2813 4.5500
      vertex -17.3108 -22.3918 4.5500
      vertex -15.5009 -22.5707 4.5500
    endloop
  endfacet
  facet normal 0 0 -1
    outer loop
      vertex 9.9250 -20.2813 3.2500
      vertex -15.5009 -22.5707 3.2500
      vertex -17.3108 -22.3918 3.2500
    endloop
  endfacet
  facet normal -0.05072656069955426 -0.9987125792937597 0
    outer loop
      vertex -15.5009 -22.5707 3.2500
      vertex -13.6898 -22.6627 3.2500
      vertex -13.6898 -22.6627 4.5500
    endloop
  endfacet
  facet normal -0.05072656069955426 -0.9987125792937597 0
    outer loop
      vertex -15.5009 -22.5707 3.2500
      vertex -13.6898 -22.6627 4.5500
      vertex -15.5009 -22.5707 4.5500
    endloop
  endfacet
  facet normal 0 0 1
    outer loop
      vertex 9.9250 -20.2813 4.5500
      vertex -15.5009 -22.5707 4.5500
      vertex -13.6898 -22.6627 4.5500
    endloop
  endfacet
  facet normal 0 0 -1
    outer loop
      vertex 9.9250 -20.2813 3.2500
      vertex -13.6898 -22.6627 3.2500
      vertex -15.5009 -22.5707 3.2500
    endloop
  endfacet
  facet normal -0.006124173883111138 -0.9999812470712885 0
    outer loop
      vertex -13.6898 -22.6627 3.2500
      vertex -11.8784 -22.6738 3.2500
      vertex -11.8784 -22.6738 4.5500
    endloop
  endfacet
  facet normal -0.006124173883111138 -0.9999812470712885 0
    outer loop
      vertex -13.6898 -22.6627 3.2500
      vertex -11.8784 -22.6738 4.5500
      vertex -13.6898 -22.6627 4.5500
    endloop
  endfacet
  facet normal 0 0 1
    outer loop
      vertex 9.9250 -20.2813 4.5500
      vertex -13.6898 -22.6627 4.5500
      vertex -11.8784 -22.6738 4.5500
    endloop
  endfacet
  facet normal 0 0 -1
    outer loop
      vertex 9.9250 -20.2813 3.2500
      vertex -11.8784 -22.6738 3.2500
      vertex -13.6898 -22.6627 3.2500
    endloop
  endfacet
  facet normal 0.035178990610730466 -0.9993810277464797 0
    outer loop
      vertex -11.8784 -22.6738 3.2500
      vertex -10.0677 -22.6100 3.2500
      vertex -10.0677 -22.6100 4.5500
    endloop
  endfacet
  facet normal 0.035178990610730466 -0.9993810277464797 0
    outer loop
      vertex -11.8784 -22.6738 3.2500
      vertex -10.0677 -22.6100 4.5500
      vertex -11.8784 -22.6738 4.5500
    endloop
  endfacet
  facet normal 0 0 1
    outer loop
      vertex 9.9250 -20.2813 4.5500
      vertex -11.8784 -22.6738 4.5500
      vertex -10.0677 -22.6100 4.5500
    endloop
  endfacet
  facet normal 0 0 -1
    outer loop
      vertex 9.9250 -20.2813 3.2500
      vertex -10.0677 -22.6100 3.2500
      vertex -11.8784 -22.6738 3.2500
    endloop
  endfacet
  facet normal 0.073045920068166 -0.9973285785343741 0
    outer loop
      vertex -10.0677 -22.6100 3.2500
      vertex -8.2589 -22.4776 3.2500
      vertex -8.2589 -22.4776 4.5500
    endloop
  endfacet
  facet normal 0.073045920068166 -0.9973285785343741 0
    outer loop
      vertex -10.0677 -22.6100 3.2500
      vertex -8.2589 -22.4776 4.5500
      vertex -10.0677 -22.6100 4.5500
    endloop
  endfacet
  facet normal 0 0 1
    outer loop
      vertex 9.9250 -20.2813 4.5500
      vertex -10.0677 -22.6100 4.5500
      vertex -8.2589 -22.4776 4.5500
    endloop
  endfacet
  facet normal 0 0 -1
    outer loop
      vertex 9.9250 -20.2813 3.2500
      vertex -8.2589 -22.4776 3.2500
      vertex -10.0677 -22.6100 3.2500
    endloop
  endfacet
  facet normal 0.10741806534093047 -0.9942139403762207 0
    outer loop
      vertex -8.2589 -22.4776 3.2500
      vertex -6.4532 -22.2825 3.2500
      vertex -6.4532 -22.2825 4.5500
    endloop
  endfacet
  facet normal 0.10741806534093047 -0.9942139403762207 0
    outer loop
      vertex -8.2589 -22.4776 3.2500
      vertex -6.4532 -22.2825 4.5500
      vertex -8.2589 -22.4776 4.5500
    endloop
  endfacet
  facet normal 0 0 1
    outer loop
      vertex 9.9250 -20.2813 4.5500
      vertex -8.2589 -22.4776 4.5500
      vertex -6.4532 -22.2825 4.5500
    endloop
  endfacet
  facet normal 0 0 -1
    outer loop
      vertex 9.9250 -20.2813 3.2500
      vertex -6.4532 -22.2825 3.2500
      vertex -8.2589 -22.4776 3.2500
    endloop
  endfacet
  facet normal 0.1382958322386529 -0.9903909646121669 0
    outer loop
      vertex -6.4532 -22.2825 3.2500
      vertex -4.6521 -22.0310 3.2500
      vertex -4.6521 -22.0310 4.5500
    endloop
  endfacet
  facet normal 0.1382958322386529 -0.9903909646121669 0
    outer loop
      vertex -6.4532 -22.2825 3.2500
      vertex -4.6521 -22.0310 4.5500
      vertex -6.4532 -22.2825 4.5500
    endloop
  endfacet
  facet normal 0 0 -1
    outer loop
      vertex 9.9250 -20.2813 4.5500
      vertex -6.4532 -22.2825 4.5500
      vertex -4.6521 -22.0310 4.5500
    endloop
  endfacet
  facet normal 0 0 1
    outer loop
      vertex 9.9250 -20.2813 3.2500
      vertex -4.6521 -22.0310 3.2500
      vertex -6.4532 -22.2825 3.2500
    endloop
  endfacet
  facet normal 0.16571996402812306 -0.9861728517468517 0
    outer loop
      vertex -4.6521 -22.0310 3.2500
      vertex -2.8568 -21.7293 3.2500
      vertex -2.8568 -21.7293 4.5500
    endloop
  endfacet
  facet normal 0.16571996402812306 -0.9861728517468517 0
    outer loop
      vertex -4.6521 -22.0310 3.2500
      vertex -2.8568 -21.7293 4.5500
      vertex -4.6521 -22.0310 4.5500
    endloop
  endfacet
  facet normal 0 0 -1
    outer loop
      vertex 9.9250 -20.2813 4.5500
      vertex -4.6521 -22.0310 4.5500
      vertex -2.8568 -21.7293 4.5500
    endloop
  endfacet
  facet normal 0 0 1
    outer loop
      vertex 9.9250 -20.2813 3.2500
      vertex -2.8568 -21.7293 3.2500
      vertex -4.6521 -22.0310 3.2500
    endloop
  endfacet
  facet normal 0.1897549031838881 -0.9818314909991801 0
    outer loop
      vertex -2.8568 -21.7293 3.2500
      vertex -1.0689 -21.3837 3.2500
      vertex -1.0689 -21.3837 4.5500
    endloop
  endfacet
  facet normal 0.1897549031838881 -0.9818314909991801 0
    outer loop
      vertex -2.8568 -21.7293 3.2500
      vertex -1.0689 -21.3837 4.5500
      vertex -2.8568 -21.7293 4.5500
    endloop
  endfacet
  facet normal 0 0 -1
    outer loop
      vertex 9.9250 -20.2813 4.5500
      vertex -2.8568 -21.7293 4.5500
      vertex -1.0689 -21.3837 4.5500
    endloop
  endfacet
  facet normal 0 0 1
    outer loop
      vertex 9.9250 -20.2813 3.2500
      vertex -1.0689 -21.3837 3.2500
      vertex -2.8568 -21.7293 3.2500
    endloop
  endfacet
  facet normal 0.21047456905795026 -0.9775993329477419 0
    outer loop
      vertex -1.0689 -21.3837 3.2500
      vertex 0.7104 -21.0007 3.2500
      vertex 0.7104 -21.0007 4.5500
    endloop
  endfacet
  facet normal 0.21047456905795026 -0.9775993329477419 0
    outer loop
      vertex -1.0689 -21.3837 3.2500
      vertex 0.7104 -21.0007 4.5500
      vertex -1.0689 -21.3837 4.5500
    endloop
  endfacet
  facet normal 0 0 -1
    outer loop
      vertex 9.9250 -20.2813 4.5500
      vertex -1.0689 -21.3837 4.5500
      vertex 0.7104 -21.0007 4.5500
    endloop
  endfacet
  facet normal 0 0 1
    outer loop
      vertex 9.9250 -20.2813 3.2500
      vertex 0.7104 -21.0007 3.2500
      vertex -1.0689 -21.3837 3.2500
    endloop
  endfacet
  facet normal 0.2279505332020659 -0.9736727142181267 0
    outer loop
      vertex 0.7104 -21.0007 3.2500
      vertex 2.4795 -20.5865 3.2500
      vertex 2.4795 -20.5865 4.5500
    endloop
  endfacet
  facet normal 0.2279505332020659 -0.9736727142181267 0
    outer loop
      vertex 0.7104 -21.0007 3.2500
      vertex 2.4795 -20.5865 4.5500
      vertex 0.7104 -21.0007 4.5500
    endloop
  endfacet
  facet normal 0 0 -1
    outer loop
      vertex 9.9250 -20.2813 4.5500
      vertex 0.7104 -21.0007 4.5500
      vertex 2.4795 -20.5865 4.5500
    endloop
  endfacet
  facet normal 0 0 1
    outer loop
      vertex 9.9250 -20.2813 3.2500
      vertex 2.4795 -20.5865 3.2500
      vertex 0.7104 -21.0007 3.2500
    endloop
  endfacet
  facet normal 0.2422422987969709 -0.9702157845930764 0
    outer loop
      vertex 2.4795 -20.5865 3.2500
      vertex 4.2371 -20.1477 3.2500
      vertex 4.2371 -20.1477 4.5500
    endloop
  endfacet
  facet normal 0.2422422987969709 -0.9702157845930764 0
    outer loop
      vertex 2.4795 -20.5865 3.2500
      vertex 4.2371 -20.1477 4.5500
      vertex 2.4795 -20.5865 4.5500
    endloop
  endfacet
  facet normal 0 0 -1
    outer loop
      vertex 9.9250 -20.2813 4.5500
      vertex 2.4795 -20.5865 4.5500
      vertex 4.2371 -20.1477 4.5500
    endloop
  endfacet
  facet normal 0 0 1
    outer loop
      vertex 9.9250 -20.2813 3.2500
      vertex 4.2371 -20.1477 3.2500
      vertex 2.4795 -20.5865 3.2500
    endloop
  endfacet
  facet normal 0.2533892538330507 -0.9673644018889312 0
    outer loop
      vertex 4.2371 -20.1477 3.2500
      vertex 5.9818 -19.6906 3.2500
      vertex 5.9818 -19.6906 4.5500
    endloop
  endfacet
  facet normal 0.2533892538330507 -0.9673644018889312 0
    outer loop
      vertex 4.2371 -20.1477 3.2500
      vertex 5.9818 -19.6906 4.5500
      vertex 4.2371 -20.1477 4.5500
    endloop
  endfacet
  facet normal 0 0 -1
    outer loop
      vertex 9.9250 -20.2813 4.5500
      vertex 4.2371 -20.1477 4.5500
      vertex 5.9818 -19.6906 4.5500
    endloop
  endfacet
  facet normal 0 0 1
    outer loop
      vertex 9.9250 -20.2813 3.2500
      vertex 5.9818 -19.6906 3.2500
      vertex 4.2371 -20.1477 3.2500
    endloop
  endfacet
  facet normal 0.2614038254608394 -0.9652295271252526 0
    outer loop
      vertex 5.9818 -19.6906 3.2500
      vertex 7.7124 -19.2220 3.2500
      vertex 7.7124 -19.2220 4.5500
    endloop
  endfacet
  facet normal 0.2614038254608394 -0.9652295271252526 0
    outer loop
      vertex 5.9818 -19.6906 3.2500
      vertex 7.7124 -19.2220 4.5500
      vertex 5.9818 -19.6906 4.5500
    endloop
  endfacet
  facet normal 0 0 -1
    outer loop
      vertex 9.9250 -20.2813 4.5500
      vertex 5.9818 -19.6906 4.5500
      vertex 7.7124 -19.2220 4.5500
    endloop
  endfacet
  facet normal 0 0 1
    outer loop
      vertex 9.9250 -20.2813 3.2500
      vertex 7.7124 -19.2220 3.2500
      vertex 5.9818 -19.6906 3.2500
    endloop
  endfacet
  facet normal 0.266265379771257 -0.9638997601074857 0
    outer loop
      vertex 7.7124 -19.2220 3.2500
      vertex 9.4276 -18.7482 3.2500
      vertex 9.4276 -18.7482 4.5500
    endloop
  endfacet
  facet normal 0.266265379771257 -0.9638997601074857 0
    outer loop
      vertex 7.7124 -19.2220 3.2500
      vertex 9.4276 -18.7482 4.5500
      vertex 7.7124 -19.2220 4.5500
    endloop
  endfacet
  facet normal 0 0 -1
    outer loop
      vertex 9.9250 -20.2813 4.5500
      vertex 7.7124 -19.2220 4.5500
      vertex 9.4276 -18.7482 4.5500
    endloop
  endfacet
  facet normal 0 0 1
    outer loop
      vertex 9.9250 -20.2813 3.2500
      vertex 9.4276 -18.7482 3.2500
      vertex 7.7124 -19.2220 3.2500
    endloop
  endfacet
  facet normal 0.26791446415464515 -0.9634427019271719 0
    outer loop
      vertex 9.4276 -18.7482 3.2500
      vertex 11.1261 -18.2759 3.2500
      vertex 11.1261 -18.2759 4.5500
    endloop
  endfacet
  facet normal 0.26791446415464515 -0.9634427019271719 0
    outer loop
      vertex 9.4276 -18.7482 3.2500
      vertex 11.1261 -18.2759 4.5500
      vertex 9.4276 -18.7482 4.5500
    endloop
  endfacet
  facet normal 0 0 -1
    outer loop
      vertex 9.9250 -20.2813 4.5500
      vertex 9.4276 -18.7482 4.5500
      vertex 11.1261 -18.2759 4.5500
    endloop
  endfacet
  facet normal 0 0 1
    outer loop
      vertex 9.9250 -20.2813 3.2500
      vertex 11.1261 -18.2759 3.2500
      vertex 9.4276 -18.7482 3.2500
    endloop
  endfacet
  facet normal 0.2662470685886972 -0.963904818157854 0
    outer loop
      vertex 11.1261 -18.2759 3.2500
      vertex 12.8068 -17.8116 3.2500
      vertex 12.8068 -17.8116 4.5500
    endloop
  endfacet
  facet normal 0.2662470685886972 -0.963904818157854 0
    outer loop
      vertex 11.1261 -18.2759 3.2500
      vertex 12.8068 -17.8116 4.5500
      vertex 11.1261 -18.2759 4.5500
    endloop
  endfacet
  facet normal 0 0 -1
    outer loop
      vertex 9.9250 -20.2813 4.5500
      vertex 11.1261 -18.2759 4.5500
      vertex 12.8068 -17.8116 4.5500
    endloop
  endfacet
  facet normal 0 0 1
    outer loop
      vertex 9.9250 -20.2813 3.2500
      vertex 12.8068 -17.8116 3.2500
      vertex 11.1261 -18.2759 3.2500
    endloop
  endfacet
  facet normal 0.261108691414417 -0.9653094070130316 0
    outer loop
      vertex 12.8068 -17.8116 3.2500
      vertex 14.4688 -17.3621 3.2500
      vertex 14.4688 -17.3621 4.5500
    endloop
  endfacet
  facet normal 0.261108691414417 -0.9653094070130316 0
    outer loop
      vertex 12.8068 -17.8116 3.2500
      vertex 14.4688 -17.3621 4.5500
      vertex 12.8068 -17.8116 4.5500
    endloop
  endfacet
  facet normal 0 0 -1
    outer loop
      vertex 9.9250 -20.2813 4.5500
      vertex 12.8068 -17.8116 4.5500
      vertex 14.4688 -17.3621 4.5500
    endloop
  endfacet
  facet normal 0 0 1
    outer loop
      vertex 9.9250 -20.2813 3.2500
      vertex 14.4688 -17.3621 3.2500
      vertex 12.8068 -17.8116 3.2500
    endloop
  endfacet
  facet normal 0.2522881527304735 -0.9676521523728687 0
    outer loop
      vertex 14.4688 -17.3621 3.2500
      vertex 16.1110 -16.9339 3.2500
      vertex 16.1110 -16.9339 4.5500
    endloop
  endfacet
  facet normal 0.2522881527304735 -0.9676521523728687 0
    outer loop
      vertex 14.4688 -17.3621 3.2500
      vertex 16.1110 -16.9339 4.5500
      vertex 14.4688 -17.3621 4.5500
    endloop
  endfacet
  facet normal 0 0 -1
    outer loop
      vertex 9.9250 -20.2813 4.5500
      vertex 14.4688 -17.3621 4.5500
      vertex 16.1110 -16.9339 4.5500
    endloop
  endfacet
  facet normal 0 0 1
    outer loop
      vertex 9.9250 -20.2813 3.2500
      vertex 16.1110 -16.9339 3.2500
      vertex 14.4688 -17.3621 3.2500
    endloop
  endfacet
  facet normal 0.23951134070949348 -0.9708935666032301 0
    outer loop
      vertex 16.1110 -16.9339 3.2500
      vertex 17.7325 -16.5339 3.2500
      vertex 17.7325 -16.5339 4.5500
    endloop
  endfacet
  facet normal 0.23951134070949348 -0.9708935666032301 0
    outer loop
      vertex 16.1110 -16.9339 3.2500
      vertex 17.7325 -16.5339 4.5500
      vertex 16.1110 -16.9339 4.5500
    endloop
  endfacet
  facet normal 0 0 -1
    outer loop
      vertex 9.9250 -20.2813 4.5500
      vertex 16.1110 -16.9339 4.5500
      vertex 17.7325 -16.5339 4.5500
    endloop
  endfacet
  facet normal 0 0 1
    outer loop
      vertex 9.9250 -20.2813 3.2500
      vertex 17.7325 -16.5339 3.2500
      vertex 16.1110 -16.9339 3.2500
    endloop
  endfacet
  facet normal 0.22243546242905107 -0.974947416558439 0
    outer loop
      vertex 17.7325 -16.5339 3.2500
      vertex 19.3325 -16.1688 3.2500
      vertex 19.3325 -16.1688 4.5500
    endloop
  endfacet
  facet normal 0.22243546242905107 -0.974947416558439 0
    outer loop
      vertex 17.7325 -16.5339 3.2500
      vertex 19.3325 -16.1688 4.5500
      vertex 17.7325 -16.5339 4.5500
    endloop
  endfacet
  facet normal 0 0 -1
    outer loop
      vertex 9.9250 -20.2813 4.5500
      vertex 17.7325 -16.5339 4.5500
      vertex 19.3325 -16.1688 4.5500
    endloop
  endfacet
  facet normal 0 0 1
    outer loop
      vertex 9.9250 -20.2813 3.2500
      vertex 19.3325 -16.1688 3.2500
      vertex 17.7325 -16.5339 3.2500
    endloop
  endfacet
  facet normal 0.20064499009762038 -0.9796640178901773 0
    outer loop
      vertex 19.3325 -16.1688 3.2500
      vertex 20.9104 -15.8457 3.2500
      vertex 20.9104 -15.8457 4.5500
    endloop
  endfacet
  facet normal 0.20064499009762038 -0.9796640178901773 0
    outer loop
      vertex 19.3325 -16.1688 3.2500
      vertex 20.9104 -15.8457 4.5500
      vertex 19.3325 -16.1688 4.5500
    endloop
  endfacet
  facet normal 0 0 -1
    outer loop
      vertex 9.9250 -20.2813 4.5500
      vertex 19.3325 -16.1688 4.5500
      vertex 20.9104 -15.8457 4.5500
    endloop
  endfacet
  facet normal 0 0 1
    outer loop
      vertex 9.9250 -20.2813 3.2500
      vertex 20.9104 -15.8457 3.2500
      vertex 19.3325 -16.1688 3.2500
    endloop
  endfacet
  facet normal 0.17365146566737605 -0.9848071732433573 0
    outer loop
      vertex 20.9104 -15.8457 3.2500
      vertex 22.4656 -15.5714 3.2500
      vertex 22.4656 -15.5714 4.5500
    endloop
  endfacet
  facet normal 0.17365146566737605 -0.9848071732433573 0
    outer loop
      vertex 20.9104 -15.8457 3.2500
      vertex 22.4656 -15.5714 4.5500
      vertex 20.9104 -15.8457 4.5500
    endloop
  endfacet
  facet normal 0 0 -1
    outer loop
      vertex 9.9250 -20.2813 4.5500
      vertex 20.9104 -15.8457 4.5500
      vertex 22.4656 -15.5714 4.5500
    endloop
  endfacet
  facet normal 0 0 1
    outer loop
      vertex 9.9250 -20.2813 3.2500
      vertex 22.4656 -15.5714 3.2500
      vertex 20.9104 -15.8457 3.2500
    endloop
  endfacet
  facet normal 0.14090078569125836 -0.9900237212267118 0
    outer loop
      vertex 22.4656 -15.5714 3.2500
      vertex 23.9976 -15.3534 3.2500
      vertex 23.9976 -15.3534 4.5500
    endloop
  endfacet
  facet normal 0.14090078569125836 -0.9900237212267118 0
    outer loop
      vertex 22.4656 -15.5714 3.2500
      vertex 23.9976 -15.3534 4.5500
      vertex 22.4656 -15.5714 4.5500
    endloop
  endfacet
  facet normal 0 0 -1
    outer loop
      vertex 9.9250 -20.2813 4.5500
      vertex 22.4656 -15.5714 4.5500
      vertex 23.9976 -15.3534 4.5500
    endloop
  endfacet
  facet normal 0 0 1
    outer loop
      vertex 9.9250 -20.2813 3.2500
      vertex 23.9976 -15.3534 3.2500
      vertex 22.4656 -15.5714 3.2500
    endloop
  endfacet
  facet normal 0.10179361567204029 -0.9948055386900563 0
    outer loop
      vertex 23.9976 -15.3534 3.2500
      vertex 25.5060 -15.1991 3.2500
      vertex 25.5060 -15.1991 4.5500
    endloop
  endfacet
  facet normal 0.10179361567204029 -0.9948055386900563 0
    outer loop
      vertex 23.9976 -15.3534 3.2500
      vertex 25.5060 -15.1991 4.5500
      vertex 23.9976 -15.3534 4.5500
    endloop
  endfacet
  facet normal 0 0 -1
    outer loop
      vertex 9.9250 -20.2813 4.5500
      vertex 23.9976 -15.3534 4.5500
      vertex 25.5060 -15.1991 4.5500
    endloop
  endfacet
  facet normal 0 0 1
    outer loop
      vertex 9.9250 -20.2813 3.2500
      vertex 25.5060 -15.1991 3.2500
      vertex 23.9976 -15.3534 3.2500
    endloop
  endfacet
  facet normal 0.055727035125450394 -0.9984460413843739 0
    outer loop
      vertex 25.5060 -15.1991 3.2500
      vertex 26.9901 -15.1162 3.2500
      vertex 26.9901 -15.1162 4.5500
    endloop
  endfacet
  facet normal 0.055727035125450394 -0.9984460413843739 0
    outer loop
      vertex 25.5060 -15.1991 3.2500
      vertex 26.9901 -15.1162 4.5500
      vertex 25.5060 -15.1991 4.5500
    endloop
  endfacet
  facet normal 0 0 -1
    outer loop
      vertex 9.9250 -20.2813 4.5500
      vertex 25.5060 -15.1991 4.5500
      vertex 26.9901 -15.1162 4.5500
    endloop
  endfacet
  facet normal 0 0 1
    outer loop
      vertex 9.9250 -20.2813 3.2500
      vertex 26.9901 -15.1162 3.2500
      vertex 25.5060 -15.1991 3.2500
    endloop
  endfacet
  facet normal 0.002167660590704879 -0.999997650621022 0
    outer loop
      vertex 26.9901 -15.1162 3.2500
      vertex 28.4494 -15.1131 3.2500
      vertex 28.4494 -15.1131 4.5500
    endloop
  endfacet
  facet normal 0.002167660590704879 -0.999997650621022 0
    outer loop
      vertex 26.9901 -15.1162 3.2500
      vertex 28.4494 -15.1131 4.5500
      vertex 26.9901 -15.1162 4.5500
    endloop
  endfacet
  facet normal 0 0 -1
    outer loop
      vertex 9.9250 -20.2813 4.5500
      vertex 26.9901 -15.1162 4.5500
      vertex 28.4494 -15.1131 4.5500
    endloop
  endfacet
  facet normal 0 0 1
    outer loop
      vertex 9.9250 -20.2813 3.2500
      vertex 28.4494 -15.1131 3.2500
      vertex 26.9901 -15.1162 3.2500
    endloop
  endfacet
  facet normal -0.05923356436702417 -0.9982441509231985 0
    outer loop
      vertex 28.4494 -15.1131 3.2500
      vertex 29.8828 -15.1981 3.2500
      vertex 29.8828 -15.1981 4.5500
    endloop
  endfacet
  facet normal -0.05923356436702417 -0.9982441509231985 0
    outer loop
      vertex 28.4494 -15.1131 3.2500
      vertex 29.8828 -15.1981 4.5500
      vertex 28.4494 -15.1131 4.5500
    endloop
  endfacet
  facet normal 0 0 -1
    outer loop
      vertex 9.9250 -20.2813 4.5500
      vertex 28.4494 -15.1131 4.5500
      vertex 29.8828 -15.1981 4.5500
    endloop
  endfacet
  facet normal 0 0 1
    outer loop
      vertex 9.9250 -20.2813 3.2500
      vertex 29.8828 -15.1981 3.2500
      vertex 28.4494 -15.1131 3.2500
    endloop
  endfacet
  facet normal -0.1284806036925936 -0.9917120219472922 0
    outer loop
      vertex 29.8828 -15.1981 3.2500
      vertex 31.2886 -15.3803 3.2500
      vertex 31.2886 -15.3803 4.5500
    endloop
  endfacet
  facet normal -0.1284806036925936 -0.9917120219472922 0
    outer loop
      vertex 29.8828 -15.1981 3.2500
      vertex 31.2886 -15.3803 4.5500
      vertex 29.8828 -15.1981 4.5500
    endloop
  endfacet
  facet normal 0 0 -1
    outer loop
      vertex 9.9250 -20.2813 4.5500
      vertex 29.8828 -15.1981 4.5500
      vertex 31.2886 -15.3803 4.5500
    endloop
  endfacet
  facet normal 0 0 1
    outer loop
      vertex 9.9250 -20.2813 3.2500
      vertex 31.2886 -15.3803 3.2500
      vertex 29.8828 -15.1981 3.2500
    endloop
  endfacet
  facet normal -0.20503785356301435 -0.9787540439795238 0
    outer loop
      vertex 31.2886 -15.3803 3.2500
      vertex 32.6644 -15.6685 3.2500
      vertex 32.6644 -15.6685 4.5500
    endloop
  endfacet
  facet normal -0.20503785356301435 -0.9787540439795238 0
    outer loop
      vertex 31.2886 -15.3803 3.2500
      vertex 32.6644 -15.6685 4.5500
      vertex 31.2886 -15.3803 4.5500
    endloop
  endfacet
  facet normal 0 0 -1
    outer loop
      vertex 9.9250 -20.2813 4.5500
      vertex 31.2886 -15.3803 4.5500
      vertex 32.6644 -15.6685 4.5500
    endloop
  endfacet
  facet normal 0 0 1
    outer loop
      vertex 9.9250 -20.2813 3.2500
      vertex 32.6644 -15.6685 3.2500
      vertex 31.2886 -15.3803 3.2500
    endloop
  endfacet
  facet normal -0.2876441352599093 -0.957737360371088 0
    outer loop
      vertex 32.6644 -15.6685 3.2500
      vertex 34.0065 -16.0715 3.2500
      vertex 34.0065 -16.0715 4.5500
    endloop
  endfacet
  facet normal -0.2876441352599093 -0.957737360371088 0
    outer loop
      vertex 32.6644 -15.6685 3.2500
      vertex 34.0065 -16.0715 4.5500
      vertex 32.6644 -15.6685 4.5500
    endloop
  endfacet
  facet normal 0 0 -1
    outer loop
      vertex 9.9250 -20.2813 4.5500
      vertex 32.6644 -15.6685 4.5500
      vertex 34.0065 -16.0715 4.5500
    endloop
  endfacet
  facet normal 0 0 1
    outer loop
      vertex 9.9250 -20.2813 3.2500
      vertex 34.0065 -16.0715 3.2500
      vertex 32.6644 -15.6685 3.2500
    endloop
  endfacet
  facet normal -0.3742131082129985 -0.92734273580029 0
    outer loop
      vertex 34.0065 -16.0715 3.2500
      vertex 35.3101 -16.5976 3.2500
      vertex 35.3101 -16.5976 4.5500
    endloop
  endfacet
  facet normal -0.3742131082129985 -0.92734273580029 0
    outer loop
      vertex 34.0065 -16.0715 3.2500
      vertex 35.3101 -16.5976 4.5500
      vertex 34.0065 -16.0715 4.5500
    endloop
  endfacet
  facet normal 0 0 -1
    outer loop
      vertex 9.9250 -20.2813 4.5500
      vertex 34.0065 -16.0715 4.5500
      vertex 35.3101 -16.5976 4.5500
    endloop
  endfacet
  facet normal 0 0 1
    outer loop
      vertex 9.9250 -20.2813 3.2500
      vertex 35.3101 -16.5976 3.2500
      vertex 34.0065 -16.0715 3.2500
    endloop
  endfacet
  facet normal -0.4619143764577517 -0.8869245226182702 0
    outer loop
      vertex 35.3101 -16.5976 3.2500
      vertex 36.5694 -17.2535 3.2500
      vertex 36.5694 -17.2535 4.5500
    endloop
  endfacet
  facet normal -0.4619143764577517 -0.8869245226182702 0
    outer loop
      vertex 35.3101 -16.5976 3.2500
      vertex 36.5694 -17.2535 4.5500
      vertex 35.3101 -16.5976 4.5500
    endloop
  endfacet
  facet normal 0 0 -1
    outer loop
      vertex 9.9250 -20.2813 4.5500
      vertex 35.3101 -16.5976 4.5500
      vertex 36.5694 -17.2535 4.5500
    endloop
  endfacet
  facet normal 0 0 1
    outer loop
      vertex 9.9250 -20.2813 3.2500
      vertex 36.5694 -17.2535 3.2500
      vertex 35.3101 -16.5976 3.2500
    endloop
  endfacet
  facet normal -0.5474910135740341 -0.8368115618558798 0
    outer loop
      vertex 36.5694 -17.2535 3.2500
      vertex 37.7787 -18.0446 3.2500
      vertex 37.7787 -18.0446 4.5500
    endloop
  endfacet
  facet normal -0.5474910135740341 -0.8368115618558798 0
    outer loop
      vertex 36.5694 -17.2535 3.2500
      vertex 37.7787 -18.0446 4.5500
      vertex 36.5694 -17.2535 4.5500
    endloop
  endfacet
  facet normal 0 0 -1
    outer loop
      vertex 9.9250 -20.2813 4.5500
      vertex 36.5694 -17.2535 4.5500
      vertex 37.7787 -18.0446 4.5500
    endloop
  endfacet
  facet normal 0 0 1
    outer loop
      vertex 9.9250 -20.2813 3.2500
      vertex 37.7787 -18.0446 3.2500
      vertex 36.5694 -17.2535 3.2500
    endloop
  endfacet
  facet normal -0.6277659784139987 -0.7784021302295587 0
    outer loop
      vertex 37.7787 -18.0446 3.2500
      vertex 38.9325 -18.9751 3.2500
      vertex 38.9325 -18.9751 4.5500
    endloop
  endfacet
  facet normal -0.6277659784139987 -0.7784021302295587 0
    outer loop
      vertex 37.7787 -18.0446 3.2500
      vertex 38.9325 -18.9751 4.5500
      vertex 37.7787 -18.0446 4.5500
    endloop
  endfacet
  facet normal 0 0 -1
    outer loop
      vertex 9.9250 -20.2813 4.5500
      vertex 37.7787 -18.0446 4.5500
      vertex 38.9325 -18.9751 4.5500
    endloop
  endfacet
  facet normal 0 0 1
    outer loop
      vertex 9.9250 -20.2813 3.2500
      vertex 38.9325 -18.9751 3.2500
      vertex 37.7787 -18.0446 3.2500
    endloop
  endfacet
  facet normal -0.6994084164807606 -0.7147222306294067 0
    outer loop
      vertex 38.9325 -18.9751 3.2500
      vertex 39.9803 -20.0004 3.2500
      vertex 39.9803 -20.0004 4.5500
    endloop
  endfacet
  facet normal -0.6994084164807606 -0.7147222306294067 0
    outer loop
      vertex 38.9325 -18.9751 3.2500
      vertex 39.9803 -20.0004 4.5500
      vertex 38.9325 -18.9751 4.5500
    endloop
  endfacet
  facet normal 0 0 -1
    outer loop
      vertex 9.9250 -20.2813 4.5500
      vertex 38.9325 -18.9751 4.5500
      vertex 39.9803 -20.0004 4.5500
    endloop
  endfacet
  facet normal 0 0 1
    outer loop
      vertex 9.9250 -20.2813 3.2500
      vertex 39.9803 -20.0004 3.2500
      vertex 38.9325 -18.9751 3.2500
    endloop
  endfacet
  facet normal -0.7139676583377303 0.700178679229622 0
    outer loop
      vertex 39.9803 -20.0004 3.2500
      vertex 38.0197 -21.9996 3.2500
      vertex 38.0197 -21.9996 4.5500
    endloop
  endfacet
  facet normal -0.7139676583377303 0.700178679229622 0
    outer loop
      vertex 39.9803 -20.0004 3.2500
      vertex 38.0197 -21.9996 4.5500
      vertex 39.9803 -20.0004 4.5500
    endloop
  endfacet
  facet normal 0 0 -1
    outer loop
      vertex 9.9250 -20.2813 4.5500
      vertex 39.9803 -20.0004 4.5500
      vertex 38.0197 -21.9996 4.5500
    endloop
  endfacet
  facet normal 0 0 1
    outer loop
      vertex 9.9250 -20.2813 3.2500
      vertex 38.0197 -21.9996 3.2500
      vertex 39.9803 -20.0004 3.2500
    endloop
  endfacet
  facet normal 0.7010248692973571 0.7131368260205214 0
    outer loop
      vertex 38.0197 -21.9996 3.2500
      vertex 37.0692 -21.0651 3.2500
      vertex 37.0692 -21.0651 4.5500
    endloop
  endfacet
  facet normal 0.7010248692973571 0.7131368260205214 0
    outer loop
      vertex 38.0197 -21.9996 3.2500
      vertex 37.0692 -21.0651 4.5500
      vertex 38.0197 -21.9996 4.5500
    endloop
  endfacet
  facet normal 0 0 1
    outer loop
      vertex 9.9250 -20.2813 4.5500
      vertex 38.0197 -21.9996 4.5500
      vertex 37.0692 -21.0651 4.5500
    endloop
  endfacet
  facet normal 0 0 -1
    outer loop
      vertex 9.9250 -20.2813 3.2500
      vertex 37.0692 -21.0651 3.2500
      vertex 38.0197 -21.9996 3.2500
    endloop
  endfacet
  facet normal 0.6277241943749278 0.7784358263828483 0
    outer loop
      vertex 37.0692 -21.0651 3.2500
      vertex 36.1298 -20.3076 3.2500
      vertex 36.1298 -20.3076 4.5500
    endloop
  endfacet
  facet normal 0.6277241943749278 0.7784358263828483 0
    outer loop
      vertex 37.0692 -21.0651 3.2500
      vertex 36.1298 -20.3076 4.5500
      vertex 37.0692 -21.0651 4.5500
    endloop
  endfacet
  facet normal 0 0 1
    outer loop
      vertex 9.9250 -20.2813 4.5500
      vertex 37.0692 -21.0651 4.5500
      vertex 36.1298 -20.3076 4.5500
    endloop
  endfacet
  facet normal 0 0 -1
    outer loop
      vertex 9.9250 -20.2813 3.2500
      vertex 36.1298 -20.3076 3.2500
      vertex 37.0692 -21.0651 3.2500
    endloop
  endfacet
  facet normal 0.5473801575643735 0.8368840798490561 0
    outer loop
      vertex 36.1298 -20.3076 3.2500
      vertex 35.1536 -19.6691 3.2500
      vertex 35.1536 -19.6691 4.5500
    endloop
  endfacet
  facet normal 0.5473801575643735 0.8368840798490561 0
    outer loop
      vertex 36.1298 -20.3076 3.2500
      vertex 35.1536 -19.6691 4.5500
      vertex 36.1298 -20.3076 4.5500
    endloop
  endfacet
  facet normal 0 0 1
    outer loop
      vertex 9.9250 -20.2813 4.5500
      vertex 36.1298 -20.3076 4.5500
      vertex 35.1536 -19.6691 4.5500
    endloop
  endfacet
  facet normal 0 0 -1
    outer loop
      vertex 9.9250 -20.2813 3.2500
      vertex 35.1536 -19.6691 3.2500
      vertex 36.1298 -20.3076 3.2500
    endloop
  endfacet
  facet normal 0.46172937549056403 0.8870208474489728 0
    outer loop
      vertex 35.1536 -19.6691 3.2500
      vertex 34.1379 -19.1404 3.2500
      vertex 34.1379 -19.1404 4.5500
    endloop
  endfacet
  facet normal 0.46172937549056403 0.8870208474489728 0
    outer loop
      vertex 35.1536 -19.6691 3.2500
      vertex 34.1379 -19.1404 4.5500
      vertex 35.1536 -19.6691 4.5500
    endloop
  endfacet
  facet normal 0 0 1
    outer loop
      vertex 9.9250 -20.2813 4.5500
      vertex 35.1536 -19.6691 4.5500
      vertex 34.1379 -19.1404 4.5500
    endloop
  endfacet
  facet normal 0 0 -1
    outer loop
      vertex 9.9250 -20.2813 3.2500
      vertex 34.1379 -19.1404 3.2500
      vertex 35.1536 -19.6691 3.2500
    endloop
  endfacet
  facet normal 0.3739676998613373 0.9274417283368378 0
    outer loop
      vertex 34.1379 -19.1404 3.2500
      vertex 33.0794 -18.7136 3.2500
      vertex 33.0794 -18.7136 4.5500
    endloop
  endfacet
  facet normal 0.3739676998613373 0.9274417283368378 0
    outer loop
      vertex 34.1379 -19.1404 3.2500
      vertex 33.0794 -18.7136 4.5500
      vertex 34.1379 -19.1404 4.5500
    endloop
  endfacet
  facet normal 0 0 1
    outer loop
      vertex 9.9250 -20.2813 4.5500
      vertex 34.1379 -19.1404 4.5500
      vertex 33.0794 -18.7136 4.5500
    endloop
  endfacet
  facet normal 0 0 -1
    outer loop
      vertex 9.9250 -20.2813 3.2500
      vertex 33.0794 -18.7136 3.2500
      vertex 34.1379 -19.1404 3.2500
    endloop
  endfacet
  facet normal 0.2873657774569422 0.9578209174718242 0
    outer loop
      vertex 33.0794 -18.7136 3.2500
      vertex 31.9751 -18.3823 3.2500
      vertex 31.9751 -18.3823 4.5500
    endloop
  endfacet
  facet normal 0.2873657774569422 0.9578209174718242 0
    outer loop
      vertex 33.0794 -18.7136 3.2500
      vertex 31.9751 -18.3823 4.5500
      vertex 33.0794 -18.7136 4.5500
    endloop
  endfacet
  facet normal 0 0 1
    outer loop
      vertex 9.9250 -20.2813 4.5500
      vertex 33.0794 -18.7136 4.5500
      vertex 31.9751 -18.3823 4.5500
    endloop
  endfacet
  facet normal 0 0 -1
    outer loop
      vertex 9.9250 -20.2813 3.2500
      vertex 31.9751 -18.3823 3.2500
      vertex 33.0794 -18.7136 3.2500
    endloop
  endfacet
  facet normal 0.2047568778375787 0.9788128631041824 0
    outer loop
      vertex 31.9751 -18.3823 3.2500
      vertex 30.8227 -18.1412 3.2500
      vertex 30.8227 -18.1412 4.5500
    endloop
  endfacet
  facet normal 0.2047568778375787 0.9788128631041824 0
    outer loop
      vertex 31.9751 -18.3823 3.2500
      vertex 30.8227 -18.1412 4.5500
      vertex 31.9751 -18.3823 4.5500
    endloop
  endfacet
  facet normal 0 0 1
    outer loop
      vertex 9.9250 -20.2813 4.5500
      vertex 31.9751 -18.3823 4.5500
      vertex 30.8227 -18.1412 4.5500
    endloop
  endfacet
  facet normal 0 0 -1
    outer loop
      vertex 9.9250 -20.2813 3.2500
      vertex 30.8227 -18.1412 3.2500
      vertex 31.9751 -18.3823 3.2500
    endloop
  endfacet
  facet normal 0.1282208778465475 0.9917456359794383 0
    outer loop
      vertex 30.8227 -18.1412 3.2500
      vertex 29.6212 -17.9859 3.2500
      vertex 29.6212 -17.9859 4.5500
    endloop
  endfacet
  facet normal 0.1282208778465475 0.9917456359794383 0
    outer loop
      vertex 30.8227 -18.1412 3.2500
      vertex 29.6212 -17.9859 4.5500
      vertex 30.8227 -18.1412 4.5500
    endloop
  endfacet
  facet normal 0 0 1
    outer loop
      vertex 9.9250 -20.2813 4.5500
      vertex 30.8227 -18.1412 4.5500
      vertex 29.6212 -17.9859 4.5500
    endloop
  endfacet
  facet normal 0 0 -1
    outer loop
      vertex 9.9250 -20.2813 3.2500
      vertex 29.6212 -17.9859 3.2500
      vertex 30.8227 -18.1412 3.2500
    endloop
  endfacet
  facet normal 0.059008701222175323 0.9982574683818157 0
    outer loop
      vertex 29.6212 -17.9859 3.2500
      vertex 28.3708 -17.9120 3.2500
      vertex 28.3708 -17.9120 4.5500
    endloop
  endfacet
  facet normal 0.059008701222175323 0.9982574683818157 0
    outer loop
      vertex 29.6212 -17.9859 3.2500
      vertex 28.3708 -17.9120 4.5500
      vertex 29.6212 -17.9859 4.5500
    endloop
  endfacet
  facet normal 0 0 1
    outer loop
      vertex 9.9250 -20.2813 4.5500
      vertex 29.6212 -17.9859 4.5500
      vertex 28.3708 -17.9120 4.5500
    endloop
  endfacet
  facet normal 0 0 -1
    outer loop
      vertex 9.9250 -20.2813 3.2500
      vertex 28.3708 -17.9120 3.2500
      vertex 29.6212 -17.9859 3.2500
    endloop
  endfacet
  facet normal -0.0023532763158641257 0.9999972310414571 0
    outer loop
      vertex 28.3708 -17.9120 3.2500
      vertex 27.0724 -17.9150 3.2500
      vertex 27.0724 -17.9150 4.5500
    endloop
  endfacet
  facet normal -0.0023532763158641257 0.9999972310414571 0
    outer loop
      vertex 28.3708 -17.9120 3.2500
      vertex 27.0724 -17.9150 4.5500
      vertex 28.3708 -17.9120 4.5500
    endloop
  endfacet
  facet normal 0 0 1
    outer loop
      vertex 9.9250 -20.2813 4.5500
      vertex 28.3708 -17.9120 4.5500
      vertex 27.0724 -17.9150 4.5500
    endloop
  endfacet
  facet normal 0 0 -1
    outer loop
      vertex 9.9250 -20.2813 3.2500
      vertex 27.0724 -17.9150 3.2500
      vertex 28.3708 -17.9120 3.2500
    endloop
  endfacet
  facet normal -0.05587512889621588 0.9984377646958428 0
    outer loop
      vertex 27.0724 -17.9150 3.2500
      vertex 25.7276 -17.9903 3.2500
      vertex 25.7276 -17.9903 4.5500
    endloop
  endfacet
  facet normal -0.05587512889621588 0.9984377646958428 0
    outer loop
      vertex 27.0724 -17.9150 3.2500
      vertex 25.7276 -17.9903 4.5500
      vertex 27.0724 -17.9150 4.5500
    endloop
  endfacet
  facet normal 0 0 1
    outer loop
      vertex 9.9250 -20.2813 4.5500
      vertex 27.0724 -17.9150 4.5500
      vertex 25.7276 -17.9903 4.5500
    endloop
  endfacet
  facet normal 0 0 -1
    outer loop
      vertex 9.9250 -20.2813 3.2500
      vertex 25.7276 -17.9903 3.2500
      vertex 27.0724 -17.9150 3.2500
    endloop
  endfacet
  facet normal -0.10190895619983062 0.9947937296979011 0
    outer loop
      vertex 25.7276 -17.9903 3.2500
      vertex 24.3384 -18.1326 3.2500
      vertex 24.3384 -18.1326 4.5500
    endloop
  endfacet
  facet normal -0.10190895619983062 0.9947937296979011 0
    outer loop
      vertex 25.7276 -17.9903 3.2500
      vertex 24.3384 -18.1326 4.5500
      vertex 25.7276 -17.9903 4.5500
    endloop
  endfacet
  facet normal 0 0 1
    outer loop
      vertex 9.9250 -20.2813 4.5500
      vertex 25.7276 -17.9903 4.5500
      vertex 24.3384 -18.1326 4.5500
    endloop
  endfacet
  facet normal 0 0 -1
    outer loop
      vertex 9.9250 -20.2813 3.2500
      vertex 24.3384 -18.1326 3.2500
      vertex 25.7276 -17.9903 3.2500
    endloop
  endfacet
  facet normal -0.14098904487814107 0.9900111561110561 0
    outer loop
      vertex 24.3384 -18.1326 3.2500
      vertex 22.9068 -18.3365 3.2500
      vertex 22.9068 -18.3365 4.5500
    endloop
  endfacet
  facet normal -0.14098904487814107 0.9900111561110561 0
    outer loop
      vertex 24.3384 -18.1326 3.2500
      vertex 22.9068 -18.3365 4.5500
      vertex 24.3384 -18.1326 4.5500
    endloop
  endfacet
  facet normal 0 0 1
    outer loop
      vertex 9.9250 -20.2813 4.5500
      vertex 24.3384 -18.1326 4.5500
      vertex 22.9068 -18.3365 4.5500
    endloop
  endfacet
  facet normal 0 0 -1
    outer loop
      vertex 9.9250 -20.2813 3.2500
      vertex 22.9068 -18.3365 3.2500
      vertex 24.3384 -18.1326 3.2500
    endloop
  endfacet
  facet normal -0.17371803553125661 0.9847954326311434 0
    outer loop
      vertex 22.9068 -18.3365 3.2500
      vertex 21.4351 -18.5961 3.2500
      vertex 21.4351 -18.5961 4.5500
    endloop
  endfacet
  facet normal -0.17371803553125661 0.9847954326311434 0
    outer loop
      vertex 22.9068 -18.3365 3.2500
      vertex 21.4351 -18.5961 4.5500
      vertex 22.9068 -18.3365 4.5500
    endloop
  endfacet
  facet normal 0 0 -1
    outer loop
      vertex 9.9250 -20.2813 4.5500
      vertex 22.9068 -18.3365 4.5500
      vertex 21.4351 -18.5961 4.5500
    endloop
  endfacet
  facet normal 0 0 1
    outer loop
      vertex 9.9250 -20.2813 3.2500
      vertex 21.4351 -18.5961 3.2500
      vertex 22.9068 -18.3365 3.2500
    endloop
  endfacet
  facet normal -0.2006944769297181 0.9796538811896306 0
    outer loop
      vertex 21.4351 -18.5961 3.2500
      vertex 19.9253 -18.9054 3.2500
      vertex 19.9253 -18.9054 4.5500
    endloop
  endfacet
  facet normal -0.2006944769297181 0.9796538811896306 0
    outer loop
      vertex 21.4351 -18.5961 3.2500
      vertex 19.9253 -18.9054 4.5500
      vertex 21.4351 -18.5961 4.5500
    endloop
  endfacet
  facet normal 0 0 -1
    outer loop
      vertex 9.9250 -20.2813 4.5500
      vertex 21.4351 -18.5961 4.5500
      vertex 19.9253 -18.9054 4.5500
    endloop
  endfacet
  facet normal 0 0 1
    outer loop
      vertex 9.9250 -20.2813 3.2500
      vertex 19.9253 -18.9054 3.2500
      vertex 21.4351 -18.5961 3.2500
    endloop
  endfacet
  facet normal -0.22247156840603527 0.9749391782316262 0
    outer loop
      vertex 19.9253 -18.9054 3.2500
      vertex 18.3795 -19.2581 3.2500
      vertex 18.3795 -19.2581 4.5500
    endloop
  endfacet
  facet normal -0.22247156840603527 0.9749391782316262 0
    outer loop
      vertex 19.9253 -18.9054 3.2500
      vertex 18.3795 -19.2581 4.5500
      vertex 19.9253 -18.9054 4.5500
    endloop
  endfacet
  facet normal 0 0 -1
    outer loop
      vertex 9.9250 -20.2813 4.5500
      vertex 19.9253 -18.9054 4.5500
      vertex 18.3795 -19.2581 4.5500
    endloop
  endfacet
  facet normal 0 0 1
    outer loop
      vertex 9.9250 -20.2813 3.2500
      vertex 18.3795 -19.2581 3.2500
      vertex 19.9253 -18.9054 3.2500
    endloop
  endfacet
  facet normal -0.23953692931116186 0.9708872537510106 0
    outer loop
      vertex 18.3795 -19.2581 3.2500
      vertex 16.7997 -19.6479 3.2500
      vertex 16.7997 -19.6479 4.5500
    endloop
  endfacet
  facet normal -0.23953692931116186 0.9708872537510106 0
    outer loop
      vertex 18.3795 -19.2581 3.2500
      vertex 16.7997 -19.6479 4.5500
      vertex 18.3795 -19.2581 4.5500
    endloop
  endfacet
  facet normal 0 0 -1
    outer loop
      vertex 9.9250 -20.2813 4.5500
      vertex 18.3795 -19.2581 4.5500
      vertex 16.7997 -19.6479 4.5500
    endloop
  endfacet
  facet normal 0 0 1
    outer loop
      vertex 9.9250 -20.2813 3.2500
      vertex 16.7997 -19.6479 3.2500
      vertex 18.3795 -19.2581 3.2500
    endloop
  endfacet
  facet normal -0.25230538031000227 0.967647660601019 0
    outer loop
      vertex 16.7997 -19.6479 3.2500
      vertex 15.1877 -20.0682 3.2500
      vertex 15.1877 -20.0682 4.5500
    endloop
  endfacet
  facet normal -0.25230538031000227 0.967647660601019 0
    outer loop
      vertex 16.7997 -19.6479 3.2500
      vertex 15.1877 -20.0682 4.5500
      vertex 16.7997 -19.6479 4.5500
    endloop
  endfacet
  facet normal 0 0 -1
    outer loop
      vertex 9.9250 -20.2813 4.5500
      vertex 16.7997 -19.6479 4.5500
      vertex 15.1877 -20.0682 4.5500
    endloop
  endfacet
  facet normal 0 0 1
    outer loop
      vertex 9.9250 -20.2813 3.2500
      vertex 15.1877 -20.0682 3.2500
      vertex 16.7997 -19.6479 3.2500
    endloop
  endfacet
  facet normal -0.2611191465026808 0.9653065789321607 0
    outer loop
      vertex 15.1877 -20.0682 3.2500
      vertex 13.5452 -20.5125 3.2500
      vertex 13.5452 -20.5125 4.5500
    endloop
  endfacet
  facet normal -0.2611191465026808 0.9653065789321607 0
    outer loop
      vertex 15.1877 -20.0682 3.2500
      vertex 13.5452 -20.5125 4.5500
      vertex 15.1877 -20.0682 4.5500
    endloop
  endfacet
  facet normal 0 0 -1
    outer loop
      vertex 9.9250 -20.2813 4.5500
      vertex 15.1877 -20.0682 4.5500
      vertex 13.5452 -20.5125 4.5500
    endloop
  endfacet
  facet normal 0 0 1
    outer loop
      vertex 9.9250 -20.2813 3.2500
      vertex 13.5452 -20.5125 3.2500
      vertex 15.1877 -20.0682 3.2500
    endloop
  endfacet
  facet normal -0.2662518946637101 0.9639034851000305 0
    outer loop
      vertex 13.5452 -20.5125 3.2500
      vertex 11.8739 -20.9741 3.2500
      vertex 11.8739 -20.9741 4.5500
    endloop
  endfacet
  facet normal -0.2662518946637101 0.9639034851000305 0
    outer loop
      vertex 13.5452 -20.5125 3.2500
      vertex 11.8739 -20.9741 4.5500
      vertex 13.5452 -20.5125 4.5500
    endloop
  endfacet
  facet normal 0 0 -1
    outer loop
      vertex 9.9250 -20.2813 4.5500
      vertex 13.5452 -20.5125 4.5500
      vertex 11.8739 -20.9741 4.5500
    endloop
  endfacet
  facet normal 0 0 1
    outer loop
      vertex 9.9250 -20.2813 3.2500
      vertex 11.8739 -20.9741 3.2500
      vertex 13.5452 -20.5125 3.2500
    endloop
  endfacet
  facet normal -0.26791445896581517 0.9634427033700833 0
    outer loop
      vertex 11.8739 -20.9741 3.2500
      vertex 10.1754 -21.4465 3.2500
      vertex 10.1754 -21.4465 4.5500
    endloop
  endfacet
  facet normal -0.26791445896581517 0.9634427033700833 0
    outer loop
      vertex 11.8739 -20.9741 3.2500
      vertex 10.1754 -21.4465 4.5500
      vertex 11.8739 -20.9741 4.5500
    endloop
  endfacet
  facet normal 0 0 -1
    outer loop
      vertex 9.9250 -20.2813 4.5500
      vertex 11.8739 -20.9741 4.5500
      vertex 10.1754 -21.4465 4.5500
    endloop
  endfacet
  facet normal 0 0 1
    outer loop
      vertex 9.9250 -20.2813 3.2500
      vertex 10.1754 -21.4465 3.2500
      vertex 11.8739 -20.9741 3.2500
    endloop
  endfacet
  facet normal -0.2662610721027461 0.9639009500372412 0
    outer loop
      vertex 10.1754 -21.4465 3.2500
      vertex 8.4511 -21.9228 3.2500
      vertex 8.4511 -21.9228 4.5500
    endloop
  endfacet
  facet normal -0.2662610721027461 0.9639009500372412 0
    outer loop
      vertex 10.1754 -21.4465 3.2500
      vertex 8.4511 -21.9228 4.5500
      vertex 10.1754 -21.4465 4.5500
    endloop
  endfacet
  facet normal 0 0 -1
    outer loop
      vertex 9.9250 -20.2813 4.5500
      vertex 10.1754 -21.4465 4.5500
      vertex 8.4511 -21.9228 4.5500
    endloop
  endfacet
  facet normal 0 0 1
    outer loop
      vertex 9.9250 -20.2813 3.2500
      vertex 8.4511 -21.9228 3.2500
      vertex 10.1754 -21.4465 3.2500
    endloop
  endfacet
  facet normal -0.26139553315065506 0.9652317728135998 0
    outer loop
      vertex 8.4511 -21.9228 3.2500
      vertex 6.7025 -22.3963 3.2500
      vertex 6.7025 -22.3963 4.5500
    endloop
  endfacet
  facet normal -0.26139553315065506 0.9652317728135998 0
    outer loop
      vertex 8.4511 -21.9228 3.2500
      vertex 6.7025 -22.3963 4.5500
      vertex 8.4511 -21.9228 4.5500
    endloop
  endfacet
  facet normal 0 0 -1
    outer loop
      vertex 9.9250 -20.2813 4.5500
      vertex 8.4511 -21.9228 4.5500
      vertex 6.7025 -22.3963 4.5500
    endloop
  endfacet
  facet normal 0 0 1
    outer loop
      vertex 9.9250 -20.2813 3.2500
      vertex 6.7025 -22.3963 3.2500
      vertex 8.4511 -21.9228 3.2500
    endloop
  endfacet
  facet normal -0.2533771275944827 0.9673675781273471 0
    outer loop
      vertex 6.7025 -22.3963 3.2500
      vertex 4.9309 -22.8603 3.2500
      vertex 4.9309 -22.8603 4.5500
    endloop
  endfacet
  facet normal -0.2533771275944827 0.9673675781273471 0
    outer loop
      vertex 6.7025 -22.3963 3.2500
      vertex 4.9309 -22.8603 4.5500
      vertex 6.7025 -22.3963 4.5500
    endloop
  endfacet
  facet normal 0 0 -1
    outer loop
      vertex 9.9250 -20.2813 4.5500
      vertex 6.7025 -22.3963 4.5500
      vertex 4.9309 -22.8603 4.5500
    endloop
  endfacet
  facet normal 0 0 1
    outer loop
      vertex 9.9250 -20.2813 3.2500
      vertex 4.9309 -22.8603 3.2500
      vertex 6.7025 -22.3963 3.2500
    endloop
  endfacet
  facet normal -0.24222635628848585 0.9702197649600853 0
    outer loop
      vertex 4.9309 -22.8603 3.2500
      vertex 3.1377 -23.3080 3.2500
      vertex 3.1377 -23.3080 4.5500
    endloop
  endfacet
  facet normal -0.24222635628848585 0.9702197649600853 0
    outer loop
      vertex 4.9309 -22.8603 3.2500
      vertex 3.1377 -23.3080 4.5500
      vertex 4.9309 -22.8603 4.5500
    endloop
  endfacet
  facet normal 0 0 -1
    outer loop
      vertex 9.9250 -20.2813 4.5500
      vertex 4.9309 -22.8603 4.5500
      vertex 3.1377 -23.3080 4.5500
    endloop
  endfacet
  facet normal 0 0 1
    outer loop
      vertex 9.9250 -20.2813 3.2500
      vertex 3.1377 -23.3080 3.2500
      vertex 4.9309 -22.8603 3.2500
    endloop
  endfacet
  facet normal -0.22793068750864165 0.9736773601618959 0
    outer loop
      vertex 3.1377 -23.3080 3.2500
      vertex 1.3241 -23.7326 3.2500
      vertex 1.3241 -23.7326 4.5500
    endloop
  endfacet
  facet normal -0.22793068750864165 0.9736773601618959 0
    outer loop
      vertex 3.1377 -23.3080 3.2500
      vertex 1.3241 -23.7326 4.5500
      vertex 3.1377 -23.3080 4.5500
    endloop
  endfacet
  facet normal 0 0 -1
    outer loop
      vertex 9.9250 -20.2813 4.5500
      vertex 3.1377 -23.3080 4.5500
      vertex 1.3241 -23.7326 4.5500
    endloop
  endfacet
  facet normal 0 0 1
    outer loop
      vertex 9.9250 -20.2813 3.2500
      vertex 1.3241 -23.7326 3.2500
      vertex 3.1377 -23.3080 3.2500
    endloop
  endfacet
  facet normal -0.21045065554135584 0.9776044811590286 0
    outer loop
      vertex 1.3241 -23.7326 3.2500
      vertex -0.5086 -24.1271 3.2500
      vertex -0.5086 -24.1271 4.5500
    endloop
  endfacet
  facet normal -0.21045065554135584 0.9776044811590286 0
    outer loop
      vertex 1.3241 -23.7326 3.2500
      vertex -0.5086 -24.1271 4.5500
      vertex 1.3241 -23.7326 4.5500
    endloop
  endfacet
  facet normal 0 0 -1
    outer loop
      vertex 9.9250 -20.2813 4.5500
      vertex 1.3241 -23.7326 4.5500
      vertex -0.5086 -24.1271 4.5500
    endloop
  endfacet
  facet normal 0 0 1
    outer loop
      vertex 9.9250 -20.2813 3.2500
      vertex -0.5086 -24.1271 3.2500
      vertex 1.3241 -23.7326 3.2500
    endloop
  endfacet
  facet normal -0.18972670857536136 0.981836939645866 0
    outer loop
      vertex -0.5086 -24.1271 3.2500
      vertex -2.3592 -24.4847 3.2500
      vertex -2.3592 -24.4847 4.5500
    endloop
  endfacet
  facet normal -0.18972670857536136 0.981836939645866 0
    outer loop
      vertex -0.5086 -24.1271 3.2500
      vertex -2.3592 -24.4847 4.5500
      vertex -0.5086 -24.1271 4.5500
    endloop
  endfacet
  facet normal 0 0 -1
    outer loop
      vertex 9.9250 -20.2813 4.5500
      vertex -0.5086 -24.1271 4.5500
      vertex -2.3592 -24.4847 4.5500
    endloop
  endfacet
  facet normal 0 0 1
    outer loop
      vertex 9.9250 -20.2813 3.2500
      vertex -2.3592 -24.4847 3.2500
      vertex -0.5086 -24.1271 3.2500
    endloop
  endfacet
  facet normal -0.165687261566948 0.9861783466262306 0
    outer loop
      vertex -2.3592 -24.4847 3.2500
      vertex -4.2265 -24.7984 3.2500
      vertex -4.2265 -24.7984 4.5500
    endloop
  endfacet
  facet normal -0.165687261566948 0.9861783466262306 0
    outer loop
      vertex -2.3592 -24.4847 3.2500
      vertex -4.2265 -24.7984 4.5500
      vertex -2.3592 -24.4847 4.5500
    endloop
  endfacet
  facet normal 0 0 -1
    outer loop
      vertex 9.9250 -20.2813 4.5500
      vertex -2.3592 -24.4847 4.5500
      vertex -4.2265 -24.7984 4.5500
    endloop
  endfacet
  facet normal 0 0 1
    outer loop
      vertex 9.9250 -20.2813 3.2500
      vertex -4.2265 -24.7984 3.2500
      vertex -2.3592 -24.4847 3.2500
    endloop
  endfacet
  facet normal -0.13825842635581886 0.9903961871602762 0
    outer loop
      vertex -4.2265 -24.7984 3.2500
      vertex -6.1093 -25.0613 3.2500
      vertex -6.1093 -25.0613 4.5500
    endloop
  endfacet
  facet normal -0.13825842635581886 0.9903961871602762 0
    outer loop
      vertex -4.2265 -24.7984 3.2500
      vertex -6.1093 -25.0613 4.5500
      vertex -4.2265 -24.7984 4.5500
    endloop
  endfacet
  facet normal 0 0 -1
    outer loop
      vertex 9.9250 -20.2813 4.5500
      vertex -4.2265 -24.7984 4.5500
      vertex -6.1093 -25.0613 4.5500
    endloop
  endfacet
  facet normal 0 0 1
    outer loop
      vertex 9.9250 -20.2813 3.2500
      vertex -6.1093 -25.0613 3.2500
      vertex -4.2265 -24.7984 3.2500
    endloop
  endfacet
  facet normal -0.10737584844793865 0.9942185007180692 0
    outer loop
      vertex -6.1093 -25.0613 3.2500
      vertex -8.0063 -25.2662 3.2500
      vertex -8.0063 -25.2662 4.5500
    endloop
  endfacet
  facet normal -0.10737584844793865 0.9942185007180692 0
    outer loop
      vertex -6.1093 -25.0613 3.2500
      vertex -8.0063 -25.2662 4.5500
      vertex -6.1093 -25.0613 4.5500
    endloop
  endfacet
  facet normal 0 0 -1
    outer loop
      vertex 9.9250 -20.2813 4.5500
      vertex -6.1093 -25.0613 4.5500
      vertex -8.0063 -25.2662 4.5500
    endloop
  endfacet
  facet normal 0 0 1
    outer loop
      vertex 9.9250 -20.2813 3.2500
      vertex -8.0063 -25.2662 3.2500
      vertex -6.1093 -25.0613 3.2500
    endloop
  endfacet
  facet normal -0.072998941908459 0.9973320181766178 0
    outer loop
      vertex -8.0063 -25.2662 3.2500
      vertex -9.9163 -25.4060 3.2500
      vertex -9.9163 -25.4060 4.5500
    endloop
  endfacet
  facet normal -0.072998941908459 0.9973320181766178 0
    outer loop
      vertex -8.0063 -25.2662 3.2500
      vertex -9.9163 -25.4060 4.5500
      vertex -8.0063 -25.2662 4.5500
    endloop
  endfacet
  facet normal 0 0 -1
    outer loop
      vertex 9.9250 -20.2813 4.5500
      vertex -8.0063 -25.2662 4.5500
      vertex -9.9163 -25.4060 4.5500
    endloop
  endfacet
  facet normal 0 0 1
    outer loop
      vertex 9.9250 -20.2813 3.2500
      vertex -9.9163 -25.4060 3.2500
      vertex -8.0063 -25.2662 3.2500
    endloop
  endfacet
  facet normal -0.03512753683042572 0.9993828376334201 0
    outer loop
      vertex -9.9163 -25.4060 3.2500
      vertex -11.8379 -25.4735 3.2500
      vertex -11.8379 -25.4735 4.5500
    endloop
  endfacet
  facet normal -0.03512753683042572 0.9993828376334201 0
    outer loop
      vertex -9.9163 -25.4060 3.2500
      vertex -11.8379 -25.4735 4.5500
      vertex -9.9163 -25.4060 4.5500
    endloop
  endfacet
  facet normal 0 0 -1
    outer loop
      vertex 9.9250 -20.2813 4.5500
      vertex -9.9163 -25.4060 4.5500
      vertex -11.8379 -25.4735 4.5500
    endloop
  endfacet
  facet normal 0 0 1
    outer loop
      vertex 9.9250 -20.2813 3.2500
      vertex -11.8379 -25.4735 3.2500
      vertex -9.9163 -25.4060 3.2500
    endloop
  endfacet
  facet normal 0.006179503021391184 0.9999809066889271 0
    outer loop
      vertex -11.8379 -25.4735 3.2500
      vertex -13.7697 -25.4616 3.2500
      vertex -13.7697 -25.4616 4.5500
    endloop
  endfacet
  facet normal 0.006179503021391184 0.9999809066889271 0
    outer loop
      vertex -11.8379 -25.4735 3.2500
      vertex -13.7697 -25.4616 4.5500
      vertex -11.8379 -25.4735 4.5500
    endloop
  endfacet
  facet normal 0 0 -1
    outer loop
      vertex 9.9250 -20.2813 4.5500
      vertex -11.8379 -25.4735 4.5500
      vertex -13.7697 -25.4616 4.5500
    endloop
  endfacet
  facet normal 0 0 1
    outer loop
      vertex 9.9250 -20.2813 3.2500
      vertex -13.7697 -25.4616 3.2500
      vertex -11.8379 -25.4735 3.2500
    endloop
  endfacet
  facet normal 0.050784787613768055 0.9987096201334122 0
    outer loop
      vertex -13.7697 -25.4616 3.2500
      vertex -15.7100 -25.3629 3.2500
      vertex -15.7100 -25.3629 4.5500
    endloop
  endfacet
  facet normal 0.050784787613768055 0.9987096201334122 0
    outer loop
      vertex -13.7697 -25.4616 3.2500
      vertex -15.7100 -25.3629 4.5500
      vertex -13.7697 -25.4616 4.5500
    endloop
  endfacet
  facet normal 0 0 -1
    outer loop
      vertex 9.9250 -20.2813 4.5500
      vertex -13.7697 -25.4616 4.5500
      vertex -15.7100 -25.3629 4.5500
    endloop
  endfacet
  facet normal 0 0 1
    outer loop
      vertex 9.9250 -20.2813 3.2500
      vertex -15.7100 -25.3629 3.2500
      vertex -13.7697 -25.4616 3.2500
    endloop
  endfacet
  facet normal 0.098453935489747 0.9951416093132578 0
    outer loop
      vertex -15.7100 -25.3629 3.2500
      vertex -17.6572 -25.1702 3.2500
      vertex -17.6572 -25.1702 4.5500
    endloop
  endfacet
  facet normal 0.098453935489747 0.9951416093132578 0
    outer loop
      vertex -15.7100 -25.3629 3.2500
      vertex -17.6572 -25.1702 4.5500
      vertex -15.7100 -25.3629 4.5500
    endloop
  endfacet
  facet normal 0 0 -1
    outer loop
      vertex 9.9250 -20.2813 4.5500
      vertex -15.7100 -25.3629 4.5500
      vertex -17.6572 -25.1702 4.5500
    endloop
  endfacet
  facet normal 0 0 1
    outer loop
      vertex 9.9250 -20.2813 3.2500
      vertex -17.6572 -25.1702 3.2500
      vertex -15.7100 -25.3629 3.2500
    endloop
  endfacet
  facet normal 0.14884086417496578 0.9888611617166736 0
    outer loop
      vertex -17.6572 -25.1702 3.2500
      vertex -19.6095 -24.8764 3.2500
      vertex -19.6095 -24.8764 4.5500
    endloop
  endfacet
  facet normal 0.14884086417496578 0.9888611617166736 0
    outer loop
      vertex -17.6572 -25.1702 3.2500
      vertex -19.6095 -24.8764 4.5500
      vertex -17.6572 -25.1702 4.5500
    endloop
  endfacet
  facet normal 0 0 -1
    outer loop
      vertex 9.9250 -20.2813 4.5500
      vertex -17.6572 -25.1702 4.5500
      vertex -19.6095 -24.8764 4.5500
    endloop
  endfacet
  facet normal 0 0 1
    outer loop
      vertex 9.9250 -20.2813 3.2500
      vertex -19.6095 -24.8764 3.2500
      vertex -17.6572 -25.1702 3.2500
    endloop
  endfacet
  facet normal 0.2014801584982894 0.979492596057522 0
    outer loop
      vertex -19.6095 -24.8764 3.2500
      vertex -21.5647 -24.4742 3.2500
      vertex -21.5647 -24.4742 4.5500
    endloop
  endfacet
  facet normal 0.2014801584982894 0.979492596057522 0
    outer loop
      vertex -19.6095 -24.8764 3.2500
      vertex -21.5647 -24.4742 4.5500
      vertex -19.6095 -24.8764 4.5500
    endloop
  endfacet
  facet normal 0 0 -1
    outer loop
      vertex 9.9250 -20.2813 4.5500
      vertex -19.6095 -24.8764 4.5500
      vertex -21.5647 -24.4742 4.5500
    endloop
  endfacet
  facet normal 0 0 1
    outer loop
      vertex 9.9250 -20.2813 3.2500
      vertex -21.5647 -24.4742 3.2500
      vertex -19.6095 -24.8764 3.2500
    endloop
  endfacet
  facet normal 0.25578986584526797 0.9667324058553431 0
    outer loop
      vertex -21.5647 -24.4742 3.2500
      vertex -23.5206 -23.9567 3.2500
      vertex -23.5206 -23.9567 4.5500
    endloop
  endfacet
  facet normal 0.25578986584526797 0.9667324058553431 0
    outer loop
      vertex -21.5647 -24.4742 3.2500
      vertex -23.5206 -23.9567 4.5500
      vertex -21.5647 -24.4742 4.5500
    endloop
  endfacet
  facet normal 0 0 -1
    outer loop
      vertex 9.9250 -20.2813 4.5500
      vertex -21.5647 -24.4742 4.5500
      vertex -23.5206 -23.9567 4.5500
    endloop
  endfacet
  facet normal 0 0 1
    outer loop
      vertex 9.9250 -20.2813 3.2500
      vertex -23.5206 -23.9567 3.2500
      vertex -21.5647 -24.4742 3.2500
    endloop
  endfacet
  facet normal 0.3107943743709924 0.9504771732447568 0
    outer loop
      vertex -23.5206 -23.9567 3.2500
      vertex -25.4355 -23.3305 3.2500
      vertex -25.4355 -23.3305 4.5500
    endloop
  endfacet
  facet normal 0.3107943743709924 0.9504771732447568 0
    outer loop
      vertex -23.5206 -23.9567 3.2500
      vertex -25.4355 -23.3305 4.5500
      vertex -23.5206 -23.9567 4.5500
    endloop
  endfacet
  facet normal 0 0 -1
    outer loop
      vertex 9.9250 -20.2813 4.5500
      vertex -23.5206 -23.9567 4.5500
      vertex -25.4355 -23.3305 4.5500
    endloop
  endfacet
  facet normal 0 0 1
    outer loop
      vertex 9.9250 -20.2813 3.2500
      vertex -25.4355 -23.3305 3.2500
      vertex -23.5206 -23.9567 3.2500
    endloop
  endfacet
  facet normal 0.9503887503177038 -0.3110646609140186 0
    outer loop
      vertex -25.4355 -23.3305 3.2500
      vertex -24.5645 -20.6695 3.2500
      vertex -24.5645 -20.6695 4.5500
    endloop
  endfacet
  facet normal 0.9503887503177038 -0.3110646609140186 0
    outer loop
      vertex -25.4355 -23.3305 3.2500
      vertex -24.5645 -20.6695 4.5500
      vertex -25.4355 -23.3305 4.5500
    endloop
  endfacet
  facet normal 0 0 -1
    outer loop
      vertex 9.9250 -20.2813 4.5500
      vertex -25.4355 -23.3305 4.5500
      vertex -24.5645 -20.6695 4.5500
    endloop
  endfacet
  facet normal 0 0 1
    outer loop
      vertex 9.9250 -20.2813 3.2500
      vertex -24.5645 -20.6695 3.2500
      vertex -25.4355 -23.3305 3.2500
    endloop
  endfacet
endsolid reeftools-logo-03-blue-shadow-arcs
