solid reeftools-logo-02-cyan-coral-wave
  facet normal 0.9999645189034788 -0.008423831321557029 0
    outer loop
      vertex 0.1767 12.6149 3.3500
      vertex 0.1828 13.3315 3.3500
      vertex 0.1828 13.3315 6.8000
    endloop
  endfacet
  facet normal 0.9999645189034788 -0.008423831321557029 0
    outer loop
      vertex 0.1767 12.6149 3.3500
      vertex 0.1828 13.3315 6.8000
      vertex 0.1767 12.6149 6.8000
    endloop
  endfacet
  facet normal 0 0 1
    outer loop
      vertex -5.0000 -3.5000 6.8000
      vertex 0.1767 12.6149 6.8000
      vertex 0.1828 13.3315 6.8000
    endloop
  endfacet
  facet normal 0 0 -1
    outer loop
      vertex -5.0000 -3.5000 3.3500
      vertex 0.1828 13.3315 3.3500
      vertex 0.1767 12.6149 3.3500
    endloop
  endfacet
  facet normal 0.976767799483634 0.21430041038667996 0
    outer loop
      vertex 0.1828 13.3315 3.3500
      vertex 0.0292 14.0314 3.3500
      vertex 0.0292 14.0314 6.8000
    endloop
  endfacet
  facet normal 0.976767799483634 0.21430041038667996 0
    outer loop
      vertex 0.1828 13.3315 3.3500
      vertex 0.0292 14.0314 6.8000
      vertex 0.1828 13.3315 6.8000
    endloop
  endfacet
  facet normal 0 0 1
    outer loop
      vertex -5.0000 -3.5000 6.8000
      vertex 0.1828 13.3315 6.8000
      vertex 0.0292 14.0314 6.8000
    endloop
  endfacet
  facet normal 0 0 -1
    outer loop
      vertex -5.0000 -3.5000 3.3500
      vertex 0.0292 14.0314 3.3500
      vertex 0.1828 13.3315 3.3500
    endloop
  endfacet
  facet normal 0.904591863970548 0.4262787346775463 0
    outer loop
      vertex 0.0292 14.0314 3.3500
      vertex -0.2762 14.6796 3.3500
      vertex -0.2762 14.6796 6.8000
    endloop
  endfacet
  facet normal 0.904591863970548 0.4262787346775463 0
    outer loop
      vertex 0.0292 14.0314 3.3500
      vertex -0.2762 14.6796 6.8000
      vertex 0.0292 14.0314 6.8000
    endloop
  endfacet
  facet normal 0 0 1
    outer loop
      vertex -5.0000 -3.5000 6.8000
      vertex 0.0292 14.0314 6.8000
      vertex -0.2762 14.6796 6.8000
    endloop
  endfacet
  facet normal 0 0 -1
    outer loop
      vertex -5.0000 -3.5000 3.3500
      vertex -0.2762 14.6796 3.3500
      vertex 0.0292 14.0314 3.3500
    endloop
  endfacet
  facet normal 0.7870559151513062 0.6168816632267 0
    outer loop
      vertex -0.2762 14.6796 3.3500
      vertex -0.7183 15.2436 3.3500
      vertex -0.7183 15.2436 6.8000
    endloop
  endfacet
  facet normal 0.7870559151513062 0.6168816632267 0
    outer loop
      vertex -0.2762 14.6796 3.3500
      vertex -0.7183 15.2436 6.8000
      vertex -0.2762 14.6796 6.8000
    endloop
  endfacet
  facet normal 0 0 1
    outer loop
      vertex -5.0000 -3.5000 6.8000
      vertex -0.2762 14.6796 6.8000
      vertex -0.7183 15.2436 6.8000
    endloop
  endfacet
  facet normal 0 0 -1
    outer loop
      vertex -5.0000 -3.5000 3.3500
      vertex -0.7183 15.2436 3.3500
      vertex -0.2762 14.6796 3.3500
    endloop
  endfacet
  facet normal 0.6300536962870881 0.7765515693081676 0
    outer loop
      vertex -0.7183 15.2436 3.3500
      vertex -1.2747 15.6951 3.3500
      vertex -1.2747 15.6951 6.8000
    endloop
  endfacet
  facet normal 0.6300536962870881 0.7765515693081676 0
    outer loop
      vertex -0.7183 15.2436 3.3500
      vertex -1.2747 15.6951 6.8000
      vertex -0.7183 15.2436 6.8000
    endloop
  endfacet
  facet normal 0 0 1
    outer loop
      vertex -5.0000 -3.5000 6.8000
      vertex -0.7183 15.2436 6.8000
      vertex -1.2747 15.6951 6.8000
    endloop
  endfacet
  facet normal 0 0 -1
    outer loop
      vertex -5.0000 -3.5000 3.3500
      vertex -1.2747 15.6951 3.3500
      vertex -0.7183 15.2436 3.3500
    endloop
  endfacet
  facet normal 0.44145795421591527 0.897281937107562 0
    outer loop
      vertex -1.2747 15.6951 3.3500
      vertex -1.9177 16.0114 3.3500
      vertex -1.9177 16.0114 6.8000
    endloop
  endfacet
  facet normal 0.44145795421591527 0.897281937107562 0
    outer loop
      vertex -1.2747 15.6951 3.3500
      vertex -1.9177 16.0114 6.8000
      vertex -1.2747 15.6951 6.8000
    endloop
  endfacet
  facet normal 0 0 1
    outer loop
      vertex -5.0000 -3.5000 6.8000
      vertex -1.2747 15.6951 6.8000
      vertex -1.9177 16.0114 6.8000
    endloop
  endfacet
  facet normal 0 0 -1
    outer loop
      vertex -5.0000 -3.5000 3.3500
      vertex -1.9177 16.0114 3.3500
      vertex -1.2747 15.6951 3.3500
    endloop
  endfacet
  facet normal 0.23072566695247584 0.973018841857307 0
    outer loop
      vertex -1.9177 16.0114 3.3500
      vertex -2.6149 16.1767 3.3500
      vertex -2.6149 16.1767 6.8000
    endloop
  endfacet
  facet normal 0.23072566695247584 0.973018841857307 0
    outer loop
      vertex -1.9177 16.0114 3.3500
      vertex -2.6149 16.1767 6.8000
      vertex -1.9177 16.0114 6.8000
    endloop
  endfacet
  facet normal 0 0 1
    outer loop
      vertex -5.0000 -3.5000 6.8000
      vertex -1.9177 16.0114 6.8000
      vertex -2.6149 16.1767 6.8000
    endloop
  endfacet
  facet normal 0 0 -1
    outer loop
      vertex -5.0000 -3.5000 3.3500
      vertex -2.6149 16.1767 3.3500
      vertex -1.9177 16.0114 3.3500
    endloop
  endfacet
  facet normal 0.008423831321558889 0.9999645189034788 0
    outer loop
      vertex -2.6149 16.1767 3.3500
      vertex -3.3315 16.1828 3.3500
      vertex -3.3315 16.1828 6.8000
    endloop
  endfacet
  facet normal 0.008423831321558889 0.9999645189034788 0
    outer loop
      vertex -2.6149 16.1767 3.3500
      vertex -3.3315 16.1828 6.8000
      vertex -2.6149 16.1767 6.8000
    endloop
  endfacet
  facet normal 0 0 1
    outer loop
      vertex -5.0000 -3.5000 6.8000
      vertex -2.6149 16.1767 6.8000
      vertex -3.3315 16.1828 6.8000
    endloop
  endfacet
  facet normal 0 0 -1
    outer loop
      vertex -5.0000 -3.5000 3.3500
      vertex -3.3315 16.1828 3.3500
      vertex -2.6149 16.1767 3.3500
    endloop
  endfacet
  facet normal -0.2143004103866788 0.9767677994836341 0
    outer loop
      vertex -3.3315 16.1828 3.3500
      vertex -4.0314 16.0292 3.3500
      vertex -4.0314 16.0292 6.8000
    endloop
  endfacet
  facet normal -0.2143004103866788 0.9767677994836341 0
    outer loop
      vertex -3.3315 16.1828 3.3500
      vertex -4.0314 16.0292 6.8000
      vertex -3.3315 16.1828 6.8000
    endloop
  endfacet
  facet normal 0 0 1
    outer loop
      vertex -5.0000 -3.5000 6.8000
      vertex -3.3315 16.1828 6.8000
      vertex -4.0314 16.0292 6.8000
    endloop
  endfacet
  facet normal 0 0 -1
    outer loop
      vertex -5.0000 -3.5000 3.3500
      vertex -4.0314 16.0292 3.3500
      vertex -3.3315 16.1828 3.3500
    endloop
  endfacet
  facet normal -0.4262787346775461 0.9045918639705477 0
    outer loop
      vertex -4.0314 16.0292 3.3500
      vertex -4.6796 15.7238 3.3500
      vertex -4.6796 15.7238 6.8000
    endloop
  endfacet
  facet normal -0.4262787346775461 0.9045918639705477 0
    outer loop
      vertex -4.0314 16.0292 3.3500
      vertex -4.6796 15.7238 6.8000
      vertex -4.0314 16.0292 6.8000
    endloop
  endfacet
  facet normal 0 0 1
    outer loop
      vertex -5.0000 -3.5000 6.8000
      vertex -4.0314 16.0292 6.8000
      vertex -4.6796 15.7238 6.8000
    endloop
  endfacet
  facet normal 0 0 -1
    outer loop
      vertex -5.0000 -3.5000 3.3500
      vertex -4.6796 15.7238 3.3500
      vertex -4.0314 16.0292 3.3500
    endloop
  endfacet
  facet normal -0.6168816632267 0.7870559151513062 0
    outer loop
      vertex -4.6796 15.7238 3.3500
      vertex -5.2436 15.2817 3.3500
      vertex -5.2436 15.2817 6.8000
    endloop
  endfacet
  facet normal -0.6168816632267 0.7870559151513062 0
    outer loop
      vertex -4.6796 15.7238 3.3500
      vertex -5.2436 15.2817 6.8000
      vertex -4.6796 15.7238 6.8000
    endloop
  endfacet
  facet normal 0 0 1
    outer loop
      vertex -5.0000 -3.5000 6.8000
      vertex -4.6796 15.7238 6.8000
      vertex -5.2436 15.2817 6.8000
    endloop
  endfacet
  facet normal 0 0 -1
    outer loop
      vertex -5.0000 -3.5000 3.3500
      vertex -5.2436 15.2817 3.3500
      vertex -4.6796 15.7238 3.3500
    endloop
  endfacet
  facet normal -0.7765515693081674 0.6300536962870884 0
    outer loop
      vertex -5.2436 15.2817 3.3500
      vertex -5.6951 14.7253 3.3500
      vertex -5.6951 14.7253 6.8000
    endloop
  endfacet
  facet normal -0.7765515693081674 0.6300536962870884 0
    outer loop
      vertex -5.2436 15.2817 3.3500
      vertex -5.6951 14.7253 6.8000
      vertex -5.2436 15.2817 6.8000
    endloop
  endfacet
  facet normal 0 0 1
    outer loop
      vertex -5.0000 -3.5000 6.8000
      vertex -5.2436 15.2817 6.8000
      vertex -5.6951 14.7253 6.8000
    endloop
  endfacet
  facet normal 0 0 -1
    outer loop
      vertex -5.0000 -3.5000 3.3500
      vertex -5.6951 14.7253 3.3500
      vertex -5.2436 15.2817 3.3500
    endloop
  endfacet
  facet normal -0.8972819371075614 0.44145795421591644 0
    outer loop
      vertex -5.6951 14.7253 3.3500
      vertex -6.0114 14.0823 3.3500
      vertex -6.0114 14.0823 6.8000
    endloop
  endfacet
  facet normal -0.8972819371075614 0.44145795421591644 0
    outer loop
      vertex -5.6951 14.7253 3.3500
      vertex -6.0114 14.0823 6.8000
      vertex -5.6951 14.7253 6.8000
    endloop
  endfacet
  facet normal 0 0 1
    outer loop
      vertex -5.0000 -3.5000 6.8000
      vertex -5.6951 14.7253 6.8000
      vertex -6.0114 14.0823 6.8000
    endloop
  endfacet
  facet normal 0 0 -1
    outer loop
      vertex -5.0000 -3.5000 3.3500
      vertex -6.0114 14.0823 3.3500
      vertex -5.6951 14.7253 3.3500
    endloop
  endfacet
  facet normal -0.9730188418573068 0.23072566695247693 0
    outer loop
      vertex -6.0114 14.0823 3.3500
      vertex -6.1767 13.3851 3.3500
      vertex -6.1767 13.3851 6.8000
    endloop
  endfacet
  facet normal -0.9730188418573068 0.23072566695247693 0
    outer loop
      vertex -6.0114 14.0823 3.3500
      vertex -6.1767 13.3851 6.8000
      vertex -6.0114 14.0823 6.8000
    endloop
  endfacet
  facet normal 0 0 1
    outer loop
      vertex -5.0000 -3.5000 6.8000
      vertex -6.0114 14.0823 6.8000
      vertex -6.1767 13.3851 6.8000
    endloop
  endfacet
  facet normal 0 0 -1
    outer loop
      vertex -5.0000 -3.5000 3.3500
      vertex -6.1767 13.3851 3.3500
      vertex -6.0114 14.0823 3.3500
    endloop
  endfacet
  facet normal -0.9927337820337083 0.12033136751923737 0
    outer loop
      vertex -6.1767 13.3851 3.3500
      vertex -10.1767 -19.6149 3.3500
      vertex -10.1767 -19.6149 6.8000
    endloop
  endfacet
  facet normal -0.9927337820337083 0.12033136751923737 0
    outer loop
      vertex -6.1767 13.3851 3.3500
      vertex -10.1767 -19.6149 6.8000
      vertex -6.1767 13.3851 6.8000
    endloop
  endfacet
  facet normal 0 0 1
    outer loop
      vertex -5.0000 -3.5000 6.8000
      vertex -6.1767 13.3851 6.8000
      vertex -10.1767 -19.6149 6.8000
    endloop
  endfacet
  facet normal 0 0 -1
    outer loop
      vertex -5.0000 -3.5000 3.3500
      vertex -10.1767 -19.6149 3.3500
      vertex -6.1767 13.3851 3.3500
    endloop
  endfacet
  facet normal -0.9999645189034788 0.008423831321556389 0
    outer loop
      vertex -10.1767 -19.6149 3.3500
      vertex -10.1828 -20.3315 3.3500
      vertex -10.1828 -20.3315 6.8000
    endloop
  endfacet
  facet normal -0.9999645189034788 0.008423831321556389 0
    outer loop
      vertex -10.1767 -19.6149 3.3500
      vertex -10.1828 -20.3315 6.8000
      vertex -10.1767 -19.6149 6.8000
    endloop
  endfacet
  facet normal 0 0 1
    outer loop
      vertex -5.0000 -3.5000 6.8000
      vertex -10.1767 -19.6149 6.8000
      vertex -10.1828 -20.3315 6.8000
    endloop
  endfacet
  facet normal 0 0 -1
    outer loop
      vertex -5.0000 -3.5000 3.3500
      vertex -10.1828 -20.3315 3.3500
      vertex -10.1767 -19.6149 3.3500
    endloop
  endfacet
  facet normal -0.9767677994836341 -0.21430041038667932 0
    outer loop
      vertex -10.1828 -20.3315 3.3500
      vertex -10.0292 -21.0314 3.3500
      vertex -10.0292 -21.0314 6.8000
    endloop
  endfacet
  facet normal -0.9767677994836341 -0.21430041038667932 0
    outer loop
      vertex -10.1828 -20.3315 3.3500
      vertex -10.0292 -21.0314 6.8000
      vertex -10.1828 -20.3315 6.8000
    endloop
  endfacet
  facet normal 0 0 1
    outer loop
      vertex -5.0000 -3.5000 6.8000
      vertex -10.1828 -20.3315 6.8000
      vertex -10.0292 -21.0314 6.8000
    endloop
  endfacet
  facet normal 0 0 -1
    outer loop
      vertex -5.0000 -3.5000 3.3500
      vertex -10.0292 -21.0314 3.3500
      vertex -10.1828 -20.3315 3.3500
    endloop
  endfacet
  facet normal -0.9045918639705475 -0.4262787346775472 0
    outer loop
      vertex -10.0292 -21.0314 3.3500
      vertex -9.7238 -21.6796 3.3500
      vertex -9.7238 -21.6796 6.8000
    endloop
  endfacet
  facet normal -0.9045918639705475 -0.4262787346775472 0
    outer loop
      vertex -10.0292 -21.0314 3.3500
      vertex -9.7238 -21.6796 6.8000
      vertex -10.0292 -21.0314 6.8000
    endloop
  endfacet
  facet normal 0 0 1
    outer loop
      vertex -5.0000 -3.5000 6.8000
      vertex -10.0292 -21.0314 6.8000
      vertex -9.7238 -21.6796 6.8000
    endloop
  endfacet
  facet normal 0 0 -1
    outer loop
      vertex -5.0000 -3.5000 3.3500
      vertex -9.7238 -21.6796 3.3500
      vertex -10.0292 -21.0314 3.3500
    endloop
  endfacet
  facet normal -0.787055915151307 -0.6168816632266991 0
    outer loop
      vertex -9.7238 -21.6796 3.3500
      vertex -9.2817 -22.2436 3.3500
      vertex -9.2817 -22.2436 6.8000
    endloop
  endfacet
  facet normal -0.787055915151307 -0.6168816632266991 0
    outer loop
      vertex -9.7238 -21.6796 3.3500
      vertex -9.2817 -22.2436 6.8000
      vertex -9.7238 -21.6796 6.8000
    endloop
  endfacet
  facet normal 0 0 1
    outer loop
      vertex -5.0000 -3.5000 6.8000
      vertex -9.7238 -21.6796 6.8000
      vertex -9.2817 -22.2436 6.8000
    endloop
  endfacet
  facet normal 0 0 -1
    outer loop
      vertex -5.0000 -3.5000 3.3500
      vertex -9.2817 -22.2436 3.3500
      vertex -9.7238 -21.6796 3.3500
    endloop
  endfacet
  facet normal -0.6300536962870866 -0.7765515693081688 0
    outer loop
      vertex -9.2817 -22.2436 3.3500
      vertex -8.7253 -22.6951 3.3500
      vertex -8.7253 -22.6951 6.8000
    endloop
  endfacet
  facet normal -0.6300536962870866 -0.7765515693081688 0
    outer loop
      vertex -9.2817 -22.2436 3.3500
      vertex -8.7253 -22.6951 6.8000
      vertex -9.2817 -22.2436 6.8000
    endloop
  endfacet
  facet normal 0 0 1
    outer loop
      vertex -5.0000 -3.5000 6.8000
      vertex -9.2817 -22.2436 6.8000
      vertex -8.7253 -22.6951 6.8000
    endloop
  endfacet
  facet normal 0 0 -1
    outer loop
      vertex -5.0000 -3.5000 3.3500
      vertex -8.7253 -22.6951 3.3500
      vertex -9.2817 -22.2436 3.3500
    endloop
  endfacet
  facet normal -0.4414579542159174 -0.8972819371075609 0
    outer loop
      vertex -8.7253 -22.6951 3.3500
      vertex -8.0823 -23.0114 3.3500
      vertex -8.0823 -23.0114 6.8000
    endloop
  endfacet
  facet normal -0.4414579542159174 -0.8972819371075609 0
    outer loop
      vertex -8.7253 -22.6951 3.3500
      vertex -8.0823 -23.0114 6.8000
      vertex -8.7253 -22.6951 6.8000
    endloop
  endfacet
  facet normal 0 0 1
    outer loop
      vertex -5.0000 -3.5000 6.8000
      vertex -8.7253 -22.6951 6.8000
      vertex -8.0823 -23.0114 6.8000
    endloop
  endfacet
  facet normal 0 0 -1
    outer loop
      vertex -5.0000 -3.5000 3.3500
      vertex -8.0823 -23.0114 3.3500
      vertex -8.7253 -22.6951 3.3500
    endloop
  endfacet
  facet normal -0.23072566695247576 -0.973018841857307 0
    outer loop
      vertex -8.0823 -23.0114 3.3500
      vertex -7.3851 -23.1767 3.3500
      vertex -7.3851 -23.1767 6.8000
    endloop
  endfacet
  facet normal -0.23072566695247576 -0.973018841857307 0
    outer loop
      vertex -8.0823 -23.0114 3.3500
      vertex -7.3851 -23.1767 6.8000
      vertex -8.0823 -23.0114 6.8000
    endloop
  endfacet
  facet normal 0 0 1
    outer loop
      vertex -5.0000 -3.5000 6.8000
      vertex -8.0823 -23.0114 6.8000
      vertex -7.3851 -23.1767 6.8000
    endloop
  endfacet
  facet normal 0 0 -1
    outer loop
      vertex -5.0000 -3.5000 3.3500
      vertex -7.3851 -23.1767 3.3500
      vertex -8.0823 -23.0114 3.3500
    endloop
  endfacet
  facet normal -0.008423831321558889 -0.9999645189034788 0
    outer loop
      vertex -7.3851 -23.1767 3.3500
      vertex -6.6685 -23.1828 3.3500
      vertex -6.6685 -23.1828 6.8000
    endloop
  endfacet
  facet normal -0.008423831321558889 -0.9999645189034788 0
    outer loop
      vertex -7.3851 -23.1767 3.3500
      vertex -6.6685 -23.1828 6.8000
      vertex -7.3851 -23.1767 6.8000
    endloop
  endfacet
  facet normal 0 0 1
    outer loop
      vertex -5.0000 -3.5000 6.8000
      vertex -7.3851 -23.1767 6.8000
      vertex -6.6685 -23.1828 6.8000
    endloop
  endfacet
  facet normal 0 0 -1
    outer loop
      vertex -5.0000 -3.5000 3.3500
      vertex -6.6685 -23.1828 3.3500
      vertex -7.3851 -23.1767 3.3500
    endloop
  endfacet
  facet normal 0.2143004103866788 -0.9767677994836341 0
    outer loop
      vertex -6.6685 -23.1828 3.3500
      vertex -5.9686 -23.0292 3.3500
      vertex -5.9686 -23.0292 6.8000
    endloop
  endfacet
  facet normal 0.2143004103866788 -0.9767677994836341 0
    outer loop
      vertex -6.6685 -23.1828 3.3500
      vertex -5.9686 -23.0292 6.8000
      vertex -6.6685 -23.1828 6.8000
    endloop
  endfacet
  facet normal 0 0 1
    outer loop
      vertex -5.0000 -3.5000 6.8000
      vertex -6.6685 -23.1828 6.8000
      vertex -5.9686 -23.0292 6.8000
    endloop
  endfacet
  facet normal 0 0 -1
    outer loop
      vertex -5.0000 -3.5000 3.3500
      vertex -5.9686 -23.0292 3.3500
      vertex -6.6685 -23.1828 3.3500
    endloop
  endfacet
  facet normal 0.4262787346775467 -0.9045918639705476 0
    outer loop
      vertex -5.9686 -23.0292 3.3500
      vertex -5.3204 -22.7238 3.3500
      vertex -5.3204 -22.7238 6.8000
    endloop
  endfacet
  facet normal 0.4262787346775467 -0.9045918639705476 0
    outer loop
      vertex -5.9686 -23.0292 3.3500
      vertex -5.3204 -22.7238 6.8000
      vertex -5.9686 -23.0292 6.8000
    endloop
  endfacet
  facet normal 0 0 1
    outer loop
      vertex -5.0000 -3.5000 6.8000
      vertex -5.9686 -23.0292 6.8000
      vertex -5.3204 -22.7238 6.8000
    endloop
  endfacet
  facet normal 0 0 -1
    outer loop
      vertex -5.0000 -3.5000 3.3500
      vertex -5.3204 -22.7238 3.3500
      vertex -5.9686 -23.0292 3.3500
    endloop
  endfacet
  facet normal 0.6168816632266995 -0.7870559151513067 0
    outer loop
      vertex -5.3204 -22.7238 3.3500
      vertex -4.7564 -22.2817 3.3500
      vertex -4.7564 -22.2817 6.8000
    endloop
  endfacet
  facet normal 0.6168816632266995 -0.7870559151513067 0
    outer loop
      vertex -5.3204 -22.7238 3.3500
      vertex -4.7564 -22.2817 6.8000
      vertex -5.3204 -22.7238 6.8000
    endloop
  endfacet
  facet normal 0 0 1
    outer loop
      vertex -5.0000 -3.5000 6.8000
      vertex -5.3204 -22.7238 6.8000
      vertex -4.7564 -22.2817 6.8000
    endloop
  endfacet
  facet normal 0 0 -1
    outer loop
      vertex -5.0000 -3.5000 3.3500
      vertex -4.7564 -22.2817 3.3500
      vertex -5.3204 -22.7238 3.3500
    endloop
  endfacet
  facet normal 0.7765515693081674 -0.6300536962870884 0
    outer loop
      vertex -4.7564 -22.2817 3.3500
      vertex -4.3049 -21.7253 3.3500
      vertex -4.3049 -21.7253 6.8000
    endloop
  endfacet
  facet normal 0.7765515693081674 -0.6300536962870884 0
    outer loop
      vertex -4.7564 -22.2817 3.3500
      vertex -4.3049 -21.7253 6.8000
      vertex -4.7564 -22.2817 6.8000
    endloop
  endfacet
  facet normal 0 0 1
    outer loop
      vertex -5.0000 -3.5000 6.8000
      vertex -4.7564 -22.2817 6.8000
      vertex -4.3049 -21.7253 6.8000
    endloop
  endfacet
  facet normal 0 0 -1
    outer loop
      vertex -5.0000 -3.5000 3.3500
      vertex -4.3049 -21.7253 3.3500
      vertex -4.7564 -22.2817 3.3500
    endloop
  endfacet
  facet normal 0.8972819371075614 -0.44145795421591644 0
    outer loop
      vertex -4.3049 -21.7253 3.3500
      vertex -3.9886 -21.0823 3.3500
      vertex -3.9886 -21.0823 6.8000
    endloop
  endfacet
  facet normal 0.8972819371075614 -0.44145795421591644 0
    outer loop
      vertex -4.3049 -21.7253 3.3500
      vertex -3.9886 -21.0823 6.8000
      vertex -4.3049 -21.7253 6.8000
    endloop
  endfacet
  facet normal 0 0 1
    outer loop
      vertex -5.0000 -3.5000 6.8000
      vertex -4.3049 -21.7253 6.8000
      vertex -3.9886 -21.0823 6.8000
    endloop
  endfacet
  facet normal 0 0 -1
    outer loop
      vertex -5.0000 -3.5000 3.3500
      vertex -3.9886 -21.0823 3.3500
      vertex -4.3049 -21.7253 3.3500
    endloop
  endfacet
  facet normal 0.9730188418573071 -0.23072566695247637 0
    outer loop
      vertex -3.9886 -21.0823 3.3500
      vertex -3.8233 -20.3851 3.3500
      vertex -3.8233 -20.3851 6.8000
    endloop
  endfacet
  facet normal 0.9730188418573071 -0.23072566695247637 0
    outer loop
      vertex -3.9886 -21.0823 3.3500
      vertex -3.8233 -20.3851 6.8000
      vertex -3.9886 -21.0823 6.8000
    endloop
  endfacet
  facet normal 0 0 1
    outer loop
      vertex -5.0000 -3.5000 6.8000
      vertex -3.9886 -21.0823 6.8000
      vertex -3.8233 -20.3851 6.8000
    endloop
  endfacet
  facet normal 0 0 -1
    outer loop
      vertex -5.0000 -3.5000 3.3500
      vertex -3.8233 -20.3851 3.3500
      vertex -3.9886 -21.0823 3.3500
    endloop
  endfacet
  facet normal 0.9927337820337083 -0.12033136751923737 0
    outer loop
      vertex -3.8233 -20.3851 3.3500
      vertex 0.1767 12.6149 3.3500
      vertex 0.1767 12.6149 6.8000
    endloop
  endfacet
  facet normal 0.9927337820337083 -0.12033136751923737 0
    outer loop
      vertex -3.8233 -20.3851 3.3500
      vertex 0.1767 12.6149 6.8000
      vertex -3.8233 -20.3851 6.8000
    endloop
  endfacet
  facet normal 0 0 1
    outer loop
      vertex -5.0000 -3.5000 6.8000
      vertex -3.8233 -20.3851 6.8000
      vertex 0.1767 12.6149 6.8000
    endloop
  endfacet
  facet normal 0 0 -1
    outer loop
      vertex -5.0000 -3.5000 3.3500
      vertex 0.1767 12.6149 3.3500
      vertex -3.8233 -20.3851 3.3500
    endloop
  endfacet
  facet normal 0.39580693231040104 0.9183337477927237 0
    outer loop
      vertex -18.6604 5.3443 3.3500
      vertex -19.2157 5.5836 3.3500
      vertex -19.2157 5.5836 6.8000
    endloop
  endfacet
  facet normal 0.39580693231040104 0.9183337477927237 0
    outer loop
      vertex -18.6604 5.3443 3.3500
      vertex -19.2157 5.5836 6.8000
      vertex -18.6604 5.3443 6.8000
    endloop
  endfacet
  facet normal 0 0 1
    outer loop
      vertex -13.0000 -1.0000 6.8000
      vertex -18.6604 5.3443 6.8000
      vertex -19.2157 5.5836 6.8000
    endloop
  endfacet
  facet normal 0 0 -1
    outer loop
      vertex -13.0000 -1.0000 3.3500
      vertex -19.2157 5.5836 3.3500
      vertex -18.6604 5.3443 3.3500
    endloop
  endfacet
  facet normal 0.1815347429020324 0.9833845316657633 0
    outer loop
      vertex -19.2157 5.5836 3.3500
      vertex -19.8102 5.6933 3.3500
      vertex -19.8102 5.6933 6.8000
    endloop
  endfacet
  facet normal 0.1815347429020324 0.9833845316657633 0
    outer loop
      vertex -19.2157 5.5836 3.3500
      vertex -19.8102 5.6933 6.8000
      vertex -19.2157 5.5836 6.8000
    endloop
  endfacet
  facet normal 0 0 1
    outer loop
      vertex -13.0000 -1.0000 6.8000
      vertex -19.2157 5.5836 6.8000
      vertex -19.8102 5.6933 6.8000
    endloop
  endfacet
  facet normal 0 0 -1
    outer loop
      vertex -13.0000 -1.0000 3.3500
      vertex -19.8102 5.6933 3.3500
      vertex -19.2157 5.5836 3.3500
    endloop
  endfacet
  facet normal -0.04184035653851461 0.9991243088648829 0
    outer loop
      vertex -19.8102 5.6933 3.3500
      vertex -20.4143 5.6680 3.3500
      vertex -20.4143 5.6680 6.8000
    endloop
  endfacet
  facet normal -0.04184035653851461 0.9991243088648829 0
    outer loop
      vertex -19.8102 5.6933 3.3500
      vertex -20.4143 5.6680 6.8000
      vertex -19.8102 5.6933 6.8000
    endloop
  endfacet
  facet normal 0 0 1
    outer loop
      vertex -13.0000 -1.0000 6.8000
      vertex -19.8102 5.6933 6.8000
      vertex -20.4143 5.6680 6.8000
    endloop
  endfacet
  facet normal 0 0 -1
    outer loop
      vertex -13.0000 -1.0000 3.3500
      vertex -20.4143 5.6680 3.3500
      vertex -19.8102 5.6933 3.3500
    endloop
  endfacet
  facet normal -0.2631174057921094 0.964763821237732 0
    outer loop
      vertex -20.4143 5.6680 3.3500
      vertex -20.9976 5.5089 3.3500
      vertex -20.9976 5.5089 6.8000
    endloop
  endfacet
  facet normal -0.2631174057921094 0.964763821237732 0
    outer loop
      vertex -20.4143 5.6680 3.3500
      vertex -20.9976 5.5089 6.8000
      vertex -20.4143 5.6680 6.8000
    endloop
  endfacet
  facet normal 0 0 1
    outer loop
      vertex -13.0000 -1.0000 6.8000
      vertex -20.4143 5.6680 6.8000
      vertex -20.9976 5.5089 6.8000
    endloop
  endfacet
  facet normal 0 0 -1
    outer loop
      vertex -13.0000 -1.0000 3.3500
      vertex -20.9976 5.5089 3.3500
      vertex -20.4143 5.6680 3.3500
    endloop
  endfacet
  facet normal -0.47120064963668334 0.8820260471108365 0
    outer loop
      vertex -20.9976 5.5089 3.3500
      vertex -21.5309 5.2241 3.3500
      vertex -21.5309 5.2241 6.8000
    endloop
  endfacet
  facet normal -0.47120064963668334 0.8820260471108365 0
    outer loop
      vertex -20.9976 5.5089 3.3500
      vertex -21.5309 5.2241 6.8000
      vertex -20.9976 5.5089 6.8000
    endloop
  endfacet
  facet normal 0 0 1
    outer loop
      vertex -13.0000 -1.0000 6.8000
      vertex -20.9976 5.5089 6.8000
      vertex -21.5309 5.2241 6.8000
    endloop
  endfacet
  facet normal 0 0 -1
    outer loop
      vertex -13.0000 -1.0000 3.3500
      vertex -21.5309 5.2241 3.3500
      vertex -20.9976 5.5089 3.3500
    endloop
  endfacet
  facet normal -0.6556559253459073 0.7550598039617801 0
    outer loop
      vertex -21.5309 5.2241 3.3500
      vertex -21.9874 4.8276 3.3500
      vertex -21.9874 4.8276 6.8000
    endloop
  endfacet
  facet normal -0.6556559253459073 0.7550598039617801 0
    outer loop
      vertex -21.5309 5.2241 3.3500
      vertex -21.9874 4.8276 6.8000
      vertex -21.5309 5.2241 6.8000
    endloop
  endfacet
  facet normal 0 0 1
    outer loop
      vertex -13.0000 -1.0000 6.8000
      vertex -21.5309 5.2241 6.8000
      vertex -21.9874 4.8276 6.8000
    endloop
  endfacet
  facet normal 0 0 -1
    outer loop
      vertex -13.0000 -1.0000 3.3500
      vertex -21.9874 4.8276 3.3500
      vertex -21.5309 5.2241 3.3500
    endloop
  endfacet
  facet normal -0.8072338751775754 0.590231709386911 0
    outer loop
      vertex -21.9874 4.8276 3.3500
      vertex -22.3443 4.3396 3.3500
      vertex -22.3443 4.3396 6.8000
    endloop
  endfacet
  facet normal -0.8072338751775754 0.590231709386911 0
    outer loop
      vertex -21.9874 4.8276 3.3500
      vertex -22.3443 4.3396 6.8000
      vertex -21.9874 4.8276 6.8000
    endloop
  endfacet
  facet normal 0 0 1
    outer loop
      vertex -13.0000 -1.0000 6.8000
      vertex -21.9874 4.8276 6.8000
      vertex -22.3443 4.3396 6.8000
    endloop
  endfacet
  facet normal 0 0 -1
    outer loop
      vertex -13.0000 -1.0000 3.3500
      vertex -22.3443 4.3396 3.3500
      vertex -21.9874 4.8276 3.3500
    endloop
  endfacet
  facet normal -0.9183337477927229 0.3958069323104021 0
    outer loop
      vertex -22.3443 4.3396 3.3500
      vertex -22.5836 3.7843 3.3500
      vertex -22.5836 3.7843 6.8000
    endloop
  endfacet
  facet normal -0.9183337477927229 0.3958069323104021 0
    outer loop
      vertex -22.3443 4.3396 3.3500
      vertex -22.5836 3.7843 6.8000
      vertex -22.3443 4.3396 6.8000
    endloop
  endfacet
  facet normal 0 0 1
    outer loop
      vertex -13.0000 -1.0000 6.8000
      vertex -22.3443 4.3396 6.8000
      vertex -22.5836 3.7843 6.8000
    endloop
  endfacet
  facet normal 0 0 -1
    outer loop
      vertex -13.0000 -1.0000 3.3500
      vertex -22.5836 3.7843 3.3500
      vertex -22.3443 4.3396 3.3500
    endloop
  endfacet
  facet normal -0.9833845316657632 0.18153474290203467 0
    outer loop
      vertex -22.5836 3.7843 3.3500
      vertex -22.6933 3.1898 3.3500
      vertex -22.6933 3.1898 6.8000
    endloop
  endfacet
  facet normal -0.9833845316657632 0.18153474290203467 0
    outer loop
      vertex -22.5836 3.7843 3.3500
      vertex -22.6933 3.1898 6.8000
      vertex -22.5836 3.7843 6.8000
    endloop
  endfacet
  facet normal 0 0 1
    outer loop
      vertex -13.0000 -1.0000 6.8000
      vertex -22.5836 3.7843 6.8000
      vertex -22.6933 3.1898 6.8000
    endloop
  endfacet
  facet normal 0 0 -1
    outer loop
      vertex -13.0000 -1.0000 3.3500
      vertex -22.6933 3.1898 3.3500
      vertex -22.5836 3.7843 3.3500
    endloop
  endfacet
  facet normal -0.9991243088648829 -0.04184035653851593 0
    outer loop
      vertex -22.6933 3.1898 3.3500
      vertex -22.6680 2.5857 3.3500
      vertex -22.6680 2.5857 6.8000
    endloop
  endfacet
  facet normal -0.9991243088648829 -0.04184035653851593 0
    outer loop
      vertex -22.6933 3.1898 3.3500
      vertex -22.6680 2.5857 6.8000
      vertex -22.6933 3.1898 6.8000
    endloop
  endfacet
  facet normal 0 0 1
    outer loop
      vertex -13.0000 -1.0000 6.8000
      vertex -22.6933 3.1898 6.8000
      vertex -22.6680 2.5857 6.8000
    endloop
  endfacet
  facet normal 0 0 -1
    outer loop
      vertex -13.0000 -1.0000 3.3500
      vertex -22.6680 2.5857 3.3500
      vertex -22.6933 3.1898 3.3500
    endloop
  endfacet
  facet normal -0.9647638212377326 -0.26311740579210674 0
    outer loop
      vertex -22.6680 2.5857 3.3500
      vertex -22.5089 2.0024 3.3500
      vertex -22.5089 2.0024 6.8000
    endloop
  endfacet
  facet normal -0.9647638212377326 -0.26311740579210674 0
    outer loop
      vertex -22.6680 2.5857 3.3500
      vertex -22.5089 2.0024 6.8000
      vertex -22.6680 2.5857 6.8000
    endloop
  endfacet
  facet normal 0 0 1
    outer loop
      vertex -13.0000 -1.0000 6.8000
      vertex -22.6680 2.5857 6.8000
      vertex -22.5089 2.0024 6.8000
    endloop
  endfacet
  facet normal 0 0 -1
    outer loop
      vertex -13.0000 -1.0000 3.3500
      vertex -22.5089 2.0024 3.3500
      vertex -22.6680 2.5857 3.3500
    endloop
  endfacet
  facet normal -0.8820260471108362 -0.47120064963668384 0
    outer loop
      vertex -22.5089 2.0024 3.3500
      vertex -22.2241 1.4691 3.3500
      vertex -22.2241 1.4691 6.8000
    endloop
  endfacet
  facet normal -0.8820260471108362 -0.47120064963668384 0
    outer loop
      vertex -22.5089 2.0024 3.3500
      vertex -22.2241 1.4691 6.8000
      vertex -22.5089 2.0024 6.8000
    endloop
  endfacet
  facet normal 0 0 1
    outer loop
      vertex -13.0000 -1.0000 6.8000
      vertex -22.5089 2.0024 6.8000
      vertex -22.2241 1.4691 6.8000
    endloop
  endfacet
  facet normal 0 0 -1
    outer loop
      vertex -13.0000 -1.0000 3.3500
      vertex -22.2241 1.4691 3.3500
      vertex -22.5089 2.0024 3.3500
    endloop
  endfacet
  facet normal -0.7550598039617794 -0.6556559253459084 0
    outer loop
      vertex -22.2241 1.4691 3.3500
      vertex -21.8276 1.0126 3.3500
      vertex -21.8276 1.0126 6.8000
    endloop
  endfacet
  facet normal -0.7550598039617794 -0.6556559253459084 0
    outer loop
      vertex -22.2241 1.4691 3.3500
      vertex -21.8276 1.0126 6.8000
      vertex -22.2241 1.4691 6.8000
    endloop
  endfacet
  facet normal 0 0 1
    outer loop
      vertex -13.0000 -1.0000 6.8000
      vertex -22.2241 1.4691 6.8000
      vertex -21.8276 1.0126 6.8000
    endloop
  endfacet
  facet normal 0 0 -1
    outer loop
      vertex -13.0000 -1.0000 3.3500
      vertex -21.8276 1.0126 3.3500
      vertex -22.2241 1.4691 3.3500
    endloop
  endfacet
  facet normal -0.5902317093869104 -0.8072338751775755 0
    outer loop
      vertex -21.8276 1.0126 3.3500
      vertex -21.3396 0.6557 3.3500
      vertex -21.3396 0.6557 6.8000
    endloop
  endfacet
  facet normal -0.5902317093869104 -0.8072338751775755 0
    outer loop
      vertex -21.8276 1.0126 3.3500
      vertex -21.3396 0.6557 6.8000
      vertex -21.8276 1.0126 6.8000
    endloop
  endfacet
  facet normal 0 0 1
    outer loop
      vertex -13.0000 -1.0000 6.8000
      vertex -21.8276 1.0126 6.8000
      vertex -21.3396 0.6557 6.8000
    endloop
  endfacet
  facet normal 0 0 -1
    outer loop
      vertex -13.0000 -1.0000 3.3500
      vertex -21.3396 0.6557 3.3500
      vertex -21.8276 1.0126 3.3500
    endloop
  endfacet
  facet normal -0.4961389383568338 -0.8682431421244592 0
    outer loop
      vertex -21.3396 0.6557 3.3500
      vertex -7.3396 -7.3443 3.3500
      vertex -7.3396 -7.3443 6.8000
    endloop
  endfacet
  facet normal -0.4961389383568338 -0.8682431421244592 0
    outer loop
      vertex -21.3396 0.6557 3.3500
      vertex -7.3396 -7.3443 6.8000
      vertex -21.3396 0.6557 6.8000
    endloop
  endfacet
  facet normal 0 0 1
    outer loop
      vertex -13.0000 -1.0000 6.8000
      vertex -21.3396 0.6557 6.8000
      vertex -7.3396 -7.3443 6.8000
    endloop
  endfacet
  facet normal 0 0 -1
    outer loop
      vertex -13.0000 -1.0000 3.3500
      vertex -7.3396 -7.3443 3.3500
      vertex -21.3396 0.6557 3.3500
    endloop
  endfacet
  facet normal -0.3958069323104006 -0.9183337477927237 0
    outer loop
      vertex -7.3396 -7.3443 3.3500
      vertex -6.7843 -7.5836 3.3500
      vertex -6.7843 -7.5836 6.8000
    endloop
  endfacet
  facet normal -0.3958069323104006 -0.9183337477927237 0
    outer loop
      vertex -7.3396 -7.3443 3.3500
      vertex -6.7843 -7.5836 6.8000
      vertex -7.3396 -7.3443 6.8000
    endloop
  endfacet
  facet normal 0 0 1
    outer loop
      vertex -13.0000 -1.0000 6.8000
      vertex -7.3396 -7.3443 6.8000
      vertex -6.7843 -7.5836 6.8000
    endloop
  endfacet
  facet normal 0 0 -1
    outer loop
      vertex -13.0000 -1.0000 3.3500
      vertex -6.7843 -7.5836 3.3500
      vertex -7.3396 -7.3443 3.3500
    endloop
  endfacet
  facet normal -0.1815347429020335 -0.9833845316657635 0
    outer loop
      vertex -6.7843 -7.5836 3.3500
      vertex -6.1898 -7.6933 3.3500
      vertex -6.1898 -7.6933 6.8000
    endloop
  endfacet
  facet normal -0.1815347429020335 -0.9833845316657635 0
    outer loop
      vertex -6.7843 -7.5836 3.3500
      vertex -6.1898 -7.6933 6.8000
      vertex -6.7843 -7.5836 6.8000
    endloop
  endfacet
  facet normal 0 0 1
    outer loop
      vertex -13.0000 -1.0000 6.8000
      vertex -6.7843 -7.5836 6.8000
      vertex -6.1898 -7.6933 6.8000
    endloop
  endfacet
  facet normal 0 0 -1
    outer loop
      vertex -13.0000 -1.0000 3.3500
      vertex -6.1898 -7.6933 3.3500
      vertex -6.7843 -7.5836 3.3500
    endloop
  endfacet
  facet normal 0.04184035653851442 -0.9991243088648829 0
    outer loop
      vertex -6.1898 -7.6933 3.3500
      vertex -5.5857 -7.6680 3.3500
      vertex -5.5857 -7.6680 6.8000
    endloop
  endfacet
  facet normal 0.04184035653851442 -0.9991243088648829 0
    outer loop
      vertex -6.1898 -7.6933 3.3500
      vertex -5.5857 -7.6680 6.8000
      vertex -6.1898 -7.6933 6.8000
    endloop
  endfacet
  facet normal 0 0 1
    outer loop
      vertex -13.0000 -1.0000 6.8000
      vertex -6.1898 -7.6933 6.8000
      vertex -5.5857 -7.6680 6.8000
    endloop
  endfacet
  facet normal 0 0 -1
    outer loop
      vertex -13.0000 -1.0000 3.3500
      vertex -5.5857 -7.6680 3.3500
      vertex -6.1898 -7.6933 3.3500
    endloop
  endfacet
  facet normal 0.26311740579210907 -0.964763821237732 0
    outer loop
      vertex -5.5857 -7.6680 3.3500
      vertex -5.0024 -7.5089 3.3500
      vertex -5.0024 -7.5089 6.8000
    endloop
  endfacet
  facet normal 0.26311740579210907 -0.964763821237732 0
    outer loop
      vertex -5.5857 -7.6680 3.3500
      vertex -5.0024 -7.5089 6.8000
      vertex -5.5857 -7.6680 6.8000
    endloop
  endfacet
  facet normal 0 0 1
    outer loop
      vertex -13.0000 -1.0000 6.8000
      vertex -5.5857 -7.6680 6.8000
      vertex -5.0024 -7.5089 6.8000
    endloop
  endfacet
  facet normal 0 0 -1
    outer loop
      vertex -13.0000 -1.0000 3.3500
      vertex -5.0024 -7.5089 3.3500
      vertex -5.5857 -7.6680 3.3500
    endloop
  endfacet
  facet normal 0.471200649636682 -0.8820260471108371 0
    outer loop
      vertex -5.0024 -7.5089 3.3500
      vertex -4.4691 -7.2241 3.3500
      vertex -4.4691 -7.2241 6.8000
    endloop
  endfacet
  facet normal 0.471200649636682 -0.8820260471108371 0
    outer loop
      vertex -5.0024 -7.5089 3.3500
      vertex -4.4691 -7.2241 6.8000
      vertex -5.0024 -7.5089 6.8000
    endloop
  endfacet
  facet normal 0 0 1
    outer loop
      vertex -13.0000 -1.0000 6.8000
      vertex -5.0024 -7.5089 6.8000
      vertex -4.4691 -7.2241 6.8000
    endloop
  endfacet
  facet normal 0 0 -1
    outer loop
      vertex -13.0000 -1.0000 3.3500
      vertex -4.4691 -7.2241 3.3500
      vertex -5.0024 -7.5089 3.3500
    endloop
  endfacet
  facet normal 0.6556559253459089 -0.755059803961779 0
    outer loop
      vertex -4.4691 -7.2241 3.3500
      vertex -4.0126 -6.8276 3.3500
      vertex -4.0126 -6.8276 6.8000
    endloop
  endfacet
  facet normal 0.6556559253459089 -0.755059803961779 0
    outer loop
      vertex -4.4691 -7.2241 3.3500
      vertex -4.0126 -6.8276 6.8000
      vertex -4.4691 -7.2241 6.8000
    endloop
  endfacet
  facet normal 0 0 1
    outer loop
      vertex -13.0000 -1.0000 6.8000
      vertex -4.4691 -7.2241 6.8000
      vertex -4.0126 -6.8276 6.8000
    endloop
  endfacet
  facet normal 0 0 -1
    outer loop
      vertex -13.0000 -1.0000 3.3500
      vertex -4.0126 -6.8276 3.3500
      vertex -4.4691 -7.2241 3.3500
    endloop
  endfacet
  facet normal 0.8072338751775745 -0.5902317093869117 0
    outer loop
      vertex -4.0126 -6.8276 3.3500
      vertex -3.6557 -6.3396 3.3500
      vertex -3.6557 -6.3396 6.8000
    endloop
  endfacet
  facet normal 0.8072338751775745 -0.5902317093869117 0
    outer loop
      vertex -4.0126 -6.8276 3.3500
      vertex -3.6557 -6.3396 6.8000
      vertex -4.0126 -6.8276 6.8000
    endloop
  endfacet
  facet normal 0 0 1
    outer loop
      vertex -13.0000 -1.0000 6.8000
      vertex -4.0126 -6.8276 6.8000
      vertex -3.6557 -6.3396 6.8000
    endloop
  endfacet
  facet normal 0 0 -1
    outer loop
      vertex -13.0000 -1.0000 3.3500
      vertex -3.6557 -6.3396 3.3500
      vertex -4.0126 -6.8276 3.3500
    endloop
  endfacet
  facet normal 0.9183337477927233 -0.3958069323104018 0
    outer loop
      vertex -3.6557 -6.3396 3.3500
      vertex -3.4164 -5.7843 3.3500
      vertex -3.4164 -5.7843 6.8000
    endloop
  endfacet
  facet normal 0.9183337477927233 -0.3958069323104018 0
    outer loop
      vertex -3.6557 -6.3396 3.3500
      vertex -3.4164 -5.7843 6.8000
      vertex -3.6557 -6.3396 6.8000
    endloop
  endfacet
  facet normal 0 0 1
    outer loop
      vertex -13.0000 -1.0000 6.8000
      vertex -3.6557 -6.3396 6.8000
      vertex -3.4164 -5.7843 6.8000
    endloop
  endfacet
  facet normal 0 0 -1
    outer loop
      vertex -13.0000 -1.0000 3.3500
      vertex -3.4164 -5.7843 3.3500
      vertex -3.6557 -6.3396 3.3500
    endloop
  endfacet
  facet normal 0.9833845316657637 -0.18153474290203253 0
    outer loop
      vertex -3.4164 -5.7843 3.3500
      vertex -3.3067 -5.1898 3.3500
      vertex -3.3067 -5.1898 6.8000
    endloop
  endfacet
  facet normal 0.9833845316657637 -0.18153474290203253 0
    outer loop
      vertex -3.4164 -5.7843 3.3500
      vertex -3.3067 -5.1898 6.8000
      vertex -3.4164 -5.7843 6.8000
    endloop
  endfacet
  facet normal 0 0 1
    outer loop
      vertex -13.0000 -1.0000 6.8000
      vertex -3.4164 -5.7843 6.8000
      vertex -3.3067 -5.1898 6.8000
    endloop
  endfacet
  facet normal 0 0 -1
    outer loop
      vertex -13.0000 -1.0000 3.3500
      vertex -3.3067 -5.1898 3.3500
      vertex -3.4164 -5.7843 3.3500
    endloop
  endfacet
  facet normal 0.9991243088648829 0.04184035653851515 0
    outer loop
      vertex -3.3067 -5.1898 3.3500
      vertex -3.3320 -4.5857 3.3500
      vertex -3.3320 -4.5857 6.8000
    endloop
  endfacet
  facet normal 0.9991243088648829 0.04184035653851515 0
    outer loop
      vertex -3.3067 -5.1898 3.3500
      vertex -3.3320 -4.5857 6.8000
      vertex -3.3067 -5.1898 6.8000
    endloop
  endfacet
  facet normal 0 0 1
    outer loop
      vertex -13.0000 -1.0000 6.8000
      vertex -3.3067 -5.1898 6.8000
      vertex -3.3320 -4.5857 6.8000
    endloop
  endfacet
  facet normal 0 0 -1
    outer loop
      vertex -13.0000 -1.0000 3.3500
      vertex -3.3320 -4.5857 3.3500
      vertex -3.3067 -5.1898 3.3500
    endloop
  endfacet
  facet normal 0.964763821237732 0.26311740579210907 0
    outer loop
      vertex -3.3320 -4.5857 3.3500
      vertex -3.4911 -4.0024 3.3500
      vertex -3.4911 -4.0024 6.8000
    endloop
  endfacet
  facet normal 0.964763821237732 0.26311740579210907 0
    outer loop
      vertex -3.3320 -4.5857 3.3500
      vertex -3.4911 -4.0024 6.8000
      vertex -3.3320 -4.5857 6.8000
    endloop
  endfacet
  facet normal 0 0 1
    outer loop
      vertex -13.0000 -1.0000 6.8000
      vertex -3.3320 -4.5857 6.8000
      vertex -3.4911 -4.0024 6.8000
    endloop
  endfacet
  facet normal 0 0 -1
    outer loop
      vertex -13.0000 -1.0000 3.3500
      vertex -3.4911 -4.0024 3.3500
      vertex -3.3320 -4.5857 3.3500
    endloop
  endfacet
  facet normal 0.8820260471108378 0.47120064963668123 0
    outer loop
      vertex -3.4911 -4.0024 3.3500
      vertex -3.7759 -3.4691 3.3500
      vertex -3.7759 -3.4691 6.8000
    endloop
  endfacet
  facet normal 0.8820260471108378 0.47120064963668123 0
    outer loop
      vertex -3.4911 -4.0024 3.3500
      vertex -3.7759 -3.4691 6.8000
      vertex -3.4911 -4.0024 6.8000
    endloop
  endfacet
  facet normal 0 0 1
    outer loop
      vertex -13.0000 -1.0000 6.8000
      vertex -3.4911 -4.0024 6.8000
      vertex -3.7759 -3.4691 6.8000
    endloop
  endfacet
  facet normal 0 0 -1
    outer loop
      vertex -13.0000 -1.0000 3.3500
      vertex -3.7759 -3.4691 3.3500
      vertex -3.4911 -4.0024 3.3500
    endloop
  endfacet
  facet normal 0.7550598039617795 0.655655925345908 0
    outer loop
      vertex -3.7759 -3.4691 3.3500
      vertex -4.1724 -3.0126 3.3500
      vertex -4.1724 -3.0126 6.8000
    endloop
  endfacet
  facet normal 0.7550598039617795 0.655655925345908 0
    outer loop
      vertex -3.7759 -3.4691 3.3500
      vertex -4.1724 -3.0126 6.8000
      vertex -3.7759 -3.4691 6.8000
    endloop
  endfacet
  facet normal 0 0 1
    outer loop
      vertex -13.0000 -1.0000 6.8000
      vertex -3.7759 -3.4691 6.8000
      vertex -4.1724 -3.0126 6.8000
    endloop
  endfacet
  facet normal 0 0 -1
    outer loop
      vertex -13.0000 -1.0000 3.3500
      vertex -4.1724 -3.0126 3.3500
      vertex -3.7759 -3.4691 3.3500
    endloop
  endfacet
  facet normal 0.5902317093869106 0.8072338751775755 0
    outer loop
      vertex -4.1724 -3.0126 3.3500
      vertex -4.6604 -2.6557 3.3500
      vertex -4.6604 -2.6557 6.8000
    endloop
  endfacet
  facet normal 0.5902317093869106 0.8072338751775755 0
    outer loop
      vertex -4.1724 -3.0126 3.3500
      vertex -4.6604 -2.6557 6.8000
      vertex -4.1724 -3.0126 6.8000
    endloop
  endfacet
  facet normal 0 0 1
    outer loop
      vertex -13.0000 -1.0000 6.8000
      vertex -4.1724 -3.0126 6.8000
      vertex -4.6604 -2.6557 6.8000
    endloop
  endfacet
  facet normal 0 0 -1
    outer loop
      vertex -13.0000 -1.0000 3.3500
      vertex -4.6604 -2.6557 3.3500
      vertex -4.1724 -3.0126 3.3500
    endloop
  endfacet
  facet normal 0.4961389383568339 0.8682431421244592 0
    outer loop
      vertex -4.6604 -2.6557 3.3500
      vertex -18.6604 5.3443 3.3500
      vertex -18.6604 5.3443 6.8000
    endloop
  endfacet
  facet normal 0.4961389383568339 0.8682431421244592 0
    outer loop
      vertex -4.6604 -2.6557 3.3500
      vertex -18.6604 5.3443 6.8000
      vertex -4.6604 -2.6557 6.8000
    endloop
  endfacet
  facet normal 0 0 1
    outer loop
      vertex -13.0000 -1.0000 6.8000
      vertex -4.6604 -2.6557 6.8000
      vertex -18.6604 5.3443 6.8000
    endloop
  endfacet
  facet normal 0 0 -1
    outer loop
      vertex -13.0000 -1.0000 3.3500
      vertex -18.6604 5.3443 3.3500
      vertex -4.6604 -2.6557 3.3500
    endloop
  endfacet
  facet normal 0.5397303936055413 0.8418379310879305 0
    outer loop
      vertex -27.1713 15.2507 3.3500
      vertex -27.7180 15.6012 3.3500
      vertex -27.7180 15.6012 6.8000
    endloop
  endfacet
  facet normal 0.5397303936055413 0.8418379310879305 0
    outer loop
      vertex -27.1713 15.2507 3.3500
      vertex -27.7180 15.6012 6.8000
      vertex -27.1713 15.2507 6.8000
    endloop
  endfacet
  facet normal 0 0 1
    outer loop
      vertex -21.0000 6.5000 6.8000
      vertex -27.1713 15.2507 6.8000
      vertex -27.7180 15.6012 6.8000
    endloop
  endfacet
  facet normal 0 0 -1
    outer loop
      vertex -21.0000 6.5000 3.3500
      vertex -27.7180 15.6012 3.3500
      vertex -27.1713 15.2507 3.3500
    endloop
  endfacet
  facet normal 0.33887166311338546 0.9408326078207367 0
    outer loop
      vertex -27.7180 15.6012 3.3500
      vertex -28.3289 15.8213 3.3500
      vertex -28.3289 15.8213 6.8000
    endloop
  endfacet
  facet normal 0.33887166311338546 0.9408326078207367 0
    outer loop
      vertex -27.7180 15.6012 3.3500
      vertex -28.3289 15.8213 6.8000
      vertex -27.7180 15.6012 6.8000
    endloop
  endfacet
  facet normal 0 0 1
    outer loop
      vertex -21.0000 6.5000 6.8000
      vertex -27.7180 15.6012 6.8000
      vertex -28.3289 15.8213 6.8000
    endloop
  endfacet
  facet normal 0 0 -1
    outer loop
      vertex -21.0000 6.5000 3.3500
      vertex -28.3289 15.8213 3.3500
      vertex -27.7180 15.6012 3.3500
    endloop
  endfacet
  facet normal 0.12102049242789349 0.9926500090225708 0
    outer loop
      vertex -28.3289 15.8213 3.3500
      vertex -28.9736 15.8999 3.3500
      vertex -28.9736 15.8999 6.8000
    endloop
  endfacet
  facet normal 0.12102049242789349 0.9926500090225708 0
    outer loop
      vertex -28.3289 15.8213 3.3500
      vertex -28.9736 15.8999 6.8000
      vertex -28.3289 15.8213 6.8000
    endloop
  endfacet
  facet normal 0 0 1
    outer loop
      vertex -21.0000 6.5000 6.8000
      vertex -28.3289 15.8213 6.8000
      vertex -28.9736 15.8999 6.8000
    endloop
  endfacet
  facet normal 0 0 -1
    outer loop
      vertex -21.0000 6.5000 3.3500
      vertex -28.9736 15.8999 3.3500
      vertex -28.3289 15.8213 3.3500
    endloop
  endfacet
  facet normal -0.10289915108550514 0.9946917938265514 0
    outer loop
      vertex -28.9736 15.8999 3.3500
      vertex -29.6195 15.8331 3.3500
      vertex -29.6195 15.8331 6.8000
    endloop
  endfacet
  facet normal -0.10289915108550514 0.9946917938265514 0
    outer loop
      vertex -28.9736 15.8999 3.3500
      vertex -29.6195 15.8331 6.8000
      vertex -28.9736 15.8999 6.8000
    endloop
  endfacet
  facet normal 0 0 1
    outer loop
      vertex -21.0000 6.5000 6.8000
      vertex -28.9736 15.8999 6.8000
      vertex -29.6195 15.8331 6.8000
    endloop
  endfacet
  facet normal 0 0 -1
    outer loop
      vertex -21.0000 6.5000 3.3500
      vertex -29.6195 15.8331 3.3500
      vertex -28.9736 15.8999 3.3500
    endloop
  endfacet
  facet normal -0.3216590014940393 0.9468555786168543 0
    outer loop
      vertex -29.6195 15.8331 3.3500
      vertex -30.2344 15.6242 3.3500
      vertex -30.2344 15.6242 6.8000
    endloop
  endfacet
  facet normal -0.3216590014940393 0.9468555786168543 0
    outer loop
      vertex -29.6195 15.8331 3.3500
      vertex -30.2344 15.6242 6.8000
      vertex -29.6195 15.8331 6.8000
    endloop
  endfacet
  facet normal 0 0 1
    outer loop
      vertex -21.0000 6.5000 6.8000
      vertex -29.6195 15.8331 6.8000
      vertex -30.2344 15.6242 6.8000
    endloop
  endfacet
  facet normal 0 0 -1
    outer loop
      vertex -21.0000 6.5000 3.3500
      vertex -30.2344 15.6242 3.3500
      vertex -29.6195 15.8331 3.3500
    endloop
  endfacet
  facet normal -0.5242895264366426 0.8515400709707329 0
    outer loop
      vertex -30.2344 15.6242 3.3500
      vertex -30.7874 15.2837 3.3500
      vertex -30.7874 15.2837 6.8000
    endloop
  endfacet
  facet normal -0.5242895264366426 0.8515400709707329 0
    outer loop
      vertex -30.2344 15.6242 3.3500
      vertex -30.7874 15.2837 6.8000
      vertex -30.2344 15.6242 6.8000
    endloop
  endfacet
  facet normal 0 0 1
    outer loop
      vertex -21.0000 6.5000 6.8000
      vertex -30.2344 15.6242 6.8000
      vertex -30.7874 15.2837 6.8000
    endloop
  endfacet
  facet normal 0 0 -1
    outer loop
      vertex -21.0000 6.5000 3.3500
      vertex -30.7874 15.2837 3.3500
      vertex -30.2344 15.6242 3.3500
    endloop
  endfacet
  facet normal -0.7006299852813067 0.7135247884444632 0
    outer loop
      vertex -30.7874 15.2837 3.3500
      vertex -31.2507 14.8287 3.3500
      vertex -31.2507 14.8287 6.8000
    endloop
  endfacet
  facet normal -0.7006299852813067 0.7135247884444632 0
    outer loop
      vertex -30.7874 15.2837 3.3500
      vertex -31.2507 14.8287 6.8000
      vertex -30.7874 15.2837 6.8000
    endloop
  endfacet
  facet normal 0 0 1
    outer loop
      vertex -21.0000 6.5000 6.8000
      vertex -30.7874 15.2837 6.8000
      vertex -31.2507 14.8287 6.8000
    endloop
  endfacet
  facet normal 0 0 -1
    outer loop
      vertex -21.0000 6.5000 3.3500
      vertex -31.2507 14.8287 3.3500
      vertex -30.7874 15.2837 3.3500
    endloop
  endfacet
  facet normal -0.8418379310879318 0.5397303936055394 0
    outer loop
      vertex -31.2507 14.8287 3.3500
      vertex -31.6012 14.2820 3.3500
      vertex -31.6012 14.2820 6.8000
    endloop
  endfacet
  facet normal -0.8418379310879318 0.5397303936055394 0
    outer loop
      vertex -31.2507 14.8287 3.3500
      vertex -31.6012 14.2820 6.8000
      vertex -31.2507 14.8287 6.8000
    endloop
  endfacet
  facet normal 0 0 1
    outer loop
      vertex -21.0000 6.5000 6.8000
      vertex -31.2507 14.8287 6.8000
      vertex -31.6012 14.2820 6.8000
    endloop
  endfacet
  facet normal 0 0 -1
    outer loop
      vertex -21.0000 6.5000 3.3500
      vertex -31.6012 14.2820 3.3500
      vertex -31.2507 14.8287 3.3500
    endloop
  endfacet
  facet normal -0.9408326078207354 0.33887166311338873 0
    outer loop
      vertex -31.6012 14.2820 3.3500
      vertex -31.8213 13.6711 3.3500
      vertex -31.8213 13.6711 6.8000
    endloop
  endfacet
  facet normal -0.9408326078207354 0.33887166311338873 0
    outer loop
      vertex -31.6012 14.2820 3.3500
      vertex -31.8213 13.6711 6.8000
      vertex -31.6012 14.2820 6.8000
    endloop
  endfacet
  facet normal 0 0 1
    outer loop
      vertex -21.0000 6.5000 6.8000
      vertex -31.6012 14.2820 6.8000
      vertex -31.8213 13.6711 6.8000
    endloop
  endfacet
  facet normal 0 0 -1
    outer loop
      vertex -21.0000 6.5000 3.3500
      vertex -31.8213 13.6711 3.3500
      vertex -31.6012 14.2820 3.3500
    endloop
  endfacet
  facet normal -0.9926500090225708 0.12102049242789349 0
    outer loop
      vertex -31.8213 13.6711 3.3500
      vertex -31.8999 13.0264 3.3500
      vertex -31.8999 13.0264 6.8000
    endloop
  endfacet
  facet normal -0.9926500090225708 0.12102049242789349 0
    outer loop
      vertex -31.8213 13.6711 3.3500
      vertex -31.8999 13.0264 6.8000
      vertex -31.8213 13.6711 6.8000
    endloop
  endfacet
  facet normal 0 0 1
    outer loop
      vertex -21.0000 6.5000 6.8000
      vertex -31.8213 13.6711 6.8000
      vertex -31.8999 13.0264 6.8000
    endloop
  endfacet
  facet normal 0 0 -1
    outer loop
      vertex -21.0000 6.5000 3.3500
      vertex -31.8999 13.0264 3.3500
      vertex -31.8213 13.6711 3.3500
    endloop
  endfacet
  facet normal -0.9946917938265514 -0.10289915108550514 0
    outer loop
      vertex -31.8999 13.0264 3.3500
      vertex -31.8331 12.3805 3.3500
      vertex -31.8331 12.3805 6.8000
    endloop
  endfacet
  facet normal -0.9946917938265514 -0.10289915108550514 0
    outer loop
      vertex -31.8999 13.0264 3.3500
      vertex -31.8331 12.3805 6.8000
      vertex -31.8999 13.0264 6.8000
    endloop
  endfacet
  facet normal 0 0 1
    outer loop
      vertex -21.0000 6.5000 6.8000
      vertex -31.8999 13.0264 6.8000
      vertex -31.8331 12.3805 6.8000
    endloop
  endfacet
  facet normal 0 0 -1
    outer loop
      vertex -21.0000 6.5000 3.3500
      vertex -31.8331 12.3805 3.3500
      vertex -31.8999 13.0264 3.3500
    endloop
  endfacet
  facet normal -0.9468555786168544 -0.3216590014940384 0
    outer loop
      vertex -31.8331 12.3805 3.3500
      vertex -31.6242 11.7656 3.3500
      vertex -31.6242 11.7656 6.8000
    endloop
  endfacet
  facet normal -0.9468555786168544 -0.3216590014940384 0
    outer loop
      vertex -31.8331 12.3805 3.3500
      vertex -31.6242 11.7656 6.8000
      vertex -31.8331 12.3805 6.8000
    endloop
  endfacet
  facet normal 0 0 1
    outer loop
      vertex -21.0000 6.5000 6.8000
      vertex -31.8331 12.3805 6.8000
      vertex -31.6242 11.7656 6.8000
    endloop
  endfacet
  facet normal 0 0 -1
    outer loop
      vertex -21.0000 6.5000 3.3500
      vertex -31.6242 11.7656 3.3500
      vertex -31.8331 12.3805 3.3500
    endloop
  endfacet
  facet normal -0.8515400709707329 -0.5242895264366426 0
    outer loop
      vertex -31.6242 11.7656 3.3500
      vertex -31.2837 11.2126 3.3500
      vertex -31.2837 11.2126 6.8000
    endloop
  endfacet
  facet normal -0.8515400709707329 -0.5242895264366426 0
    outer loop
      vertex -31.6242 11.7656 3.3500
      vertex -31.2837 11.2126 6.8000
      vertex -31.6242 11.7656 6.8000
    endloop
  endfacet
  facet normal 0 0 1
    outer loop
      vertex -21.0000 6.5000 6.8000
      vertex -31.6242 11.7656 6.8000
      vertex -31.2837 11.2126 6.8000
    endloop
  endfacet
  facet normal 0 0 -1
    outer loop
      vertex -21.0000 6.5000 3.3500
      vertex -31.2837 11.2126 3.3500
      vertex -31.6242 11.7656 3.3500
    endloop
  endfacet
  facet normal -0.713524788444462 -0.700629985281308 0
    outer loop
      vertex -31.2837 11.2126 3.3500
      vertex -30.8287 10.7493 3.3500
      vertex -30.8287 10.7493 6.8000
    endloop
  endfacet
  facet normal -0.713524788444462 -0.700629985281308 0
    outer loop
      vertex -31.2837 11.2126 3.3500
      vertex -30.8287 10.7493 6.8000
      vertex -31.2837 11.2126 6.8000
    endloop
  endfacet
  facet normal 0 0 1
    outer loop
      vertex -21.0000 6.5000 6.8000
      vertex -31.2837 11.2126 6.8000
      vertex -30.8287 10.7493 6.8000
    endloop
  endfacet
  facet normal 0 0 -1
    outer loop
      vertex -21.0000 6.5000 3.3500
      vertex -30.8287 10.7493 3.3500
      vertex -31.2837 11.2126 3.3500
    endloop
  endfacet
  facet normal -0.6305926250944657 -0.7761140001162655 0
    outer loop
      vertex -30.8287 10.7493 3.3500
      vertex -14.8287 -2.2507 3.3500
      vertex -14.8287 -2.2507 6.8000
    endloop
  endfacet
  facet normal -0.6305926250944657 -0.7761140001162655 0
    outer loop
      vertex -30.8287 10.7493 3.3500
      vertex -14.8287 -2.2507 6.8000
      vertex -30.8287 10.7493 6.8000
    endloop
  endfacet
  facet normal 0 0 1
    outer loop
      vertex -21.0000 6.5000 6.8000
      vertex -30.8287 10.7493 6.8000
      vertex -14.8287 -2.2507 6.8000
    endloop
  endfacet
  facet normal 0 0 -1
    outer loop
      vertex -21.0000 6.5000 3.3500
      vertex -14.8287 -2.2507 3.3500
      vertex -30.8287 10.7493 3.3500
    endloop
  endfacet
  facet normal -0.5397303936055423 -0.84183793108793 0
    outer loop
      vertex -14.8287 -2.2507 3.3500
      vertex -14.2820 -2.6012 3.3500
      vertex -14.2820 -2.6012 6.8000
    endloop
  endfacet
  facet normal -0.5397303936055423 -0.84183793108793 0
    outer loop
      vertex -14.8287 -2.2507 3.3500
      vertex -14.2820 -2.6012 6.8000
      vertex -14.8287 -2.2507 6.8000
    endloop
  endfacet
  facet normal 0 0 1
    outer loop
      vertex -21.0000 6.5000 6.8000
      vertex -14.8287 -2.2507 6.8000
      vertex -14.2820 -2.6012 6.8000
    endloop
  endfacet
  facet normal 0 0 -1
    outer loop
      vertex -21.0000 6.5000 3.3500
      vertex -14.2820 -2.6012 3.3500
      vertex -14.8287 -2.2507 3.3500
    endloop
  endfacet
  facet normal -0.33887166311338807 -0.9408326078207356 0
    outer loop
      vertex -14.2820 -2.6012 3.3500
      vertex -13.6711 -2.8213 3.3500
      vertex -13.6711 -2.8213 6.8000
    endloop
  endfacet
  facet normal -0.33887166311338807 -0.9408326078207356 0
    outer loop
      vertex -14.2820 -2.6012 3.3500
      vertex -13.6711 -2.8213 6.8000
      vertex -14.2820 -2.6012 6.8000
    endloop
  endfacet
  facet normal 0 0 1
    outer loop
      vertex -21.0000 6.5000 6.8000
      vertex -14.2820 -2.6012 6.8000
      vertex -13.6711 -2.8213 6.8000
    endloop
  endfacet
  facet normal 0 0 -1
    outer loop
      vertex -21.0000 6.5000 3.3500
      vertex -13.6711 -2.8213 3.3500
      vertex -14.2820 -2.6012 3.3500
    endloop
  endfacet
  facet normal -0.12102049242789213 -0.9926500090225708 0
    outer loop
      vertex -13.6711 -2.8213 3.3500
      vertex -13.0264 -2.8999 3.3500
      vertex -13.0264 -2.8999 6.8000
    endloop
  endfacet
  facet normal -0.12102049242789213 -0.9926500090225708 0
    outer loop
      vertex -13.6711 -2.8213 3.3500
      vertex -13.0264 -2.8999 6.8000
      vertex -13.6711 -2.8213 6.8000
    endloop
  endfacet
  facet normal 0 0 1
    outer loop
      vertex -21.0000 6.5000 6.8000
      vertex -13.6711 -2.8213 6.8000
      vertex -13.0264 -2.8999 6.8000
    endloop
  endfacet
  facet normal 0 0 -1
    outer loop
      vertex -21.0000 6.5000 3.3500
      vertex -13.0264 -2.8999 3.3500
      vertex -13.6711 -2.8213 3.3500
    endloop
  endfacet
  facet normal 0.10289915108550417 -0.9946917938265514 0
    outer loop
      vertex -13.0264 -2.8999 3.3500
      vertex -12.3805 -2.8331 3.3500
      vertex -12.3805 -2.8331 6.8000
    endloop
  endfacet
  facet normal 0.10289915108550417 -0.9946917938265514 0
    outer loop
      vertex -13.0264 -2.8999 3.3500
      vertex -12.3805 -2.8331 6.8000
      vertex -13.0264 -2.8999 6.8000
    endloop
  endfacet
  facet normal 0 0 1
    outer loop
      vertex -21.0000 6.5000 6.8000
      vertex -13.0264 -2.8999 6.8000
      vertex -12.3805 -2.8331 6.8000
    endloop
  endfacet
  facet normal 0 0 -1
    outer loop
      vertex -21.0000 6.5000 3.3500
      vertex -12.3805 -2.8331 3.3500
      vertex -13.0264 -2.8999 3.3500
    endloop
  endfacet
  facet normal 0.3216590014940399 -0.9468555786168541 0
    outer loop
      vertex -12.3805 -2.8331 3.3500
      vertex -11.7656 -2.6242 3.3500
      vertex -11.7656 -2.6242 6.8000
    endloop
  endfacet
  facet normal 0.3216590014940399 -0.9468555786168541 0
    outer loop
      vertex -12.3805 -2.8331 3.3500
      vertex -11.7656 -2.6242 6.8000
      vertex -12.3805 -2.8331 6.8000
    endloop
  endfacet
  facet normal 0 0 1
    outer loop
      vertex -21.0000 6.5000 6.8000
      vertex -12.3805 -2.8331 6.8000
      vertex -11.7656 -2.6242 6.8000
    endloop
  endfacet
  facet normal 0 0 -1
    outer loop
      vertex -21.0000 6.5000 3.3500
      vertex -11.7656 -2.6242 3.3500
      vertex -12.3805 -2.8331 3.3500
    endloop
  endfacet
  facet normal 0.5242895264366434 -0.8515400709707327 0
    outer loop
      vertex -11.7656 -2.6242 3.3500
      vertex -11.2126 -2.2837 3.3500
      vertex -11.2126 -2.2837 6.8000
    endloop
  endfacet
  facet normal 0.5242895264366434 -0.8515400709707327 0
    outer loop
      vertex -11.7656 -2.6242 3.3500
      vertex -11.2126 -2.2837 6.8000
      vertex -11.7656 -2.6242 6.8000
    endloop
  endfacet
  facet normal 0 0 1
    outer loop
      vertex -21.0000 6.5000 6.8000
      vertex -11.7656 -2.6242 6.8000
      vertex -11.2126 -2.2837 6.8000
    endloop
  endfacet
  facet normal 0 0 -1
    outer loop
      vertex -21.0000 6.5000 3.3500
      vertex -11.2126 -2.2837 3.3500
      vertex -11.7656 -2.6242 3.3500
    endloop
  endfacet
  facet normal 0.7006299852813069 -0.7135247884444628 0
    outer loop
      vertex -11.2126 -2.2837 3.3500
      vertex -10.7493 -1.8287 3.3500
      vertex -10.7493 -1.8287 6.8000
    endloop
  endfacet
  facet normal 0.7006299852813069 -0.7135247884444628 0
    outer loop
      vertex -11.2126 -2.2837 3.3500
      vertex -10.7493 -1.8287 6.8000
      vertex -11.2126 -2.2837 6.8000
    endloop
  endfacet
  facet normal 0 0 1
    outer loop
      vertex -21.0000 6.5000 6.8000
      vertex -11.2126 -2.2837 6.8000
      vertex -10.7493 -1.8287 6.8000
    endloop
  endfacet
  facet normal 0 0 -1
    outer loop
      vertex -21.0000 6.5000 3.3500
      vertex -10.7493 -1.8287 3.3500
      vertex -11.2126 -2.2837 3.3500
    endloop
  endfacet
  facet normal 0.8418379310879294 -0.5397303936055432 0
    outer loop
      vertex -10.7493 -1.8287 3.3500
      vertex -10.3988 -1.2820 3.3500
      vertex -10.3988 -1.2820 6.8000
    endloop
  endfacet
  facet normal 0.8418379310879294 -0.5397303936055432 0
    outer loop
      vertex -10.7493 -1.8287 3.3500
      vertex -10.3988 -1.2820 6.8000
      vertex -10.7493 -1.8287 6.8000
    endloop
  endfacet
  facet normal 0 0 1
    outer loop
      vertex -21.0000 6.5000 6.8000
      vertex -10.7493 -1.8287 6.8000
      vertex -10.3988 -1.2820 6.8000
    endloop
  endfacet
  facet normal 0 0 -1
    outer loop
      vertex -21.0000 6.5000 3.3500
      vertex -10.3988 -1.2820 3.3500
      vertex -10.7493 -1.8287 3.3500
    endloop
  endfacet
  facet normal 0.9408326078207364 -0.3388716631133861 0
    outer loop
      vertex -10.3988 -1.2820 3.3500
      vertex -10.1787 -0.6711 3.3500
      vertex -10.1787 -0.6711 6.8000
    endloop
  endfacet
  facet normal 0.9408326078207364 -0.3388716631133861 0
    outer loop
      vertex -10.3988 -1.2820 3.3500
      vertex -10.1787 -0.6711 6.8000
      vertex -10.3988 -1.2820 6.8000
    endloop
  endfacet
  facet normal 0 0 1
    outer loop
      vertex -21.0000 6.5000 6.8000
      vertex -10.3988 -1.2820 6.8000
      vertex -10.1787 -0.6711 6.8000
    endloop
  endfacet
  facet normal 0 0 -1
    outer loop
      vertex -21.0000 6.5000 3.3500
      vertex -10.1787 -0.6711 3.3500
      vertex -10.3988 -1.2820 3.3500
    endloop
  endfacet
  facet normal 0.9926500090225708 -0.12102049242789346 0
    outer loop
      vertex -10.1787 -0.6711 3.3500
      vertex -10.1001 -0.0264 3.3500
      vertex -10.1001 -0.0264 6.8000
    endloop
  endfacet
  facet normal 0.9926500090225708 -0.12102049242789346 0
    outer loop
      vertex -10.1787 -0.6711 3.3500
      vertex -10.1001 -0.0264 6.8000
      vertex -10.1787 -0.6711 6.8000
    endloop
  endfacet
  facet normal 0 0 1
    outer loop
      vertex -21.0000 6.5000 6.8000
      vertex -10.1787 -0.6711 6.8000
      vertex -10.1001 -0.0264 6.8000
    endloop
  endfacet
  facet normal 0 0 -1
    outer loop
      vertex -21.0000 6.5000 3.3500
      vertex -10.1001 -0.0264 3.3500
      vertex -10.1787 -0.6711 3.3500
    endloop
  endfacet
  facet normal 0.9946917938265514 0.10289915108550546 0
    outer loop
      vertex -10.1001 -0.0264 3.3500
      vertex -10.1669 0.6195 3.3500
      vertex -10.1669 0.6195 6.8000
    endloop
  endfacet
  facet normal 0.9946917938265514 0.10289915108550546 0
    outer loop
      vertex -10.1001 -0.0264 3.3500
      vertex -10.1669 0.6195 6.8000
      vertex -10.1001 -0.0264 6.8000
    endloop
  endfacet
  facet normal 0 0 1
    outer loop
      vertex -21.0000 6.5000 6.8000
      vertex -10.1001 -0.0264 6.8000
      vertex -10.1669 0.6195 6.8000
    endloop
  endfacet
  facet normal 0 0 -1
    outer loop
      vertex -21.0000 6.5000 3.3500
      vertex -10.1669 0.6195 3.3500
      vertex -10.1001 -0.0264 3.3500
    endloop
  endfacet
  facet normal 0.9468555786168547 0.32165900149403803 0
    outer loop
      vertex -10.1669 0.6195 3.3500
      vertex -10.3758 1.2344 3.3500
      vertex -10.3758 1.2344 6.8000
    endloop
  endfacet
  facet normal 0.9468555786168547 0.32165900149403803 0
    outer loop
      vertex -10.1669 0.6195 3.3500
      vertex -10.3758 1.2344 6.8000
      vertex -10.1669 0.6195 6.8000
    endloop
  endfacet
  facet normal 0 0 1
    outer loop
      vertex -21.0000 6.5000 6.8000
      vertex -10.1669 0.6195 6.8000
      vertex -10.3758 1.2344 6.8000
    endloop
  endfacet
  facet normal 0 0 -1
    outer loop
      vertex -21.0000 6.5000 3.3500
      vertex -10.3758 1.2344 3.3500
      vertex -10.1669 0.6195 3.3500
    endloop
  endfacet
  facet normal 0.8515400709707333 0.5242895264366422 0
    outer loop
      vertex -10.3758 1.2344 3.3500
      vertex -10.7163 1.7874 3.3500
      vertex -10.7163 1.7874 6.8000
    endloop
  endfacet
  facet normal 0.8515400709707333 0.5242895264366422 0
    outer loop
      vertex -10.3758 1.2344 3.3500
      vertex -10.7163 1.7874 6.8000
      vertex -10.3758 1.2344 6.8000
    endloop
  endfacet
  facet normal 0 0 1
    outer loop
      vertex -21.0000 6.5000 6.8000
      vertex -10.3758 1.2344 6.8000
      vertex -10.7163 1.7874 6.8000
    endloop
  endfacet
  facet normal 0 0 -1
    outer loop
      vertex -21.0000 6.5000 3.3500
      vertex -10.7163 1.7874 3.3500
      vertex -10.3758 1.2344 3.3500
    endloop
  endfacet
  facet normal 0.713524788444462 0.700629985281308 0
    outer loop
      vertex -10.7163 1.7874 3.3500
      vertex -11.1713 2.2507 3.3500
      vertex -11.1713 2.2507 6.8000
    endloop
  endfacet
  facet normal 0.713524788444462 0.700629985281308 0
    outer loop
      vertex -10.7163 1.7874 3.3500
      vertex -11.1713 2.2507 6.8000
      vertex -10.7163 1.7874 6.8000
    endloop
  endfacet
  facet normal 0 0 1
    outer loop
      vertex -21.0000 6.5000 6.8000
      vertex -10.7163 1.7874 6.8000
      vertex -11.1713 2.2507 6.8000
    endloop
  endfacet
  facet normal 0 0 -1
    outer loop
      vertex -21.0000 6.5000 3.3500
      vertex -11.1713 2.2507 3.3500
      vertex -10.7163 1.7874 3.3500
    endloop
  endfacet
  facet normal 0.6305926250944658 0.7761140001162655 0
    outer loop
      vertex -11.1713 2.2507 3.3500
      vertex -27.1713 15.2507 3.3500
      vertex -27.1713 15.2507 6.8000
    endloop
  endfacet
  facet normal 0.6305926250944658 0.7761140001162655 0
    outer loop
      vertex -11.1713 2.2507 3.3500
      vertex -27.1713 15.2507 6.8000
      vertex -11.1713 2.2507 6.8000
    endloop
  endfacet
  facet normal 0 0 1
    outer loop
      vertex -21.0000 6.5000 6.8000
      vertex -11.1713 2.2507 6.8000
      vertex -27.1713 15.2507 6.8000
    endloop
  endfacet
  facet normal 0 0 -1
    outer loop
      vertex -21.0000 6.5000 3.3500
      vertex -27.1713 15.2507 3.3500
      vertex -11.1713 2.2507 3.3500
    endloop
  endfacet
  facet normal 0.5662021404062155 0.8242664230692769 0
    outer loop
      vertex -29.1662 22.1159 3.3500
      vertex -29.6830 22.4709 3.3500
      vertex -29.6830 22.4709 6.8000
    endloop
  endfacet
  facet normal 0.5662021404062155 0.8242664230692769 0
    outer loop
      vertex -29.1662 22.1159 3.3500
      vertex -29.6830 22.4709 6.8000
      vertex -29.1662 22.1159 6.8000
    endloop
  endfacet
  facet normal 0 0 1
    outer loop
      vertex -23.5000 13.5000 6.8000
      vertex -29.1662 22.1159 6.8000
      vertex -29.6830 22.4709 6.8000
    endloop
  endfacet
  facet normal 0 0 -1
    outer loop
      vertex -23.5000 13.5000 3.3500
      vertex -29.6830 22.4709 3.3500
      vertex -29.1662 22.1159 3.3500
    endloop
  endfacet
  facet normal 0.36858973632890296 0.929592172015766 0
    outer loop
      vertex -29.6830 22.4709 3.3500
      vertex -30.2659 22.7020 3.3500
      vertex -30.2659 22.7020 6.8000
    endloop
  endfacet
  facet normal 0.36858973632890296 0.929592172015766 0
    outer loop
      vertex -29.6830 22.4709 3.3500
      vertex -30.2659 22.7020 6.8000
      vertex -29.6830 22.4709 6.8000
    endloop
  endfacet
  facet normal 0 0 1
    outer loop
      vertex -23.5000 13.5000 6.8000
      vertex -29.6830 22.4709 6.8000
      vertex -30.2659 22.7020 6.8000
    endloop
  endfacet
  facet normal 0 0 -1
    outer loop
      vertex -23.5000 13.5000 3.3500
      vertex -30.2659 22.7020 3.3500
      vertex -29.6830 22.4709 3.3500
    endloop
  endfacet
  facet normal 0.15249470377536006 0.9883042878185165 0
    outer loop
      vertex -30.2659 22.7020 3.3500
      vertex -30.8855 22.7977 3.3500
      vertex -30.8855 22.7977 6.8000
    endloop
  endfacet
  facet normal 0.15249470377536006 0.9883042878185165 0
    outer loop
      vertex -30.2659 22.7020 3.3500
      vertex -30.8855 22.7977 6.8000
      vertex -30.2659 22.7020 6.8000
    endloop
  endfacet
  facet normal 0 0 1
    outer loop
      vertex -23.5000 13.5000 6.8000
      vertex -30.2659 22.7020 6.8000
      vertex -30.8855 22.7977 6.8000
    endloop
  endfacet
  facet normal 0 0 -1
    outer loop
      vertex -23.5000 13.5000 3.3500
      vertex -30.8855 22.7977 3.3500
      vertex -30.2659 22.7020 3.3500
    endloop
  endfacet
  facet normal -0.07124704998790722 0.9974586998307351 0
    outer loop
      vertex -30.8855 22.7977 3.3500
      vertex -31.5109 22.7530 3.3500
      vertex -31.5109 22.7530 6.8000
    endloop
  endfacet
  facet normal -0.07124704998790722 0.9974586998307351 0
    outer loop
      vertex -30.8855 22.7977 3.3500
      vertex -31.5109 22.7530 6.8000
      vertex -30.8855 22.7977 6.8000
    endloop
  endfacet
  facet normal 0 0 1
    outer loop
      vertex -23.5000 13.5000 6.8000
      vertex -30.8855 22.7977 6.8000
      vertex -31.5109 22.7530 6.8000
    endloop
  endfacet
  facet normal 0 0 -1
    outer loop
      vertex -23.5000 13.5000 3.3500
      vertex -31.5109 22.7530 3.3500
      vertex -30.8855 22.7977 3.3500
    endloop
  endfacet
  facet normal -0.29141617916301416 0.9565963676086325 0
    outer loop
      vertex -31.5109 22.7530 3.3500
      vertex -32.1107 22.5703 3.3500
      vertex -32.1107 22.5703 6.8000
    endloop
  endfacet
  facet normal -0.29141617916301416 0.9565963676086325 0
    outer loop
      vertex -31.5109 22.7530 3.3500
      vertex -32.1107 22.5703 6.8000
      vertex -31.5109 22.7530 6.8000
    endloop
  endfacet
  facet normal 0 0 1
    outer loop
      vertex -23.5000 13.5000 6.8000
      vertex -31.5109 22.7530 6.8000
      vertex -32.1107 22.5703 6.8000
    endloop
  endfacet
  facet normal 0 0 -1
    outer loop
      vertex -23.5000 13.5000 3.3500
      vertex -32.1107 22.5703 3.3500
      vertex -31.5109 22.7530 3.3500
    endloop
  endfacet
  facet normal -0.49697248426689083 0.8677662991160668 0
    outer loop
      vertex -32.1107 22.5703 3.3500
      vertex -32.6548 22.2587 3.3500
      vertex -32.6548 22.2587 6.8000
    endloop
  endfacet
  facet normal -0.49697248426689083 0.8677662991160668 0
    outer loop
      vertex -32.1107 22.5703 3.3500
      vertex -32.6548 22.2587 6.8000
      vertex -32.1107 22.5703 6.8000
    endloop
  endfacet
  facet normal 0 0 1
    outer loop
      vertex -23.5000 13.5000 6.8000
      vertex -32.1107 22.5703 6.8000
      vertex -32.6548 22.2587 6.8000
    endloop
  endfacet
  facet normal 0 0 -1
    outer loop
      vertex -23.5000 13.5000 3.3500
      vertex -32.6548 22.2587 3.3500
      vertex -32.1107 22.5703 3.3500
    endloop
  endfacet
  facet normal -0.6776085138332583 0.7354228049093143 0
    outer loop
      vertex -32.6548 22.2587 3.3500
      vertex -33.1159 21.8338 3.3500
      vertex -33.1159 21.8338 6.8000
    endloop
  endfacet
  facet normal -0.6776085138332583 0.7354228049093143 0
    outer loop
      vertex -32.6548 22.2587 3.3500
      vertex -33.1159 21.8338 6.8000
      vertex -32.6548 22.2587 6.8000
    endloop
  endfacet
  facet normal 0 0 1
    outer loop
      vertex -23.5000 13.5000 6.8000
      vertex -32.6548 22.2587 6.8000
      vertex -33.1159 21.8338 6.8000
    endloop
  endfacet
  facet normal 0 0 -1
    outer loop
      vertex -23.5000 13.5000 3.3500
      vertex -33.1159 21.8338 3.3500
      vertex -32.6548 22.2587 3.3500
    endloop
  endfacet
  facet normal -0.8242664230692769 0.5662021404062155 0
    outer loop
      vertex -33.1159 21.8338 3.3500
      vertex -33.4709 21.3170 3.3500
      vertex -33.4709 21.3170 6.8000
    endloop
  endfacet
  facet normal -0.8242664230692769 0.5662021404062155 0
    outer loop
      vertex -33.1159 21.8338 3.3500
      vertex -33.4709 21.3170 6.8000
      vertex -33.1159 21.8338 6.8000
    endloop
  endfacet
  facet normal 0 0 1
    outer loop
      vertex -23.5000 13.5000 6.8000
      vertex -33.1159 21.8338 6.8000
      vertex -33.4709 21.3170 6.8000
    endloop
  endfacet
  facet normal 0 0 -1
    outer loop
      vertex -23.5000 13.5000 3.3500
      vertex -33.4709 21.3170 3.3500
      vertex -33.1159 21.8338 3.3500
    endloop
  endfacet
  facet normal -0.929592172015766 0.36858973632890296 0
    outer loop
      vertex -33.4709 21.3170 3.3500
      vertex -33.7020 20.7341 3.3500
      vertex -33.7020 20.7341 6.8000
    endloop
  endfacet
  facet normal -0.929592172015766 0.36858973632890296 0
    outer loop
      vertex -33.4709 21.3170 3.3500
      vertex -33.7020 20.7341 6.8000
      vertex -33.4709 21.3170 6.8000
    endloop
  endfacet
  facet normal 0 0 1
    outer loop
      vertex -23.5000 13.5000 6.8000
      vertex -33.4709 21.3170 6.8000
      vertex -33.7020 20.7341 6.8000
    endloop
  endfacet
  facet normal 0 0 -1
    outer loop
      vertex -23.5000 13.5000 3.3500
      vertex -33.7020 20.7341 3.3500
      vertex -33.4709 21.3170 3.3500
    endloop
  endfacet
  facet normal -0.9883042878185156 0.15249470377536561 0
    outer loop
      vertex -33.7020 20.7341 3.3500
      vertex -33.7977 20.1145 3.3500
      vertex -33.7977 20.1145 6.8000
    endloop
  endfacet
  facet normal -0.9883042878185156 0.15249470377536561 0
    outer loop
      vertex -33.7020 20.7341 3.3500
      vertex -33.7977 20.1145 6.8000
      vertex -33.7020 20.7341 6.8000
    endloop
  endfacet
  facet normal 0 0 1
    outer loop
      vertex -23.5000 13.5000 6.8000
      vertex -33.7020 20.7341 6.8000
      vertex -33.7977 20.1145 6.8000
    endloop
  endfacet
  facet normal 0 0 -1
    outer loop
      vertex -23.5000 13.5000 3.3500
      vertex -33.7977 20.1145 3.3500
      vertex -33.7020 20.7341 3.3500
    endloop
  endfacet
  facet normal -0.9974586998307343 -0.07124704998791849 0
    outer loop
      vertex -33.7977 20.1145 3.3500
      vertex -33.7530 19.4891 3.3500
      vertex -33.7530 19.4891 6.8000
    endloop
  endfacet
  facet normal -0.9974586998307343 -0.07124704998791849 0
    outer loop
      vertex -33.7977 20.1145 3.3500
      vertex -33.7530 19.4891 6.8000
      vertex -33.7977 20.1145 6.8000
    endloop
  endfacet
  facet normal 0 0 1
    outer loop
      vertex -23.5000 13.5000 6.8000
      vertex -33.7977 20.1145 6.8000
      vertex -33.7530 19.4891 6.8000
    endloop
  endfacet
  facet normal 0 0 -1
    outer loop
      vertex -23.5000 13.5000 3.3500
      vertex -33.7530 19.4891 3.3500
      vertex -33.7977 20.1145 3.3500
    endloop
  endfacet
  facet normal -0.9565963676086358 -0.2914161791630038 0
    outer loop
      vertex -33.7530 19.4891 3.3500
      vertex -33.5703 18.8893 3.3500
      vertex -33.5703 18.8893 6.8000
    endloop
  endfacet
  facet normal -0.9565963676086358 -0.2914161791630038 0
    outer loop
      vertex -33.7530 19.4891 3.3500
      vertex -33.5703 18.8893 6.8000
      vertex -33.7530 19.4891 6.8000
    endloop
  endfacet
  facet normal 0 0 1
    outer loop
      vertex -23.5000 13.5000 6.8000
      vertex -33.7530 19.4891 6.8000
      vertex -33.5703 18.8893 6.8000
    endloop
  endfacet
  facet normal 0 0 -1
    outer loop
      vertex -23.5000 13.5000 3.3500
      vertex -33.5703 18.8893 3.3500
      vertex -33.7530 19.4891 3.3500
    endloop
  endfacet
  facet normal -0.8677662991160656 -0.4969724842668926 0
    outer loop
      vertex -33.5703 18.8893 3.3500
      vertex -33.2587 18.3452 3.3500
      vertex -33.2587 18.3452 6.8000
    endloop
  endfacet
  facet normal -0.8677662991160656 -0.4969724842668926 0
    outer loop
      vertex -33.5703 18.8893 3.3500
      vertex -33.2587 18.3452 6.8000
      vertex -33.5703 18.8893 6.8000
    endloop
  endfacet
  facet normal 0 0 1
    outer loop
      vertex -23.5000 13.5000 6.8000
      vertex -33.5703 18.8893 6.8000
      vertex -33.2587 18.3452 6.8000
    endloop
  endfacet
  facet normal 0 0 -1
    outer loop
      vertex -23.5000 13.5000 3.3500
      vertex -33.2587 18.3452 3.3500
      vertex -33.5703 18.8893 3.3500
    endloop
  endfacet
  facet normal -0.7354228049093116 -0.677608513833261 0
    outer loop
      vertex -33.2587 18.3452 3.3500
      vertex -32.8338 17.8841 3.3500
      vertex -32.8338 17.8841 6.8000
    endloop
  endfacet
  facet normal -0.7354228049093116 -0.677608513833261 0
    outer loop
      vertex -33.2587 18.3452 3.3500
      vertex -32.8338 17.8841 6.8000
      vertex -33.2587 18.3452 6.8000
    endloop
  endfacet
  facet normal 0 0 1
    outer loop
      vertex -23.5000 13.5000 6.8000
      vertex -33.2587 18.3452 6.8000
      vertex -32.8338 17.8841 6.8000
    endloop
  endfacet
  facet normal 0 0 -1
    outer loop
      vertex -23.5000 13.5000 3.3500
      vertex -32.8338 17.8841 3.3500
      vertex -33.2587 18.3452 3.3500
    endloop
  endfacet
  facet normal -0.654930538417842 -0.7556890827898175 0
    outer loop
      vertex -32.8338 17.8841 3.3500
      vertex -17.8338 4.8841 3.3500
      vertex -17.8338 4.8841 6.8000
    endloop
  endfacet
  facet normal -0.654930538417842 -0.7556890827898175 0
    outer loop
      vertex -32.8338 17.8841 3.3500
      vertex -17.8338 4.8841 6.8000
      vertex -32.8338 17.8841 6.8000
    endloop
  endfacet
  facet normal 0 0 1
    outer loop
      vertex -23.5000 13.5000 6.8000
      vertex -32.8338 17.8841 6.8000
      vertex -17.8338 4.8841 6.8000
    endloop
  endfacet
  facet normal 0 0 -1
    outer loop
      vertex -23.5000 13.5000 3.3500
      vertex -17.8338 4.8841 3.3500
      vertex -32.8338 17.8841 3.3500
    endloop
  endfacet
  facet normal -0.5662021404062109 -0.8242664230692801 0
    outer loop
      vertex -17.8338 4.8841 3.3500
      vertex -17.3170 4.5291 3.3500
      vertex -17.3170 4.5291 6.8000
    endloop
  endfacet
  facet normal -0.5662021404062109 -0.8242664230692801 0
    outer loop
      vertex -17.8338 4.8841 3.3500
      vertex -17.3170 4.5291 6.8000
      vertex -17.8338 4.8841 6.8000
    endloop
  endfacet
  facet normal 0 0 1
    outer loop
      vertex -23.5000 13.5000 6.8000
      vertex -17.8338 4.8841 6.8000
      vertex -17.3170 4.5291 6.8000
    endloop
  endfacet
  facet normal 0 0 -1
    outer loop
      vertex -23.5000 13.5000 3.3500
      vertex -17.3170 4.5291 3.3500
      vertex -17.8338 4.8841 3.3500
    endloop
  endfacet
  facet normal -0.36858973632890424 -0.9295921720157656 0
    outer loop
      vertex -17.3170 4.5291 3.3500
      vertex -16.7341 4.2980 3.3500
      vertex -16.7341 4.2980 6.8000
    endloop
  endfacet
  facet normal -0.36858973632890424 -0.9295921720157656 0
    outer loop
      vertex -17.3170 4.5291 3.3500
      vertex -16.7341 4.2980 6.8000
      vertex -17.3170 4.5291 6.8000
    endloop
  endfacet
  facet normal 0 0 1
    outer loop
      vertex -23.5000 13.5000 6.8000
      vertex -17.3170 4.5291 6.8000
      vertex -16.7341 4.2980 6.8000
    endloop
  endfacet
  facet normal 0 0 -1
    outer loop
      vertex -23.5000 13.5000 3.3500
      vertex -16.7341 4.2980 3.3500
      vertex -17.3170 4.5291 3.3500
    endloop
  endfacet
  facet normal -0.15249470377536006 -0.9883042878185165 0
    outer loop
      vertex -16.7341 4.2980 3.3500
      vertex -16.1145 4.2023 3.3500
      vertex -16.1145 4.2023 6.8000
    endloop
  endfacet
  facet normal -0.15249470377536006 -0.9883042878185165 0
    outer loop
      vertex -16.7341 4.2980 3.3500
      vertex -16.1145 4.2023 6.8000
      vertex -16.7341 4.2980 6.8000
    endloop
  endfacet
  facet normal 0 0 1
    outer loop
      vertex -23.5000 13.5000 6.8000
      vertex -16.7341 4.2980 6.8000
      vertex -16.1145 4.2023 6.8000
    endloop
  endfacet
  facet normal 0 0 -1
    outer loop
      vertex -23.5000 13.5000 3.3500
      vertex -16.1145 4.2023 3.3500
      vertex -16.7341 4.2980 3.3500
    endloop
  endfacet
  facet normal 0.07124704998790862 -0.997458699830735 0
    outer loop
      vertex -16.1145 4.2023 3.3500
      vertex -15.4891 4.2470 3.3500
      vertex -15.4891 4.2470 6.8000
    endloop
  endfacet
  facet normal 0.07124704998790862 -0.997458699830735 0
    outer loop
      vertex -16.1145 4.2023 3.3500
      vertex -15.4891 4.2470 6.8000
      vertex -16.1145 4.2023 6.8000
    endloop
  endfacet
  facet normal 0 0 1
    outer loop
      vertex -23.5000 13.5000 6.8000
      vertex -16.1145 4.2023 6.8000
      vertex -15.4891 4.2470 6.8000
    endloop
  endfacet
  facet normal 0 0 -1
    outer loop
      vertex -23.5000 13.5000 3.3500
      vertex -15.4891 4.2470 3.3500
      vertex -16.1145 4.2023 3.3500
    endloop
  endfacet
  facet normal 0.29141617916301416 -0.9565963676086325 0
    outer loop
      vertex -15.4891 4.2470 3.3500
      vertex -14.8893 4.4297 3.3500
      vertex -14.8893 4.4297 6.8000
    endloop
  endfacet
  facet normal 0.29141617916301416 -0.9565963676086325 0
    outer loop
      vertex -15.4891 4.2470 3.3500
      vertex -14.8893 4.4297 6.8000
      vertex -15.4891 4.2470 6.8000
    endloop
  endfacet
  facet normal 0 0 1
    outer loop
      vertex -23.5000 13.5000 6.8000
      vertex -15.4891 4.2470 6.8000
      vertex -14.8893 4.4297 6.8000
    endloop
  endfacet
  facet normal 0 0 -1
    outer loop
      vertex -23.5000 13.5000 3.3500
      vertex -14.8893 4.4297 3.3500
      vertex -15.4891 4.2470 3.3500
    endloop
  endfacet
  facet normal 0.49697248426689167 -0.8677662991160661 0
    outer loop
      vertex -14.8893 4.4297 3.3500
      vertex -14.3452 4.7413 3.3500
      vertex -14.3452 4.7413 6.8000
    endloop
  endfacet
  facet normal 0.49697248426689167 -0.8677662991160661 0
    outer loop
      vertex -14.8893 4.4297 3.3500
      vertex -14.3452 4.7413 6.8000
      vertex -14.8893 4.4297 6.8000
    endloop
  endfacet
  facet normal 0 0 1
    outer loop
      vertex -23.5000 13.5000 6.8000
      vertex -14.8893 4.4297 6.8000
      vertex -14.3452 4.7413 6.8000
    endloop
  endfacet
  facet normal 0 0 -1
    outer loop
      vertex -23.5000 13.5000 3.3500
      vertex -14.3452 4.7413 3.3500
      vertex -14.8893 4.4297 3.3500
    endloop
  endfacet
  facet normal 0.677608513833255 -0.735422804909317 0
    outer loop
      vertex -14.3452 4.7413 3.3500
      vertex -13.8841 5.1662 3.3500
      vertex -13.8841 5.1662 6.8000
    endloop
  endfacet
  facet normal 0.677608513833255 -0.735422804909317 0
    outer loop
      vertex -14.3452 4.7413 3.3500
      vertex -13.8841 5.1662 6.8000
      vertex -14.3452 4.7413 6.8000
    endloop
  endfacet
  facet normal 0 0 1
    outer loop
      vertex -23.5000 13.5000 6.8000
      vertex -14.3452 4.7413 6.8000
      vertex -13.8841 5.1662 6.8000
    endloop
  endfacet
  facet normal 0 0 -1
    outer loop
      vertex -23.5000 13.5000 3.3500
      vertex -13.8841 5.1662 3.3500
      vertex -14.3452 4.7413 3.3500
    endloop
  endfacet
  facet normal 0.8242664230692787 -0.5662021404062129 0
    outer loop
      vertex -13.8841 5.1662 3.3500
      vertex -13.5291 5.6830 3.3500
      vertex -13.5291 5.6830 6.8000
    endloop
  endfacet
  facet normal 0.8242664230692787 -0.5662021404062129 0
    outer loop
      vertex -13.8841 5.1662 3.3500
      vertex -13.5291 5.6830 6.8000
      vertex -13.8841 5.1662 6.8000
    endloop
  endfacet
  facet normal 0 0 1
    outer loop
      vertex -23.5000 13.5000 6.8000
      vertex -13.8841 5.1662 6.8000
      vertex -13.5291 5.6830 6.8000
    endloop
  endfacet
  facet normal 0 0 -1
    outer loop
      vertex -23.5000 13.5000 3.3500
      vertex -13.5291 5.6830 3.3500
      vertex -13.8841 5.1662 3.3500
    endloop
  endfacet
  facet normal 0.929592172015766 -0.36858973632890296 0
    outer loop
      vertex -13.5291 5.6830 3.3500
      vertex -13.2980 6.2659 3.3500
      vertex -13.2980 6.2659 6.8000
    endloop
  endfacet
  facet normal 0.929592172015766 -0.36858973632890296 0
    outer loop
      vertex -13.5291 5.6830 3.3500
      vertex -13.2980 6.2659 6.8000
      vertex -13.5291 5.6830 6.8000
    endloop
  endfacet
  facet normal 0 0 1
    outer loop
      vertex -23.5000 13.5000 6.8000
      vertex -13.5291 5.6830 6.8000
      vertex -13.2980 6.2659 6.8000
    endloop
  endfacet
  facet normal 0 0 -1
    outer loop
      vertex -23.5000 13.5000 3.3500
      vertex -13.2980 6.2659 3.3500
      vertex -13.5291 5.6830 3.3500
    endloop
  endfacet
  facet normal 0.9883042878185165 -0.15249470377535987 0
    outer loop
      vertex -13.2980 6.2659 3.3500
      vertex -13.2023 6.8855 3.3500
      vertex -13.2023 6.8855 6.8000
    endloop
  endfacet
  facet normal 0.9883042878185165 -0.15249470377535987 0
    outer loop
      vertex -13.2980 6.2659 3.3500
      vertex -13.2023 6.8855 6.8000
      vertex -13.2980 6.2659 6.8000
    endloop
  endfacet
  facet normal 0 0 1
    outer loop
      vertex -23.5000 13.5000 6.8000
      vertex -13.2980 6.2659 6.8000
      vertex -13.2023 6.8855 6.8000
    endloop
  endfacet
  facet normal 0 0 -1
    outer loop
      vertex -23.5000 13.5000 3.3500
      vertex -13.2023 6.8855 3.3500
      vertex -13.2980 6.2659 3.3500
    endloop
  endfacet
  facet normal 0.9974586998307351 0.07124704998790762 0
    outer loop
      vertex -13.2023 6.8855 3.3500
      vertex -13.2470 7.5109 3.3500
      vertex -13.2470 7.5109 6.8000
    endloop
  endfacet
  facet normal 0.9974586998307351 0.07124704998790762 0
    outer loop
      vertex -13.2023 6.8855 3.3500
      vertex -13.2470 7.5109 6.8000
      vertex -13.2023 6.8855 6.8000
    endloop
  endfacet
  facet normal 0 0 1
    outer loop
      vertex -23.5000 13.5000 6.8000
      vertex -13.2023 6.8855 6.8000
      vertex -13.2470 7.5109 6.8000
    endloop
  endfacet
  facet normal 0 0 -1
    outer loop
      vertex -23.5000 13.5000 3.3500
      vertex -13.2470 7.5109 3.3500
      vertex -13.2023 6.8855 3.3500
    endloop
  endfacet
  facet normal 0.9565963676086329 0.2914161791630134 0
    outer loop
      vertex -13.2470 7.5109 3.3500
      vertex -13.4297 8.1107 3.3500
      vertex -13.4297 8.1107 6.8000
    endloop
  endfacet
  facet normal 0.9565963676086329 0.2914161791630134 0
    outer loop
      vertex -13.2470 7.5109 3.3500
      vertex -13.4297 8.1107 6.8000
      vertex -13.2470 7.5109 6.8000
    endloop
  endfacet
  facet normal 0 0 1
    outer loop
      vertex -23.5000 13.5000 6.8000
      vertex -13.2470 7.5109 6.8000
      vertex -13.4297 8.1107 6.8000
    endloop
  endfacet
  facet normal 0 0 -1
    outer loop
      vertex -23.5000 13.5000 3.3500
      vertex -13.4297 8.1107 3.3500
      vertex -13.2470 7.5109 3.3500
    endloop
  endfacet
  facet normal 0.8677662991160664 0.49697248426689145 0
    outer loop
      vertex -13.4297 8.1107 3.3500
      vertex -13.7413 8.6548 3.3500
      vertex -13.7413 8.6548 6.8000
    endloop
  endfacet
  facet normal 0.8677662991160664 0.49697248426689145 0
    outer loop
      vertex -13.4297 8.1107 3.3500
      vertex -13.7413 8.6548 6.8000
      vertex -13.4297 8.1107 6.8000
    endloop
  endfacet
  facet normal 0 0 1
    outer loop
      vertex -23.5000 13.5000 6.8000
      vertex -13.4297 8.1107 6.8000
      vertex -13.7413 8.6548 6.8000
    endloop
  endfacet
  facet normal 0 0 -1
    outer loop
      vertex -23.5000 13.5000 3.3500
      vertex -13.7413 8.6548 3.3500
      vertex -13.4297 8.1107 3.3500
    endloop
  endfacet
  facet normal 0.7354228049093171 0.677608513833255 0
    outer loop
      vertex -13.7413 8.6548 3.3500
      vertex -14.1662 9.1159 3.3500
      vertex -14.1662 9.1159 6.8000
    endloop
  endfacet
  facet normal 0.7354228049093171 0.677608513833255 0
    outer loop
      vertex -13.7413 8.6548 3.3500
      vertex -14.1662 9.1159 6.8000
      vertex -13.7413 8.6548 6.8000
    endloop
  endfacet
  facet normal 0 0 1
    outer loop
      vertex -23.5000 13.5000 6.8000
      vertex -13.7413 8.6548 6.8000
      vertex -14.1662 9.1159 6.8000
    endloop
  endfacet
  facet normal 0 0 -1
    outer loop
      vertex -23.5000 13.5000 3.3500
      vertex -14.1662 9.1159 3.3500
      vertex -13.7413 8.6548 3.3500
    endloop
  endfacet
  facet normal 0.6549305384178417 0.7556890827898176 0
    outer loop
      vertex -14.1662 9.1159 3.3500
      vertex -29.1662 22.1159 3.3500
      vertex -29.1662 22.1159 6.8000
    endloop
  endfacet
  facet normal 0.6549305384178417 0.7556890827898176 0
    outer loop
      vertex -14.1662 9.1159 3.3500
      vertex -29.1662 22.1159 6.8000
      vertex -14.1662 9.1159 6.8000
    endloop
  endfacet
  facet normal 0 0 1
    outer loop
      vertex -23.5000 13.5000 6.8000
      vertex -14.1662 9.1159 6.8000
      vertex -29.1662 22.1159 6.8000
    endloop
  endfacet
  facet normal 0 0 -1
    outer loop
      vertex -23.5000 13.5000 3.3500
      vertex -29.1662 22.1159 3.3500
      vertex -14.1662 9.1159 3.3500
    endloop
  endfacet
  facet normal 0.9911978219243545 -0.13238911515836724 0
    outer loop
      vertex -0.1866 24.2966 3.3500
      vertex -0.1006 24.9403 3.3500
      vertex -0.1006 24.9403 6.8000
    endloop
  endfacet
  facet normal 0.9911978219243545 -0.13238911515836724 0
    outer loop
      vertex -0.1866 24.2966 3.3500
      vertex -0.1006 24.9403 6.8000
      vertex -0.1866 24.2966 6.8000
    endloop
  endfacet
  facet normal 0 0 1
    outer loop
      vertex -5.5000 15.0000 6.8000
      vertex -0.1866 24.2966 6.8000
      vertex -0.1006 24.9403 6.8000
    endloop
  endfacet
  facet normal 0 0 -1
    outer loop
      vertex -5.5000 15.0000 3.3500
      vertex -0.1006 24.9403 3.3500
      vertex -0.1866 24.2966 3.3500
    endloop
  endfacet
  facet normal 0.995805772638572 0.09149242143312548 0
    outer loop
      vertex -0.1006 24.9403 3.3500
      vertex -0.1600 25.5870 3.3500
      vertex -0.1600 25.5870 6.8000
    endloop
  endfacet
  facet normal 0.995805772638572 0.09149242143312548 0
    outer loop
      vertex -0.1006 24.9403 3.3500
      vertex -0.1600 25.5870 6.8000
      vertex -0.1006 24.9403 6.8000
    endloop
  endfacet
  facet normal 0 0 1
    outer loop
      vertex -5.5000 15.0000 6.8000
      vertex -0.1006 24.9403 6.8000
      vertex -0.1600 25.5870 6.8000
    endloop
  endfacet
  facet normal 0 0 -1
    outer loop
      vertex -5.5000 15.0000 3.3500
      vertex -0.1600 25.5870 3.3500
      vertex -0.1006 24.9403 3.3500
    endloop
  endfacet
  facet normal 0.9504798637899072 0.31078614597488025 0
    outer loop
      vertex -0.1600 25.5870 3.3500
      vertex -0.3619 26.2042 3.3500
      vertex -0.3619 26.2042 6.8000
    endloop
  endfacet
  facet normal 0.9504798637899072 0.31078614597488025 0
    outer loop
      vertex -0.1600 25.5870 3.3500
      vertex -0.3619 26.2042 6.8000
      vertex -0.1600 25.5870 6.8000
    endloop
  endfacet
  facet normal 0 0 1
    outer loop
      vertex -5.5000 15.0000 6.8000
      vertex -0.1600 25.5870 6.8000
      vertex -0.3619 26.2042 6.8000
    endloop
  endfacet
  facet normal 0 0 -1
    outer loop
      vertex -5.5000 15.0000 3.3500
      vertex -0.3619 26.2042 3.3500
      vertex -0.1600 25.5870 3.3500
    endloop
  endfacet
  facet normal 0.8574929257125447 0.514495755427526 0
    outer loop
      vertex -0.3619 26.2042 3.3500
      vertex -0.6960 26.7611 3.3500
      vertex -0.6960 26.7611 6.8000
    endloop
  endfacet
  facet normal 0.8574929257125447 0.514495755427526 0
    outer loop
      vertex -0.3619 26.2042 3.3500
      vertex -0.6960 26.7611 6.8000
      vertex -0.3619 26.2042 6.8000
    endloop
  endfacet
  facet normal 0 0 1
    outer loop
      vertex -5.5000 15.0000 6.8000
      vertex -0.3619 26.2042 6.8000
      vertex -0.6960 26.7611 6.8000
    endloop
  endfacet
  facet normal 0 0 -1
    outer loop
      vertex -5.5000 15.0000 3.3500
      vertex -0.6960 26.7611 3.3500
      vertex -0.3619 26.2042 3.3500
    endloop
  endfacet
  facet normal 0.721507711761322 0.6924063993558561 0
    outer loop
      vertex -0.6960 26.7611 3.3500
      vertex -1.1456 27.2296 3.3500
      vertex -1.1456 27.2296 6.8000
    endloop
  endfacet
  facet normal 0.721507711761322 0.6924063993558561 0
    outer loop
      vertex -0.6960 26.7611 3.3500
      vertex -1.1456 27.2296 6.8000
      vertex -0.6960 26.7611 6.8000
    endloop
  endfacet
  facet normal 0 0 1
    outer loop
      vertex -5.5000 15.0000 6.8000
      vertex -0.6960 26.7611 6.8000
      vertex -1.1456 27.2296 6.8000
    endloop
  endfacet
  facet normal 0 0 -1
    outer loop
      vertex -5.5000 15.0000 3.3500
      vertex -1.1456 27.2296 3.3500
      vertex -0.6960 26.7611 3.3500
    endloop
  endfacet
  facet normal 0.5493430883885563 0.8355968951831517 0
    outer loop
      vertex -1.1456 27.2296 3.3500
      vertex -1.6882 27.5864 3.3500
      vertex -1.6882 27.5864 6.8000
    endloop
  endfacet
  facet normal 0.5493430883885563 0.8355968951831517 0
    outer loop
      vertex -1.1456 27.2296 3.3500
      vertex -1.6882 27.5864 6.8000
      vertex -1.1456 27.2296 6.8000
    endloop
  endfacet
  facet normal 0 0 1
    outer loop
      vertex -5.5000 15.0000 6.8000
      vertex -1.1456 27.2296 6.8000
      vertex -1.6882 27.5864 6.8000
    endloop
  endfacet
  facet normal 0 0 -1
    outer loop
      vertex -5.5000 15.0000 3.3500
      vertex -1.6882 27.5864 3.3500
      vertex -1.1456 27.2296 3.3500
    endloop
  endfacet
  facet normal 0.34963210870701683 0.9368870735371926 0
    outer loop
      vertex -1.6882 27.5864 3.3500
      vertex -2.2966 27.8134 3.3500
      vertex -2.2966 27.8134 6.8000
    endloop
  endfacet
  facet normal 0.34963210870701683 0.9368870735371926 0
    outer loop
      vertex -1.6882 27.5864 3.3500
      vertex -2.2966 27.8134 6.8000
      vertex -1.6882 27.5864 6.8000
    endloop
  endfacet
  facet normal 0 0 1
    outer loop
      vertex -5.5000 15.0000 6.8000
      vertex -1.6882 27.5864 6.8000
      vertex -2.2966 27.8134 6.8000
    endloop
  endfacet
  facet normal 0 0 -1
    outer loop
      vertex -5.5000 15.0000 3.3500
      vertex -2.2966 27.8134 3.3500
      vertex -1.6882 27.5864 3.3500
    endloop
  endfacet
  facet normal 0.13238911515836616 0.9911978219243547 0
    outer loop
      vertex -2.2966 27.8134 3.3500
      vertex -2.9403 27.8994 3.3500
      vertex -2.9403 27.8994 6.8000
    endloop
  endfacet
  facet normal 0.13238911515836616 0.9911978219243547 0
    outer loop
      vertex -2.2966 27.8134 3.3500
      vertex -2.9403 27.8994 6.8000
      vertex -2.2966 27.8134 6.8000
    endloop
  endfacet
  facet normal 0 0 1
    outer loop
      vertex -5.5000 15.0000 6.8000
      vertex -2.2966 27.8134 6.8000
      vertex -2.9403 27.8994 6.8000
    endloop
  endfacet
  facet normal 0 0 -1
    outer loop
      vertex -5.5000 15.0000 3.3500
      vertex -2.9403 27.8994 3.3500
      vertex -2.2966 27.8134 3.3500
    endloop
  endfacet
  facet normal -0.09149242143312375 0.9958057726385722 0
    outer loop
      vertex -2.9403 27.8994 3.3500
      vertex -3.5870 27.8400 3.3500
      vertex -3.5870 27.8400 6.8000
    endloop
  endfacet
  facet normal -0.09149242143312375 0.9958057726385722 0
    outer loop
      vertex -2.9403 27.8994 3.3500
      vertex -3.5870 27.8400 6.8000
      vertex -2.9403 27.8994 6.8000
    endloop
  endfacet
  facet normal 0 0 1
    outer loop
      vertex -5.5000 15.0000 6.8000
      vertex -2.9403 27.8994 6.8000
      vertex -3.5870 27.8400 6.8000
    endloop
  endfacet
  facet normal 0 0 -1
    outer loop
      vertex -5.5000 15.0000 3.3500
      vertex -3.5870 27.8400 3.3500
      vertex -2.9403 27.8994 3.3500
    endloop
  endfacet
  facet normal -0.3107861459748779 0.9504798637899078 0
    outer loop
      vertex -3.5870 27.8400 3.3500
      vertex -4.2042 27.6381 3.3500
      vertex -4.2042 27.6381 6.8000
    endloop
  endfacet
  facet normal -0.3107861459748779 0.9504798637899078 0
    outer loop
      vertex -3.5870 27.8400 3.3500
      vertex -4.2042 27.6381 6.8000
      vertex -3.5870 27.8400 6.8000
    endloop
  endfacet
  facet normal 0 0 1
    outer loop
      vertex -5.5000 15.0000 6.8000
      vertex -3.5870 27.8400 6.8000
      vertex -4.2042 27.6381 6.8000
    endloop
  endfacet
  facet normal 0 0 -1
    outer loop
      vertex -5.5000 15.0000 3.3500
      vertex -4.2042 27.6381 3.3500
      vertex -3.5870 27.8400 3.3500
    endloop
  endfacet
  facet normal -0.5144957554275301 0.857492925712542 0
    outer loop
      vertex -4.2042 27.6381 3.3500
      vertex -4.7611 27.3040 3.3500
      vertex -4.7611 27.3040 6.8000
    endloop
  endfacet
  facet normal -0.5144957554275301 0.857492925712542 0
    outer loop
      vertex -4.2042 27.6381 3.3500
      vertex -4.7611 27.3040 6.8000
      vertex -4.2042 27.6381 6.8000
    endloop
  endfacet
  facet normal 0 0 1
    outer loop
      vertex -5.5000 15.0000 6.8000
      vertex -4.2042 27.6381 6.8000
      vertex -4.7611 27.3040 6.8000
    endloop
  endfacet
  facet normal 0 0 -1
    outer loop
      vertex -5.5000 15.0000 3.3500
      vertex -4.7611 27.3040 3.3500
      vertex -4.2042 27.6381 3.3500
    endloop
  endfacet
  facet normal -0.6924063993558564 0.7215077117613216 0
    outer loop
      vertex -4.7611 27.3040 3.3500
      vertex -5.2296 26.8544 3.3500
      vertex -5.2296 26.8544 6.8000
    endloop
  endfacet
  facet normal -0.6924063993558564 0.7215077117613216 0
    outer loop
      vertex -4.7611 27.3040 3.3500
      vertex -5.2296 26.8544 6.8000
      vertex -4.7611 27.3040 6.8000
    endloop
  endfacet
  facet normal 0 0 1
    outer loop
      vertex -5.5000 15.0000 6.8000
      vertex -4.7611 27.3040 6.8000
      vertex -5.2296 26.8544 6.8000
    endloop
  endfacet
  facet normal 0 0 -1
    outer loop
      vertex -5.5000 15.0000 3.3500
      vertex -5.2296 26.8544 3.3500
      vertex -4.7611 27.3040 3.3500
    endloop
  endfacet
  facet normal -0.8355968951831502 0.549343088388558 0
    outer loop
      vertex -5.2296 26.8544 3.3500
      vertex -5.5864 26.3118 3.3500
      vertex -5.5864 26.3118 6.8000
    endloop
  endfacet
  facet normal -0.8355968951831502 0.549343088388558 0
    outer loop
      vertex -5.2296 26.8544 3.3500
      vertex -5.5864 26.3118 6.8000
      vertex -5.2296 26.8544 6.8000
    endloop
  endfacet
  facet normal 0 0 1
    outer loop
      vertex -5.5000 15.0000 6.8000
      vertex -5.2296 26.8544 6.8000
      vertex -5.5864 26.3118 6.8000
    endloop
  endfacet
  facet normal 0 0 -1
    outer loop
      vertex -5.5000 15.0000 3.3500
      vertex -5.5864 26.3118 3.3500
      vertex -5.2296 26.8544 3.3500
    endloop
  endfacet
  facet normal -0.9368870735371924 0.3496321087070172 0
    outer loop
      vertex -5.5864 26.3118 3.3500
      vertex -5.8134 25.7034 3.3500
      vertex -5.8134 25.7034 6.8000
    endloop
  endfacet
  facet normal -0.9368870735371924 0.3496321087070172 0
    outer loop
      vertex -5.5864 26.3118 3.3500
      vertex -5.8134 25.7034 6.8000
      vertex -5.5864 26.3118 6.8000
    endloop
  endfacet
  facet normal 0 0 1
    outer loop
      vertex -5.5000 15.0000 6.8000
      vertex -5.5864 26.3118 6.8000
      vertex -5.8134 25.7034 6.8000
    endloop
  endfacet
  facet normal 0 0 -1
    outer loop
      vertex -5.5000 15.0000 3.3500
      vertex -5.8134 25.7034 3.3500
      vertex -5.5864 26.3118 3.3500
    endloop
  endfacet
  facet normal -0.9701425001453318 0.24253562503633294 0
    outer loop
      vertex -5.8134 25.7034 3.3500
      vertex -10.8134 5.7034 3.3500
      vertex -10.8134 5.7034 6.8000
    endloop
  endfacet
  facet normal -0.9701425001453318 0.24253562503633294 0
    outer loop
      vertex -5.8134 25.7034 3.3500
      vertex -10.8134 5.7034 6.8000
      vertex -5.8134 25.7034 6.8000
    endloop
  endfacet
  facet normal 0 0 1
    outer loop
      vertex -5.5000 15.0000 6.8000
      vertex -5.8134 25.7034 6.8000
      vertex -10.8134 5.7034 6.8000
    endloop
  endfacet
  facet normal 0 0 -1
    outer loop
      vertex -5.5000 15.0000 3.3500
      vertex -10.8134 5.7034 3.3500
      vertex -5.8134 25.7034 3.3500
    endloop
  endfacet
  facet normal -0.9911978219243542 0.1323891151583689 0
    outer loop
      vertex -10.8134 5.7034 3.3500
      vertex -10.8994 5.0597 3.3500
      vertex -10.8994 5.0597 6.8000
    endloop
  endfacet
  facet normal -0.9911978219243542 0.1323891151583689 0
    outer loop
      vertex -10.8134 5.7034 3.3500
      vertex -10.8994 5.0597 6.8000
      vertex -10.8134 5.7034 6.8000
    endloop
  endfacet
  facet normal 0 0 1
    outer loop
      vertex -5.5000 15.0000 6.8000
      vertex -10.8134 5.7034 6.8000
      vertex -10.8994 5.0597 6.8000
    endloop
  endfacet
  facet normal 0 0 -1
    outer loop
      vertex -5.5000 15.0000 3.3500
      vertex -10.8994 5.0597 3.3500
      vertex -10.8134 5.7034 3.3500
    endloop
  endfacet
  facet normal -0.995805772638572 -0.09149242143312634 0
    outer loop
      vertex -10.8994 5.0597 3.3500
      vertex -10.8400 4.4130 3.3500
      vertex -10.8400 4.4130 6.8000
    endloop
  endfacet
  facet normal -0.995805772638572 -0.09149242143312634 0
    outer loop
      vertex -10.8994 5.0597 3.3500
      vertex -10.8400 4.4130 6.8000
      vertex -10.8994 5.0597 6.8000
    endloop
  endfacet
  facet normal 0 0 1
    outer loop
      vertex -5.5000 15.0000 6.8000
      vertex -10.8994 5.0597 6.8000
      vertex -10.8400 4.4130 6.8000
    endloop
  endfacet
  facet normal 0 0 -1
    outer loop
      vertex -5.5000 15.0000 3.3500
      vertex -10.8400 4.4130 3.3500
      vertex -10.8994 5.0597 3.3500
    endloop
  endfacet
  facet normal -0.9504798637899077 -0.31078614597487814 0
    outer loop
      vertex -10.8400 4.4130 3.3500
      vertex -10.6381 3.7958 3.3500
      vertex -10.6381 3.7958 6.8000
    endloop
  endfacet
  facet normal -0.9504798637899077 -0.31078614597487814 0
    outer loop
      vertex -10.8400 4.4130 3.3500
      vertex -10.6381 3.7958 6.8000
      vertex -10.8400 4.4130 6.8000
    endloop
  endfacet
  facet normal 0 0 1
    outer loop
      vertex -5.5000 15.0000 6.8000
      vertex -10.8400 4.4130 6.8000
      vertex -10.6381 3.7958 6.8000
    endloop
  endfacet
  facet normal 0 0 -1
    outer loop
      vertex -5.5000 15.0000 3.3500
      vertex -10.6381 3.7958 3.3500
      vertex -10.8400 4.4130 3.3500
    endloop
  endfacet
  facet normal -0.8574929257125434 -0.5144957554275275 0
    outer loop
      vertex -10.6381 3.7958 3.3500
      vertex -10.3040 3.2389 3.3500
      vertex -10.3040 3.2389 6.8000
    endloop
  endfacet
  facet normal -0.8574929257125434 -0.5144957554275275 0
    outer loop
      vertex -10.6381 3.7958 3.3500
      vertex -10.3040 3.2389 6.8000
      vertex -10.6381 3.7958 6.8000
    endloop
  endfacet
  facet normal 0 0 1
    outer loop
      vertex -5.5000 15.0000 6.8000
      vertex -10.6381 3.7958 6.8000
      vertex -10.3040 3.2389 6.8000
    endloop
  endfacet
  facet normal 0 0 -1
    outer loop
      vertex -5.5000 15.0000 3.3500
      vertex -10.3040 3.2389 3.3500
      vertex -10.6381 3.7958 3.3500
    endloop
  endfacet
  facet normal -0.721507711761322 -0.6924063993558561 0
    outer loop
      vertex -10.3040 3.2389 3.3500
      vertex -9.8544 2.7704 3.3500
      vertex -9.8544 2.7704 6.8000
    endloop
  endfacet
  facet normal -0.721507711761322 -0.6924063993558561 0
    outer loop
      vertex -10.3040 3.2389 3.3500
      vertex -9.8544 2.7704 6.8000
      vertex -10.3040 3.2389 6.8000
    endloop
  endfacet
  facet normal 0 0 1
    outer loop
      vertex -5.5000 15.0000 6.8000
      vertex -10.3040 3.2389 6.8000
      vertex -9.8544 2.7704 6.8000
    endloop
  endfacet
  facet normal 0 0 -1
    outer loop
      vertex -5.5000 15.0000 3.3500
      vertex -9.8544 2.7704 3.3500
      vertex -10.3040 3.2389 3.3500
    endloop
  endfacet
  facet normal -0.5493430883885563 -0.8355968951831517 0
    outer loop
      vertex -9.8544 2.7704 3.3500
      vertex -9.3118 2.4136 3.3500
      vertex -9.3118 2.4136 6.8000
    endloop
  endfacet
  facet normal -0.5493430883885563 -0.8355968951831517 0
    outer loop
      vertex -9.8544 2.7704 3.3500
      vertex -9.3118 2.4136 6.8000
      vertex -9.8544 2.7704 6.8000
    endloop
  endfacet
  facet normal 0 0 1
    outer loop
      vertex -5.5000 15.0000 6.8000
      vertex -9.8544 2.7704 6.8000
      vertex -9.3118 2.4136 6.8000
    endloop
  endfacet
  facet normal 0 0 -1
    outer loop
      vertex -5.5000 15.0000 3.3500
      vertex -9.3118 2.4136 3.3500
      vertex -9.8544 2.7704 3.3500
    endloop
  endfacet
  facet normal -0.3496321087070188 -0.9368870735371917 0
    outer loop
      vertex -9.3118 2.4136 3.3500
      vertex -8.7034 2.1866 3.3500
      vertex -8.7034 2.1866 6.8000
    endloop
  endfacet
  facet normal -0.3496321087070188 -0.9368870735371917 0
    outer loop
      vertex -9.3118 2.4136 3.3500
      vertex -8.7034 2.1866 6.8000
      vertex -9.3118 2.4136 6.8000
    endloop
  endfacet
  facet normal 0 0 1
    outer loop
      vertex -5.5000 15.0000 6.8000
      vertex -9.3118 2.4136 6.8000
      vertex -8.7034 2.1866 6.8000
    endloop
  endfacet
  facet normal 0 0 -1
    outer loop
      vertex -5.5000 15.0000 3.3500
      vertex -8.7034 2.1866 3.3500
      vertex -9.3118 2.4136 3.3500
    endloop
  endfacet
  facet normal -0.13238911515836757 -0.9911978219243545 0
    outer loop
      vertex -8.7034 2.1866 3.3500
      vertex -8.0597 2.1006 3.3500
      vertex -8.0597 2.1006 6.8000
    endloop
  endfacet
  facet normal -0.13238911515836757 -0.9911978219243545 0
    outer loop
      vertex -8.7034 2.1866 3.3500
      vertex -8.0597 2.1006 6.8000
      vertex -8.7034 2.1866 6.8000
    endloop
  endfacet
  facet normal 0 0 1
    outer loop
      vertex -5.5000 15.0000 6.8000
      vertex -8.7034 2.1866 6.8000
      vertex -8.0597 2.1006 6.8000
    endloop
  endfacet
  facet normal 0 0 -1
    outer loop
      vertex -5.5000 15.0000 3.3500
      vertex -8.0597 2.1006 3.3500
      vertex -8.7034 2.1866 3.3500
    endloop
  endfacet
  facet normal 0.09149242143312523 -0.995805772638572 0
    outer loop
      vertex -8.0597 2.1006 3.3500
      vertex -7.4130 2.1600 3.3500
      vertex -7.4130 2.1600 6.8000
    endloop
  endfacet
  facet normal 0.09149242143312523 -0.995805772638572 0
    outer loop
      vertex -8.0597 2.1006 3.3500
      vertex -7.4130 2.1600 6.8000
      vertex -8.0597 2.1006 6.8000
    endloop
  endfacet
  facet normal 0 0 1
    outer loop
      vertex -5.5000 15.0000 6.8000
      vertex -8.0597 2.1006 6.8000
      vertex -7.4130 2.1600 6.8000
    endloop
  endfacet
  facet normal 0 0 -1
    outer loop
      vertex -5.5000 15.0000 3.3500
      vertex -7.4130 2.1600 3.3500
      vertex -8.0597 2.1006 3.3500
    endloop
  endfacet
  facet normal 0.31078614597487964 -0.9504798637899073 0
    outer loop
      vertex -7.4130 2.1600 3.3500
      vertex -6.7958 2.3619 3.3500
      vertex -6.7958 2.3619 6.8000
    endloop
  endfacet
  facet normal 0.31078614597487964 -0.9504798637899073 0
    outer loop
      vertex -7.4130 2.1600 3.3500
      vertex -6.7958 2.3619 6.8000
      vertex -7.4130 2.1600 6.8000
    endloop
  endfacet
  facet normal 0 0 1
    outer loop
      vertex -5.5000 15.0000 6.8000
      vertex -7.4130 2.1600 6.8000
      vertex -6.7958 2.3619 6.8000
    endloop
  endfacet
  facet normal 0 0 -1
    outer loop
      vertex -5.5000 15.0000 3.3500
      vertex -6.7958 2.3619 3.3500
      vertex -7.4130 2.1600 3.3500
    endloop
  endfacet
  facet normal 0.5144957554275257 -0.8574929257125445 0
    outer loop
      vertex -6.7958 2.3619 3.3500
      vertex -6.2389 2.6960 3.3500
      vertex -6.2389 2.6960 6.8000
    endloop
  endfacet
  facet normal 0.5144957554275257 -0.8574929257125445 0
    outer loop
      vertex -6.7958 2.3619 3.3500
      vertex -6.2389 2.6960 6.8000
      vertex -6.7958 2.3619 6.8000
    endloop
  endfacet
  facet normal 0 0 1
    outer loop
      vertex -5.5000 15.0000 6.8000
      vertex -6.7958 2.3619 6.8000
      vertex -6.2389 2.6960 6.8000
    endloop
  endfacet
  facet normal 0 0 -1
    outer loop
      vertex -5.5000 15.0000 3.3500
      vertex -6.2389 2.6960 3.3500
      vertex -6.7958 2.3619 3.3500
    endloop
  endfacet
  facet normal 0.6924063993558564 -0.7215077117613214 0
    outer loop
      vertex -6.2389 2.6960 3.3500
      vertex -5.7704 3.1456 3.3500
      vertex -5.7704 3.1456 6.8000
    endloop
  endfacet
  facet normal 0.6924063993558564 -0.7215077117613214 0
    outer loop
      vertex -6.2389 2.6960 3.3500
      vertex -5.7704 3.1456 6.8000
      vertex -6.2389 2.6960 6.8000
    endloop
  endfacet
  facet normal 0 0 1
    outer loop
      vertex -5.5000 15.0000 6.8000
      vertex -6.2389 2.6960 6.8000
      vertex -5.7704 3.1456 6.8000
    endloop
  endfacet
  facet normal 0 0 -1
    outer loop
      vertex -5.5000 15.0000 3.3500
      vertex -5.7704 3.1456 3.3500
      vertex -6.2389 2.6960 3.3500
    endloop
  endfacet
  facet normal 0.8355968951831514 -0.5493430883885566 0
    outer loop
      vertex -5.7704 3.1456 3.3500
      vertex -5.4136 3.6882 3.3500
      vertex -5.4136 3.6882 6.8000
    endloop
  endfacet
  facet normal 0.8355968951831514 -0.5493430883885566 0
    outer loop
      vertex -5.7704 3.1456 3.3500
      vertex -5.4136 3.6882 6.8000
      vertex -5.7704 3.1456 6.8000
    endloop
  endfacet
  facet normal 0 0 1
    outer loop
      vertex -5.5000 15.0000 6.8000
      vertex -5.7704 3.1456 6.8000
      vertex -5.4136 3.6882 6.8000
    endloop
  endfacet
  facet normal 0 0 -1
    outer loop
      vertex -5.5000 15.0000 3.3500
      vertex -5.4136 3.6882 3.3500
      vertex -5.7704 3.1456 3.3500
    endloop
  endfacet
  facet normal 0.9368870735371921 -0.349632108707018 0
    outer loop
      vertex -5.4136 3.6882 3.3500
      vertex -5.1866 4.2966 3.3500
      vertex -5.1866 4.2966 6.8000
    endloop
  endfacet
  facet normal 0.9368870735371921 -0.349632108707018 0
    outer loop
      vertex -5.4136 3.6882 3.3500
      vertex -5.1866 4.2966 6.8000
      vertex -5.4136 3.6882 6.8000
    endloop
  endfacet
  facet normal 0 0 1
    outer loop
      vertex -5.5000 15.0000 6.8000
      vertex -5.4136 3.6882 6.8000
      vertex -5.1866 4.2966 6.8000
    endloop
  endfacet
  facet normal 0 0 -1
    outer loop
      vertex -5.5000 15.0000 3.3500
      vertex -5.1866 4.2966 3.3500
      vertex -5.4136 3.6882 3.3500
    endloop
  endfacet
  facet normal 0.9701425001453318 -0.24253562503633294 0
    outer loop
      vertex -5.1866 4.2966 3.3500
      vertex -0.1866 24.2966 3.3500
      vertex -0.1866 24.2966 6.8000
    endloop
  endfacet
  facet normal 0.9701425001453318 -0.24253562503633294 0
    outer loop
      vertex -5.1866 4.2966 3.3500
      vertex -0.1866 24.2966 6.8000
      vertex -5.1866 4.2966 6.8000
    endloop
  endfacet
  facet normal 0 0 1
    outer loop
      vertex -5.5000 15.0000 6.8000
      vertex -5.1866 4.2966 6.8000
      vertex -0.1866 24.2966 6.8000
    endloop
  endfacet
  facet normal 0 0 -1
    outer loop
      vertex -5.5000 15.0000 3.3500
      vertex -0.1866 24.2966 3.3500
      vertex -5.1866 4.2966 3.3500
    endloop
  endfacet
  facet normal 0.8382531298400963 -0.545281294666599 0
    outer loop
      vertex 15.1614 20.2200 3.3500
      vertex 15.5033 20.7456 3.3500
      vertex 15.5033 20.7456 6.8000
    endloop
  endfacet
  facet normal 0.8382531298400963 -0.545281294666599 0
    outer loop
      vertex 15.1614 20.2200 3.3500
      vertex 15.5033 20.7456 6.8000
      vertex 15.1614 20.2200 6.8000
    endloop
  endfacet
  facet normal 0 0 1
    outer loop
      vertex 6.0000 13.5000 6.8000
      vertex 15.1614 20.2200 6.8000
      vertex 15.5033 20.7456 6.8000
    endloop
  endfacet
  facet normal 0 0 -1
    outer loop
      vertex 6.0000 13.5000 3.3500
      vertex 15.5033 20.7456 3.3500
      vertex 15.1614 20.2200 3.3500
    endloop
  endfacet
  facet normal 0.9385728767130036 -0.3450810848172887 0
    outer loop
      vertex 15.5033 20.7456 3.3500
      vertex 15.7197 21.3341 3.3500
      vertex 15.7197 21.3341 6.8000
    endloop
  endfacet
  facet normal 0.9385728767130036 -0.3450810848172887 0
    outer loop
      vertex 15.5033 20.7456 3.3500
      vertex 15.7197 21.3341 6.8000
      vertex 15.5033 20.7456 6.8000
    endloop
  endfacet
  facet normal 0 0 1
    outer loop
      vertex 6.0000 13.5000 6.8000
      vertex 15.5033 20.7456 6.8000
      vertex 15.7197 21.3341 6.8000
    endloop
  endfacet
  facet normal 0 0 -1
    outer loop
      vertex 6.0000 13.5000 3.3500
      vertex 15.7197 21.3341 3.3500
      vertex 15.5033 20.7456 3.3500
    endloop
  endfacet
  facet normal 0.9918286604084984 -0.12757706844211394 0
    outer loop
      vertex 15.7197 21.3341 3.3500
      vertex 15.7997 21.9560 3.3500
      vertex 15.7997 21.9560 6.8000
    endloop
  endfacet
  facet normal 0.9918286604084984 -0.12757706844211394 0
    outer loop
      vertex 15.7197 21.3341 3.3500
      vertex 15.7997 21.9560 6.8000
      vertex 15.7197 21.3341 6.8000
    endloop
  endfacet
  facet normal 0 0 1
    outer loop
      vertex 6.0000 13.5000 6.8000
      vertex 15.7197 21.3341 6.8000
      vertex 15.7997 21.9560 6.8000
    endloop
  endfacet
  facet normal 0 0 -1
    outer loop
      vertex 6.0000 13.5000 3.3500
      vertex 15.7997 21.9560 3.3500
      vertex 15.7197 21.3341 3.3500
    endloop
  endfacet
  facet normal 0.9953500135553003 0.09632419486018888 0
    outer loop
      vertex 15.7997 21.9560 3.3500
      vertex 15.7393 22.5801 3.3500
      vertex 15.7393 22.5801 6.8000
    endloop
  endfacet
  facet normal 0.9953500135553003 0.09632419486018888 0
    outer loop
      vertex 15.7997 21.9560 3.3500
      vertex 15.7393 22.5801 6.8000
      vertex 15.7997 21.9560 6.8000
    endloop
  endfacet
  facet normal 0 0 1
    outer loop
      vertex 6.0000 13.5000 6.8000
      vertex 15.7997 21.9560 6.8000
      vertex 15.7393 22.5801 6.8000
    endloop
  endfacet
  facet normal 0 0 -1
    outer loop
      vertex 6.0000 13.5000 3.3500
      vertex 15.7393 22.5801 3.3500
      vertex 15.7997 21.9560 3.3500
    endloop
  endfacet
  facet normal 0.948960360802739 0.31539536081739633 0
    outer loop
      vertex 15.7393 22.5801 3.3500
      vertex 15.5415 23.1751 3.3500
      vertex 15.5415 23.1751 6.8000
    endloop
  endfacet
  facet normal 0.948960360802739 0.31539536081739633 0
    outer loop
      vertex 15.7393 22.5801 3.3500
      vertex 15.5415 23.1751 6.8000
      vertex 15.7393 22.5801 6.8000
    endloop
  endfacet
  facet normal 0 0 1
    outer loop
      vertex 6.0000 13.5000 6.8000
      vertex 15.7393 22.5801 6.8000
      vertex 15.5415 23.1751 6.8000
    endloop
  endfacet
  facet normal 0 0 -1
    outer loop
      vertex 6.0000 13.5000 3.3500
      vertex 15.5415 23.1751 3.3500
      vertex 15.7393 22.5801 3.3500
    endloop
  endfacet
  facet normal 0.8549858730461485 0.5186512864068836 0
    outer loop
      vertex 15.5415 23.1751 3.3500
      vertex 15.2163 23.7111 3.3500
      vertex 15.2163 23.7111 6.8000
    endloop
  endfacet
  facet normal 0.8549858730461485 0.5186512864068836 0
    outer loop
      vertex 15.5415 23.1751 3.3500
      vertex 15.2163 23.7111 6.8000
      vertex 15.5415 23.1751 6.8000
    endloop
  endfacet
  facet normal 0 0 1
    outer loop
      vertex 6.0000 13.5000 6.8000
      vertex 15.5415 23.1751 6.8000
      vertex 15.2163 23.7111 6.8000
    endloop
  endfacet
  facet normal 0 0 -1
    outer loop
      vertex 6.0000 13.5000 3.3500
      vertex 15.2163 23.7111 3.3500
      vertex 15.5415 23.1751 3.3500
    endloop
  endfacet
  facet normal 0.7181388235049339 0.6958998707967619 0
    outer loop
      vertex 15.2163 23.7111 3.3500
      vertex 14.7800 24.1614 3.3500
      vertex 14.7800 24.1614 6.8000
    endloop
  endfacet
  facet normal 0.7181388235049339 0.6958998707967619 0
    outer loop
      vertex 15.2163 23.7111 3.3500
      vertex 14.7800 24.1614 6.8000
      vertex 15.2163 23.7111 6.8000
    endloop
  endfacet
  facet normal 0 0 1
    outer loop
      vertex 6.0000 13.5000 6.8000
      vertex 15.2163 23.7111 6.8000
      vertex 14.7800 24.1614 6.8000
    endloop
  endfacet
  facet normal 0 0 -1
    outer loop
      vertex 6.0000 13.5000 3.3500
      vertex 14.7800 24.1614 3.3500
      vertex 15.2163 23.7111 3.3500
    endloop
  endfacet
  facet normal 0.5452812946665984 0.8382531298400968 0
    outer loop
      vertex 14.7800 24.1614 3.3500
      vertex 14.2544 24.5033 3.3500
      vertex 14.2544 24.5033 6.8000
    endloop
  endfacet
  facet normal 0.5452812946665984 0.8382531298400968 0
    outer loop
      vertex 14.7800 24.1614 3.3500
      vertex 14.2544 24.5033 6.8000
      vertex 14.7800 24.1614 6.8000
    endloop
  endfacet
  facet normal 0 0 1
    outer loop
      vertex 6.0000 13.5000 6.8000
      vertex 14.7800 24.1614 6.8000
      vertex 14.2544 24.5033 6.8000
    endloop
  endfacet
  facet normal 0 0 -1
    outer loop
      vertex 6.0000 13.5000 3.3500
      vertex 14.2544 24.5033 3.3500
      vertex 14.7800 24.1614 3.3500
    endloop
  endfacet
  facet normal 0.34508108481728783 0.9385728767130039 0
    outer loop
      vertex 14.2544 24.5033 3.3500
      vertex 13.6659 24.7197 3.3500
      vertex 13.6659 24.7197 6.8000
    endloop
  endfacet
  facet normal 0.34508108481728783 0.9385728767130039 0
    outer loop
      vertex 14.2544 24.5033 3.3500
      vertex 13.6659 24.7197 6.8000
      vertex 14.2544 24.5033 6.8000
    endloop
  endfacet
  facet normal 0 0 1
    outer loop
      vertex 6.0000 13.5000 6.8000
      vertex 14.2544 24.5033 6.8000
      vertex 13.6659 24.7197 6.8000
    endloop
  endfacet
  facet normal 0 0 -1
    outer loop
      vertex 6.0000 13.5000 3.3500
      vertex 13.6659 24.7197 3.3500
      vertex 14.2544 24.5033 3.3500
    endloop
  endfacet
  facet normal 0.1275770684421167 0.9918286604084979 0
    outer loop
      vertex 13.6659 24.7197 3.3500
      vertex 13.0440 24.7997 3.3500
      vertex 13.0440 24.7997 6.8000
    endloop
  endfacet
  facet normal 0.1275770684421167 0.9918286604084979 0
    outer loop
      vertex 13.6659 24.7197 3.3500
      vertex 13.0440 24.7997 6.8000
      vertex 13.6659 24.7197 6.8000
    endloop
  endfacet
  facet normal 0 0 1
    outer loop
      vertex 6.0000 13.5000 6.8000
      vertex 13.6659 24.7197 6.8000
      vertex 13.0440 24.7997 6.8000
    endloop
  endfacet
  facet normal 0 0 -1
    outer loop
      vertex 6.0000 13.5000 3.3500
      vertex 13.0440 24.7997 3.3500
      vertex 13.6659 24.7197 3.3500
    endloop
  endfacet
  facet normal -0.09632419486019449 0.9953500135552996 0
    outer loop
      vertex 13.0440 24.7997 3.3500
      vertex 12.4199 24.7393 3.3500
      vertex 12.4199 24.7393 6.8000
    endloop
  endfacet
  facet normal -0.09632419486019449 0.9953500135552996 0
    outer loop
      vertex 13.0440 24.7997 3.3500
      vertex 12.4199 24.7393 6.8000
      vertex 13.0440 24.7997 6.8000
    endloop
  endfacet
  facet normal 0 0 1
    outer loop
      vertex 6.0000 13.5000 6.8000
      vertex 13.0440 24.7997 6.8000
      vertex 12.4199 24.7393 6.8000
    endloop
  endfacet
  facet normal 0 0 -1
    outer loop
      vertex 6.0000 13.5000 3.3500
      vertex 12.4199 24.7393 3.3500
      vertex 13.0440 24.7997 3.3500
    endloop
  endfacet
  facet normal -0.31539536081739117 0.9489603608027406 0
    outer loop
      vertex 12.4199 24.7393 3.3500
      vertex 11.8249 24.5415 3.3500
      vertex 11.8249 24.5415 6.8000
    endloop
  endfacet
  facet normal -0.31539536081739117 0.9489603608027406 0
    outer loop
      vertex 12.4199 24.7393 3.3500
      vertex 11.8249 24.5415 6.8000
      vertex 12.4199 24.7393 6.8000
    endloop
  endfacet
  facet normal 0 0 1
    outer loop
      vertex 6.0000 13.5000 6.8000
      vertex 12.4199 24.7393 6.8000
      vertex 11.8249 24.5415 6.8000
    endloop
  endfacet
  facet normal 0 0 -1
    outer loop
      vertex 6.0000 13.5000 3.3500
      vertex 11.8249 24.5415 3.3500
      vertex 12.4199 24.7393 3.3500
    endloop
  endfacet
  facet normal -0.5186512864068866 0.8549858730461468 0
    outer loop
      vertex 11.8249 24.5415 3.3500
      vertex 11.2889 24.2163 3.3500
      vertex 11.2889 24.2163 6.8000
    endloop
  endfacet
  facet normal -0.5186512864068866 0.8549858730461468 0
    outer loop
      vertex 11.8249 24.5415 3.3500
      vertex 11.2889 24.2163 6.8000
      vertex 11.8249 24.5415 6.8000
    endloop
  endfacet
  facet normal 0 0 1
    outer loop
      vertex 6.0000 13.5000 6.8000
      vertex 11.8249 24.5415 6.8000
      vertex 11.2889 24.2163 6.8000
    endloop
  endfacet
  facet normal 0 0 -1
    outer loop
      vertex 6.0000 13.5000 3.3500
      vertex 11.2889 24.2163 3.3500
      vertex 11.8249 24.5415 3.3500
    endloop
  endfacet
  facet normal -0.6958998707967631 0.7181388235049323 0
    outer loop
      vertex 11.2889 24.2163 3.3500
      vertex 10.8386 23.7800 3.3500
      vertex 10.8386 23.7800 6.8000
    endloop
  endfacet
  facet normal -0.6958998707967631 0.7181388235049323 0
    outer loop
      vertex 11.2889 24.2163 3.3500
      vertex 10.8386 23.7800 6.8000
      vertex 11.2889 24.2163 6.8000
    endloop
  endfacet
  facet normal 0 0 1
    outer loop
      vertex 6.0000 13.5000 6.8000
      vertex 11.2889 24.2163 6.8000
      vertex 10.8386 23.7800 6.8000
    endloop
  endfacet
  facet normal 0 0 -1
    outer loop
      vertex 6.0000 13.5000 3.3500
      vertex 10.8386 23.7800 3.3500
      vertex 11.2889 24.2163 3.3500
    endloop
  endfacet
  facet normal -0.7719302356170497 0.6357072528610996 0
    outer loop
      vertex 10.8386 23.7800 3.3500
      vertex -3.1614 6.7800 3.3500
      vertex -3.1614 6.7800 6.8000
    endloop
  endfacet
  facet normal -0.7719302356170497 0.6357072528610996 0
    outer loop
      vertex 10.8386 23.7800 3.3500
      vertex -3.1614 6.7800 6.8000
      vertex 10.8386 23.7800 6.8000
    endloop
  endfacet
  facet normal 0 0 1
    outer loop
      vertex 6.0000 13.5000 6.8000
      vertex 10.8386 23.7800 6.8000
      vertex -3.1614 6.7800 6.8000
    endloop
  endfacet
  facet normal 0 0 -1
    outer loop
      vertex 6.0000 13.5000 3.3500
      vertex -3.1614 6.7800 3.3500
      vertex 10.8386 23.7800 3.3500
    endloop
  endfacet
  facet normal -0.8382531298400958 0.5452812946666 0
    outer loop
      vertex -3.1614 6.7800 3.3500
      vertex -3.5033 6.2544 3.3500
      vertex -3.5033 6.2544 6.8000
    endloop
  endfacet
  facet normal -0.8382531298400958 0.5452812946666 0
    outer loop
      vertex -3.1614 6.7800 3.3500
      vertex -3.5033 6.2544 6.8000
      vertex -3.1614 6.7800 6.8000
    endloop
  endfacet
  facet normal 0 0 1
    outer loop
      vertex 6.0000 13.5000 6.8000
      vertex -3.1614 6.7800 6.8000
      vertex -3.5033 6.2544 6.8000
    endloop
  endfacet
  facet normal 0 0 -1
    outer loop
      vertex 6.0000 13.5000 3.3500
      vertex -3.5033 6.2544 3.3500
      vertex -3.1614 6.7800 3.3500
    endloop
  endfacet
  facet normal -0.9385728767130039 0.34508108481728783 0
    outer loop
      vertex -3.5033 6.2544 3.3500
      vertex -3.7197 5.6659 3.3500
      vertex -3.7197 5.6659 6.8000
    endloop
  endfacet
  facet normal -0.9385728767130039 0.34508108481728783 0
    outer loop
      vertex -3.5033 6.2544 3.3500
      vertex -3.7197 5.6659 6.8000
      vertex -3.5033 6.2544 6.8000
    endloop
  endfacet
  facet normal 0 0 1
    outer loop
      vertex 6.0000 13.5000 6.8000
      vertex -3.5033 6.2544 6.8000
      vertex -3.7197 5.6659 6.8000
    endloop
  endfacet
  facet normal 0 0 -1
    outer loop
      vertex 6.0000 13.5000 3.3500
      vertex -3.7197 5.6659 3.3500
      vertex -3.5033 6.2544 3.3500
    endloop
  endfacet
  facet normal -0.9918286604084982 0.12757706844211533 0
    outer loop
      vertex -3.7197 5.6659 3.3500
      vertex -3.7997 5.0440 3.3500
      vertex -3.7997 5.0440 6.8000
    endloop
  endfacet
  facet normal -0.9918286604084982 0.12757706844211533 0
    outer loop
      vertex -3.7197 5.6659 3.3500
      vertex -3.7997 5.0440 6.8000
      vertex -3.7197 5.6659 6.8000
    endloop
  endfacet
  facet normal 0 0 1
    outer loop
      vertex 6.0000 13.5000 6.8000
      vertex -3.7197 5.6659 6.8000
      vertex -3.7997 5.0440 6.8000
    endloop
  endfacet
  facet normal 0 0 -1
    outer loop
      vertex 6.0000 13.5000 3.3500
      vertex -3.7997 5.0440 3.3500
      vertex -3.7197 5.6659 3.3500
    endloop
  endfacet
  facet normal -0.9953500135553003 -0.09632419486019016 0
    outer loop
      vertex -3.7997 5.0440 3.3500
      vertex -3.7393 4.4199 3.3500
      vertex -3.7393 4.4199 6.8000
    endloop
  endfacet
  facet normal -0.9953500135553003 -0.09632419486019016 0
    outer loop
      vertex -3.7997 5.0440 3.3500
      vertex -3.7393 4.4199 6.8000
      vertex -3.7997 5.0440 6.8000
    endloop
  endfacet
  facet normal 0 0 1
    outer loop
      vertex 6.0000 13.5000 6.8000
      vertex -3.7997 5.0440 6.8000
      vertex -3.7393 4.4199 6.8000
    endloop
  endfacet
  facet normal 0 0 -1
    outer loop
      vertex 6.0000 13.5000 3.3500
      vertex -3.7393 4.4199 3.3500
      vertex -3.7997 5.0440 3.3500
    endloop
  endfacet
  facet normal -0.9489603608027389 -0.3153953608173961 0
    outer loop
      vertex -3.7393 4.4199 3.3500
      vertex -3.5415 3.8249 3.3500
      vertex -3.5415 3.8249 6.8000
    endloop
  endfacet
  facet normal -0.9489603608027389 -0.3153953608173961 0
    outer loop
      vertex -3.7393 4.4199 3.3500
      vertex -3.5415 3.8249 6.8000
      vertex -3.7393 4.4199 6.8000
    endloop
  endfacet
  facet normal 0 0 1
    outer loop
      vertex 6.0000 13.5000 6.8000
      vertex -3.7393 4.4199 6.8000
      vertex -3.5415 3.8249 6.8000
    endloop
  endfacet
  facet normal 0 0 -1
    outer loop
      vertex 6.0000 13.5000 3.3500
      vertex -3.5415 3.8249 3.3500
      vertex -3.7393 4.4199 3.3500
    endloop
  endfacet
  facet normal -0.8549858730461487 -0.5186512864068833 0
    outer loop
      vertex -3.5415 3.8249 3.3500
      vertex -3.2163 3.2889 3.3500
      vertex -3.2163 3.2889 6.8000
    endloop
  endfacet
  facet normal -0.8549858730461487 -0.5186512864068833 0
    outer loop
      vertex -3.5415 3.8249 3.3500
      vertex -3.2163 3.2889 6.8000
      vertex -3.5415 3.8249 6.8000
    endloop
  endfacet
  facet normal 0 0 1
    outer loop
      vertex 6.0000 13.5000 6.8000
      vertex -3.5415 3.8249 6.8000
      vertex -3.2163 3.2889 6.8000
    endloop
  endfacet
  facet normal 0 0 -1
    outer loop
      vertex 6.0000 13.5000 3.3500
      vertex -3.2163 3.2889 3.3500
      vertex -3.5415 3.8249 3.3500
    endloop
  endfacet
  facet normal -0.7181388235049313 -0.6958998707967643 0
    outer loop
      vertex -3.2163 3.2889 3.3500
      vertex -2.7800 2.8386 3.3500
      vertex -2.7800 2.8386 6.8000
    endloop
  endfacet
  facet normal -0.7181388235049313 -0.6958998707967643 0
    outer loop
      vertex -3.2163 3.2889 3.3500
      vertex -2.7800 2.8386 6.8000
      vertex -3.2163 3.2889 6.8000
    endloop
  endfacet
  facet normal 0 0 1
    outer loop
      vertex 6.0000 13.5000 6.8000
      vertex -3.2163 3.2889 6.8000
      vertex -2.7800 2.8386 6.8000
    endloop
  endfacet
  facet normal 0 0 -1
    outer loop
      vertex 6.0000 13.5000 3.3500
      vertex -2.7800 2.8386 3.3500
      vertex -3.2163 3.2889 3.3500
    endloop
  endfacet
  facet normal -0.5452812946666 -0.8382531298400958 0
    outer loop
      vertex -2.7800 2.8386 3.3500
      vertex -2.2544 2.4967 3.3500
      vertex -2.2544 2.4967 6.8000
    endloop
  endfacet
  facet normal -0.5452812946666 -0.8382531298400958 0
    outer loop
      vertex -2.7800 2.8386 3.3500
      vertex -2.2544 2.4967 6.8000
      vertex -2.7800 2.8386 6.8000
    endloop
  endfacet
  facet normal 0 0 1
    outer loop
      vertex 6.0000 13.5000 6.8000
      vertex -2.7800 2.8386 6.8000
      vertex -2.2544 2.4967 6.8000
    endloop
  endfacet
  facet normal 0 0 -1
    outer loop
      vertex 6.0000 13.5000 3.3500
      vertex -2.2544 2.4967 3.3500
      vertex -2.7800 2.8386 3.3500
    endloop
  endfacet
  facet normal -0.3450810848172881 -0.9385728767130039 0
    outer loop
      vertex -2.2544 2.4967 3.3500
      vertex -1.6659 2.2803 3.3500
      vertex -1.6659 2.2803 6.8000
    endloop
  endfacet
  facet normal -0.3450810848172881 -0.9385728767130039 0
    outer loop
      vertex -2.2544 2.4967 3.3500
      vertex -1.6659 2.2803 6.8000
      vertex -2.2544 2.4967 6.8000
    endloop
  endfacet
  facet normal 0 0 1
    outer loop
      vertex 6.0000 13.5000 6.8000
      vertex -2.2544 2.4967 6.8000
      vertex -1.6659 2.2803 6.8000
    endloop
  endfacet
  facet normal 0 0 -1
    outer loop
      vertex 6.0000 13.5000 3.3500
      vertex -1.6659 2.2803 3.3500
      vertex -2.2544 2.4967 3.3500
    endloop
  endfacet
  facet normal -0.12757706844211536 -0.9918286604084982 0
    outer loop
      vertex -1.6659 2.2803 3.3500
      vertex -1.0440 2.2003 3.3500
      vertex -1.0440 2.2003 6.8000
    endloop
  endfacet
  facet normal -0.12757706844211536 -0.9918286604084982 0
    outer loop
      vertex -1.6659 2.2803 3.3500
      vertex -1.0440 2.2003 6.8000
      vertex -1.6659 2.2803 6.8000
    endloop
  endfacet
  facet normal 0 0 1
    outer loop
      vertex 6.0000 13.5000 6.8000
      vertex -1.6659 2.2803 6.8000
      vertex -1.0440 2.2003 6.8000
    endloop
  endfacet
  facet normal 0 0 -1
    outer loop
      vertex 6.0000 13.5000 3.3500
      vertex -1.0440 2.2003 3.3500
      vertex -1.6659 2.2803 3.3500
    endloop
  endfacet
  facet normal 0.09632419486019005 -0.9953500135553001 0
    outer loop
      vertex -1.0440 2.2003 3.3500
      vertex -0.4199 2.2607 3.3500
      vertex -0.4199 2.2607 6.8000
    endloop
  endfacet
  facet normal 0.09632419486019005 -0.9953500135553001 0
    outer loop
      vertex -1.0440 2.2003 3.3500
      vertex -0.4199 2.2607 6.8000
      vertex -1.0440 2.2003 6.8000
    endloop
  endfacet
  facet normal 0 0 1
    outer loop
      vertex 6.0000 13.5000 6.8000
      vertex -1.0440 2.2003 6.8000
      vertex -0.4199 2.2607 6.8000
    endloop
  endfacet
  facet normal 0 0 -1
    outer loop
      vertex 6.0000 13.5000 3.3500
      vertex -0.4199 2.2607 3.3500
      vertex -1.0440 2.2003 3.3500
    endloop
  endfacet
  facet normal 0.315395360817396 -0.9489603608027389 0
    outer loop
      vertex -0.4199 2.2607 3.3500
      vertex 0.1751 2.4585 3.3500
      vertex 0.1751 2.4585 6.8000
    endloop
  endfacet
  facet normal 0.315395360817396 -0.9489603608027389 0
    outer loop
      vertex -0.4199 2.2607 3.3500
      vertex 0.1751 2.4585 6.8000
      vertex -0.4199 2.2607 6.8000
    endloop
  endfacet
  facet normal 0 0 1
    outer loop
      vertex 6.0000 13.5000 6.8000
      vertex -0.4199 2.2607 6.8000
      vertex 0.1751 2.4585 6.8000
    endloop
  endfacet
  facet normal 0 0 -1
    outer loop
      vertex 6.0000 13.5000 3.3500
      vertex 0.1751 2.4585 3.3500
      vertex -0.4199 2.2607 3.3500
    endloop
  endfacet
  facet normal 0.5186512864068834 -0.8549858730461486 0
    outer loop
      vertex 0.1751 2.4585 3.3500
      vertex 0.7111 2.7837 3.3500
      vertex 0.7111 2.7837 6.8000
    endloop
  endfacet
  facet normal 0.5186512864068834 -0.8549858730461486 0
    outer loop
      vertex 0.1751 2.4585 3.3500
      vertex 0.7111 2.7837 6.8000
      vertex 0.1751 2.4585 6.8000
    endloop
  endfacet
  facet normal 0 0 1
    outer loop
      vertex 6.0000 13.5000 6.8000
      vertex 0.1751 2.4585 6.8000
      vertex 0.7111 2.7837 6.8000
    endloop
  endfacet
  facet normal 0 0 -1
    outer loop
      vertex 6.0000 13.5000 3.3500
      vertex 0.7111 2.7837 3.3500
      vertex 0.1751 2.4585 3.3500
    endloop
  endfacet
  facet normal 0.6958998707967643 -0.7181388235049313 0
    outer loop
      vertex 0.7111 2.7837 3.3500
      vertex 1.1614 3.2200 3.3500
      vertex 1.1614 3.2200 6.8000
    endloop
  endfacet
  facet normal 0.6958998707967643 -0.7181388235049313 0
    outer loop
      vertex 0.7111 2.7837 3.3500
      vertex 1.1614 3.2200 6.8000
      vertex 0.7111 2.7837 6.8000
    endloop
  endfacet
  facet normal 0 0 1
    outer loop
      vertex 6.0000 13.5000 6.8000
      vertex 0.7111 2.7837 6.8000
      vertex 1.1614 3.2200 6.8000
    endloop
  endfacet
  facet normal 0 0 -1
    outer loop
      vertex 6.0000 13.5000 3.3500
      vertex 1.1614 3.2200 3.3500
      vertex 0.7111 2.7837 3.3500
    endloop
  endfacet
  facet normal 0.7719302356170497 -0.6357072528610996 0
    outer loop
      vertex 1.1614 3.2200 3.3500
      vertex 15.1614 20.2200 3.3500
      vertex 15.1614 20.2200 6.8000
    endloop
  endfacet
  facet normal 0.7719302356170497 -0.6357072528610996 0
    outer loop
      vertex 1.1614 3.2200 3.3500
      vertex 15.1614 20.2200 6.8000
      vertex 1.1614 3.2200 6.8000
    endloop
  endfacet
  facet normal 0 0 1
    outer loop
      vertex 6.0000 13.5000 6.8000
      vertex 1.1614 3.2200 6.8000
      vertex 15.1614 20.2200 6.8000
    endloop
  endfacet
  facet normal 0 0 -1
    outer loop
      vertex 6.0000 13.5000 3.3500
      vertex 15.1614 20.2200 3.3500
      vertex 1.1614 3.2200 3.3500
    endloop
  endfacet
  facet normal 0.544545682131424 -0.8387311846307028 0
    outer loop
      vertex 19.2522 -0.5044 3.3500
      vertex 19.7781 -0.1630 3.3500
      vertex 19.7781 -0.1630 6.8000
    endloop
  endfacet
  facet normal 0.544545682131424 -0.8387311846307028 0
    outer loop
      vertex 19.2522 -0.5044 3.3500
      vertex 19.7781 -0.1630 6.8000
      vertex 19.2522 -0.5044 6.8000
    endloop
  endfacet
  facet normal 0 0 1
    outer loop
      vertex 9.0000 -2.5000 6.8000
      vertex 19.2522 -0.5044 6.8000
      vertex 19.7781 -0.1630 6.8000
    endloop
  endfacet
  facet normal 0 0 -1
    outer loop
      vertex 9.0000 -2.5000 3.3500
      vertex 19.7781 -0.1630 3.3500
      vertex 19.2522 -0.5044 3.3500
    endloop
  endfacet
  facet normal 0.717528031510327 -0.696529628944035 0
    outer loop
      vertex 19.7781 -0.1630 3.3500
      vertex 20.2148 0.2869 3.3500
      vertex 20.2148 0.2869 6.8000
    endloop
  endfacet
  facet normal 0.717528031510327 -0.696529628944035 0
    outer loop
      vertex 19.7781 -0.1630 3.3500
      vertex 20.2148 0.2869 6.8000
      vertex 19.7781 -0.1630 6.8000
    endloop
  endfacet
  facet normal 0 0 1
    outer loop
      vertex 9.0000 -2.5000 6.8000
      vertex 19.7781 -0.1630 6.8000
      vertex 20.2148 0.2869 6.8000
    endloop
  endfacet
  facet normal 0 0 -1
    outer loop
      vertex 9.0000 -2.5000 3.3500
      vertex 20.2148 0.2869 3.3500
      vertex 19.7781 -0.1630 3.3500
    endloop
  endfacet
  facet normal 0.8545305292531684 -0.5194011692076751 0
    outer loop
      vertex 20.2148 0.2869 3.3500
      vertex 20.5405 0.8227 3.3500
      vertex 20.5405 0.8227 6.8000
    endloop
  endfacet
  facet normal 0.8545305292531684 -0.5194011692076751 0
    outer loop
      vertex 20.2148 0.2869 3.3500
      vertex 20.5405 0.8227 6.8000
      vertex 20.2148 0.2869 6.8000
    endloop
  endfacet
  facet normal 0 0 1
    outer loop
      vertex 9.0000 -2.5000 6.8000
      vertex 20.2148 0.2869 6.8000
      vertex 20.5405 0.8227 6.8000
    endloop
  endfacet
  facet normal 0 0 -1
    outer loop
      vertex 9.0000 -2.5000 3.3500
      vertex 20.5405 0.8227 3.3500
      vertex 20.2148 0.2869 3.3500
    endloop
  endfacet
  facet normal 0.9486832980505144 -0.3162277660168366 0
    outer loop
      vertex 20.5405 0.8227 3.3500
      vertex 20.7387 1.4175 3.3500
      vertex 20.7387 1.4175 6.8000
    endloop
  endfacet
  facet normal 0.9486832980505144 -0.3162277660168366 0
    outer loop
      vertex 20.5405 0.8227 3.3500
      vertex 20.7387 1.4175 6.8000
      vertex 20.5405 0.8227 6.8000
    endloop
  endfacet
  facet normal 0 0 1
    outer loop
      vertex 9.0000 -2.5000 6.8000
      vertex 20.5405 0.8227 6.8000
      vertex 20.7387 1.4175 6.8000
    endloop
  endfacet
  facet normal 0 0 -1
    outer loop
      vertex 9.0000 -2.5000 3.3500
      vertex 20.7387 1.4175 3.3500
      vertex 20.5405 0.8227 3.3500
    endloop
  endfacet
  facet normal 0.9952651249271399 -0.09719738218576113 0
    outer loop
      vertex 20.7387 1.4175 3.3500
      vertex 20.7997 2.0416 3.3500
      vertex 20.7997 2.0416 6.8000
    endloop
  endfacet
  facet normal 0.9952651249271399 -0.09719738218576113 0
    outer loop
      vertex 20.7387 1.4175 3.3500
      vertex 20.7997 2.0416 6.8000
      vertex 20.7387 1.4175 6.8000
    endloop
  endfacet
  facet normal 0 0 1
    outer loop
      vertex 9.0000 -2.5000 6.8000
      vertex 20.7387 1.4175 6.8000
      vertex 20.7997 2.0416 6.8000
    endloop
  endfacet
  facet normal 0 0 -1
    outer loop
      vertex 9.0000 -2.5000 3.3500
      vertex 20.7997 2.0416 3.3500
      vertex 20.7387 1.4175 3.3500
    endloop
  endfacet
  facet normal 0.9919402025746826 0.12670688424903226 0
    outer loop
      vertex 20.7997 2.0416 3.3500
      vertex 20.7202 2.6635 3.3500
      vertex 20.7202 2.6635 6.8000
    endloop
  endfacet
  facet normal 0.9919402025746826 0.12670688424903226 0
    outer loop
      vertex 20.7997 2.0416 3.3500
      vertex 20.7202 2.6635 6.8000
      vertex 20.7997 2.0416 6.8000
    endloop
  endfacet
  facet normal 0 0 1
    outer loop
      vertex 9.0000 -2.5000 6.8000
      vertex 20.7997 2.0416 6.8000
      vertex 20.7202 2.6635 6.8000
    endloop
  endfacet
  facet normal 0 0 -1
    outer loop
      vertex 9.0000 -2.5000 3.3500
      vertex 20.7202 2.6635 3.3500
      vertex 20.7997 2.0416 3.3500
    endloop
  endfacet
  facet normal 0.9388752564835607 0.34425753842570833 0
    outer loop
      vertex 20.7202 2.6635 3.3500
      vertex 20.5044 3.2522 3.3500
      vertex 20.5044 3.2522 6.8000
    endloop
  endfacet
  facet normal 0.9388752564835607 0.34425753842570833 0
    outer loop
      vertex 20.7202 2.6635 3.3500
      vertex 20.5044 3.2522 6.8000
      vertex 20.7202 2.6635 6.8000
    endloop
  endfacet
  facet normal 0 0 1
    outer loop
      vertex 9.0000 -2.5000 6.8000
      vertex 20.7202 2.6635 6.8000
      vertex 20.5044 3.2522 6.8000
    endloop
  endfacet
  facet normal 0 0 -1
    outer loop
      vertex 9.0000 -2.5000 3.3500
      vertex 20.5044 3.2522 3.3500
      vertex 20.7202 2.6635 3.3500
    endloop
  endfacet
  facet normal 0.8387311846307041 0.5445456821314222 0
    outer loop
      vertex 20.5044 3.2522 3.3500
      vertex 20.1630 3.7781 3.3500
      vertex 20.1630 3.7781 6.8000
    endloop
  endfacet
  facet normal 0.8387311846307041 0.5445456821314222 0
    outer loop
      vertex 20.5044 3.2522 3.3500
      vertex 20.1630 3.7781 6.8000
      vertex 20.5044 3.2522 6.8000
    endloop
  endfacet
  facet normal 0 0 1
    outer loop
      vertex 9.0000 -2.5000 6.8000
      vertex 20.5044 3.2522 6.8000
      vertex 20.1630 3.7781 6.8000
    endloop
  endfacet
  facet normal 0 0 -1
    outer loop
      vertex 9.0000 -2.5000 3.3500
      vertex 20.1630 3.7781 3.3500
      vertex 20.5044 3.2522 3.3500
    endloop
  endfacet
  facet normal 0.6965296289440345 0.7175280315103274 0
    outer loop
      vertex 20.1630 3.7781 3.3500
      vertex 19.7131 4.2148 3.3500
      vertex 19.7131 4.2148 6.8000
    endloop
  endfacet
  facet normal 0.6965296289440345 0.7175280315103274 0
    outer loop
      vertex 20.1630 3.7781 3.3500
      vertex 19.7131 4.2148 6.8000
      vertex 20.1630 3.7781 6.8000
    endloop
  endfacet
  facet normal 0 0 1
    outer loop
      vertex 9.0000 -2.5000 6.8000
      vertex 20.1630 3.7781 6.8000
      vertex 19.7131 4.2148 6.8000
    endloop
  endfacet
  facet normal 0 0 -1
    outer loop
      vertex 9.0000 -2.5000 3.3500
      vertex 19.7131 4.2148 3.3500
      vertex 20.1630 3.7781 3.3500
    endloop
  endfacet
  facet normal 0.5194011692076741 0.8545305292531691 0
    outer loop
      vertex 19.7131 4.2148 3.3500
      vertex 19.1773 4.5405 3.3500
      vertex 19.1773 4.5405 6.8000
    endloop
  endfacet
  facet normal 0.5194011692076741 0.8545305292531691 0
    outer loop
      vertex 19.7131 4.2148 3.3500
      vertex 19.1773 4.5405 6.8000
      vertex 19.7131 4.2148 6.8000
    endloop
  endfacet
  facet normal 0 0 1
    outer loop
      vertex 9.0000 -2.5000 6.8000
      vertex 19.7131 4.2148 6.8000
      vertex 19.1773 4.5405 6.8000
    endloop
  endfacet
  facet normal 0 0 -1
    outer loop
      vertex 9.0000 -2.5000 3.3500
      vertex 19.1773 4.5405 3.3500
      vertex 19.7131 4.2148 3.3500
    endloop
  endfacet
  facet normal 0.3162277660168392 0.9486832980505134 0
    outer loop
      vertex 19.1773 4.5405 3.3500
      vertex 18.5825 4.7387 3.3500
      vertex 18.5825 4.7387 6.8000
    endloop
  endfacet
  facet normal 0.3162277660168392 0.9486832980505134 0
    outer loop
      vertex 19.1773 4.5405 3.3500
      vertex 18.5825 4.7387 6.8000
      vertex 19.1773 4.5405 6.8000
    endloop
  endfacet
  facet normal 0 0 1
    outer loop
      vertex 9.0000 -2.5000 6.8000
      vertex 19.1773 4.5405 6.8000
      vertex 18.5825 4.7387 6.8000
    endloop
  endfacet
  facet normal 0 0 -1
    outer loop
      vertex 9.0000 -2.5000 3.3500
      vertex 18.5825 4.7387 3.3500
      vertex 19.1773 4.5405 3.3500
    endloop
  endfacet
  facet normal 0.0971973821857622 0.9952651249271397 0
    outer loop
      vertex 18.5825 4.7387 3.3500
      vertex 17.9584 4.7997 3.3500
      vertex 17.9584 4.7997 6.8000
    endloop
  endfacet
  facet normal 0.0971973821857622 0.9952651249271397 0
    outer loop
      vertex 18.5825 4.7387 3.3500
      vertex 17.9584 4.7997 6.8000
      vertex 18.5825 4.7387 6.8000
    endloop
  endfacet
  facet normal 0 0 1
    outer loop
      vertex 9.0000 -2.5000 6.8000
      vertex 18.5825 4.7387 6.8000
      vertex 17.9584 4.7997 6.8000
    endloop
  endfacet
  facet normal 0 0 -1
    outer loop
      vertex 9.0000 -2.5000 3.3500
      vertex 17.9584 4.7997 3.3500
      vertex 18.5825 4.7387 3.3500
    endloop
  endfacet
  facet normal -0.12670688424903398 0.9919402025746822 0
    outer loop
      vertex 17.9584 4.7997 3.3500
      vertex 17.3365 4.7202 3.3500
      vertex 17.3365 4.7202 6.8000
    endloop
  endfacet
  facet normal -0.12670688424903398 0.9919402025746822 0
    outer loop
      vertex 17.9584 4.7997 3.3500
      vertex 17.3365 4.7202 6.8000
      vertex 17.9584 4.7997 6.8000
    endloop
  endfacet
  facet normal 0 0 1
    outer loop
      vertex 9.0000 -2.5000 6.8000
      vertex 17.9584 4.7997 6.8000
      vertex 17.3365 4.7202 6.8000
    endloop
  endfacet
  facet normal 0 0 -1
    outer loop
      vertex 9.0000 -2.5000 3.3500
      vertex 17.3365 4.7202 3.3500
      vertex 17.9584 4.7997 3.3500
    endloop
  endfacet
  facet normal -0.344257538425707 0.9388752564835612 0
    outer loop
      vertex 17.3365 4.7202 3.3500
      vertex 16.7478 4.5044 3.3500
      vertex 16.7478 4.5044 6.8000
    endloop
  endfacet
  facet normal -0.344257538425707 0.9388752564835612 0
    outer loop
      vertex 17.3365 4.7202 3.3500
      vertex 16.7478 4.5044 6.8000
      vertex 17.3365 4.7202 6.8000
    endloop
  endfacet
  facet normal 0 0 1
    outer loop
      vertex 9.0000 -2.5000 6.8000
      vertex 17.3365 4.7202 6.8000
      vertex 16.7478 4.5044 6.8000
    endloop
  endfacet
  facet normal 0 0 -1
    outer loop
      vertex 9.0000 -2.5000 3.3500
      vertex 16.7478 4.5044 3.3500
      vertex 17.3365 4.7202 3.3500
    endloop
  endfacet
  facet normal -0.44721359549995787 0.8944271909999157 0
    outer loop
      vertex 16.7478 4.5044 3.3500
      vertex -1.2522 -4.4956 3.3500
      vertex -1.2522 -4.4956 6.8000
    endloop
  endfacet
  facet normal -0.44721359549995787 0.8944271909999157 0
    outer loop
      vertex 16.7478 4.5044 3.3500
      vertex -1.2522 -4.4956 6.8000
      vertex 16.7478 4.5044 6.8000
    endloop
  endfacet
  facet normal 0 0 1
    outer loop
      vertex 9.0000 -2.5000 6.8000
      vertex 16.7478 4.5044 6.8000
      vertex -1.2522 -4.4956 6.8000
    endloop
  endfacet
  facet normal 0 0 -1
    outer loop
      vertex 9.0000 -2.5000 3.3500
      vertex -1.2522 -4.4956 3.3500
      vertex 16.7478 4.5044 3.3500
    endloop
  endfacet
  facet normal -0.5445456821314242 0.8387311846307026 0
    outer loop
      vertex -1.2522 -4.4956 3.3500
      vertex -1.7781 -4.8370 3.3500
      vertex -1.7781 -4.8370 6.8000
    endloop
  endfacet
  facet normal -0.5445456821314242 0.8387311846307026 0
    outer loop
      vertex -1.2522 -4.4956 3.3500
      vertex -1.7781 -4.8370 6.8000
      vertex -1.2522 -4.4956 6.8000
    endloop
  endfacet
  facet normal 0 0 1
    outer loop
      vertex 9.0000 -2.5000 6.8000
      vertex -1.2522 -4.4956 6.8000
      vertex -1.7781 -4.8370 6.8000
    endloop
  endfacet
  facet normal 0 0 -1
    outer loop
      vertex 9.0000 -2.5000 3.3500
      vertex -1.7781 -4.8370 3.3500
      vertex -1.2522 -4.4956 3.3500
    endloop
  endfacet
  facet normal -0.7175280315103268 0.6965296289440353 0
    outer loop
      vertex -1.7781 -4.8370 3.3500
      vertex -2.2148 -5.2869 3.3500
      vertex -2.2148 -5.2869 6.8000
    endloop
  endfacet
  facet normal -0.7175280315103268 0.6965296289440353 0
    outer loop
      vertex -1.7781 -4.8370 3.3500
      vertex -2.2148 -5.2869 6.8000
      vertex -1.7781 -4.8370 6.8000
    endloop
  endfacet
  facet normal 0 0 1
    outer loop
      vertex 9.0000 -2.5000 6.8000
      vertex -1.7781 -4.8370 6.8000
      vertex -2.2148 -5.2869 6.8000
    endloop
  endfacet
  facet normal 0 0 -1
    outer loop
      vertex 9.0000 -2.5000 3.3500
      vertex -2.2148 -5.2869 3.3500
      vertex -1.7781 -4.8370 3.3500
    endloop
  endfacet
  facet normal -0.8545305292531686 0.5194011692076748 0
    outer loop
      vertex -2.2148 -5.2869 3.3500
      vertex -2.5405 -5.8227 3.3500
      vertex -2.5405 -5.8227 6.8000
    endloop
  endfacet
  facet normal -0.8545305292531686 0.5194011692076748 0
    outer loop
      vertex -2.2148 -5.2869 3.3500
      vertex -2.5405 -5.8227 6.8000
      vertex -2.2148 -5.2869 6.8000
    endloop
  endfacet
  facet normal 0 0 1
    outer loop
      vertex 9.0000 -2.5000 6.8000
      vertex -2.2148 -5.2869 6.8000
      vertex -2.5405 -5.8227 6.8000
    endloop
  endfacet
  facet normal 0 0 -1
    outer loop
      vertex 9.0000 -2.5000 3.3500
      vertex -2.5405 -5.8227 3.3500
      vertex -2.2148 -5.2869 3.3500
    endloop
  endfacet
  facet normal -0.9486832980505137 0.31622776601683855 0
    outer loop
      vertex -2.5405 -5.8227 3.3500
      vertex -2.7387 -6.4175 3.3500
      vertex -2.7387 -6.4175 6.8000
    endloop
  endfacet
  facet normal -0.9486832980505137 0.31622776601683855 0
    outer loop
      vertex -2.5405 -5.8227 3.3500
      vertex -2.7387 -6.4175 6.8000
      vertex -2.5405 -5.8227 6.8000
    endloop
  endfacet
  facet normal 0 0 1
    outer loop
      vertex 9.0000 -2.5000 6.8000
      vertex -2.5405 -5.8227 6.8000
      vertex -2.7387 -6.4175 6.8000
    endloop
  endfacet
  facet normal 0 0 -1
    outer loop
      vertex 9.0000 -2.5000 3.3500
      vertex -2.7387 -6.4175 3.3500
      vertex -2.5405 -5.8227 3.3500
    endloop
  endfacet
  facet normal -0.9952651249271399 0.09719738218576107 0
    outer loop
      vertex -2.7387 -6.4175 3.3500
      vertex -2.7997 -7.0416 3.3500
      vertex -2.7997 -7.0416 6.8000
    endloop
  endfacet
  facet normal -0.9952651249271399 0.09719738218576107 0
    outer loop
      vertex -2.7387 -6.4175 3.3500
      vertex -2.7997 -7.0416 6.8000
      vertex -2.7387 -6.4175 6.8000
    endloop
  endfacet
  facet normal 0 0 1
    outer loop
      vertex 9.0000 -2.5000 6.8000
      vertex -2.7387 -6.4175 6.8000
      vertex -2.7997 -7.0416 6.8000
    endloop
  endfacet
  facet normal 0 0 -1
    outer loop
      vertex 9.0000 -2.5000 3.3500
      vertex -2.7997 -7.0416 3.3500
      vertex -2.7387 -6.4175 3.3500
    endloop
  endfacet
  facet normal -0.9919402025746826 -0.12670688424903243 0
    outer loop
      vertex -2.7997 -7.0416 3.3500
      vertex -2.7202 -7.6635 3.3500
      vertex -2.7202 -7.6635 6.8000
    endloop
  endfacet
  facet normal -0.9919402025746826 -0.12670688424903243 0
    outer loop
      vertex -2.7997 -7.0416 3.3500
      vertex -2.7202 -7.6635 6.8000
      vertex -2.7997 -7.0416 6.8000
    endloop
  endfacet
  facet normal 0 0 1
    outer loop
      vertex 9.0000 -2.5000 6.8000
      vertex -2.7997 -7.0416 6.8000
      vertex -2.7202 -7.6635 6.8000
    endloop
  endfacet
  facet normal 0 0 -1
    outer loop
      vertex 9.0000 -2.5000 3.3500
      vertex -2.7202 -7.6635 3.3500
      vertex -2.7997 -7.0416 3.3500
    endloop
  endfacet
  facet normal -0.9388752564835612 -0.344257538425707 0
    outer loop
      vertex -2.7202 -7.6635 3.3500
      vertex -2.5044 -8.2522 3.3500
      vertex -2.5044 -8.2522 6.8000
    endloop
  endfacet
  facet normal -0.9388752564835612 -0.344257538425707 0
    outer loop
      vertex -2.7202 -7.6635 3.3500
      vertex -2.5044 -8.2522 6.8000
      vertex -2.7202 -7.6635 6.8000
    endloop
  endfacet
  facet normal 0 0 1
    outer loop
      vertex 9.0000 -2.5000 6.8000
      vertex -2.7202 -7.6635 6.8000
      vertex -2.5044 -8.2522 6.8000
    endloop
  endfacet
  facet normal 0 0 -1
    outer loop
      vertex 9.0000 -2.5000 3.3500
      vertex -2.5044 -8.2522 3.3500
      vertex -2.7202 -7.6635 3.3500
    endloop
  endfacet
  facet normal -0.8387311846307028 -0.544545682131424 0
    outer loop
      vertex -2.5044 -8.2522 3.3500
      vertex -2.1630 -8.7781 3.3500
      vertex -2.1630 -8.7781 6.8000
    endloop
  endfacet
  facet normal -0.8387311846307028 -0.544545682131424 0
    outer loop
      vertex -2.5044 -8.2522 3.3500
      vertex -2.1630 -8.7781 6.8000
      vertex -2.5044 -8.2522 6.8000
    endloop
  endfacet
  facet normal 0 0 1
    outer loop
      vertex 9.0000 -2.5000 6.8000
      vertex -2.5044 -8.2522 6.8000
      vertex -2.1630 -8.7781 6.8000
    endloop
  endfacet
  facet normal 0 0 -1
    outer loop
      vertex 9.0000 -2.5000 3.3500
      vertex -2.1630 -8.7781 3.3500
      vertex -2.5044 -8.2522 3.3500
    endloop
  endfacet
  facet normal -0.6965296289440353 -0.7175280315103268 0
    outer loop
      vertex -2.1630 -8.7781 3.3500
      vertex -1.7131 -9.2148 3.3500
      vertex -1.7131 -9.2148 6.8000
    endloop
  endfacet
  facet normal -0.6965296289440353 -0.7175280315103268 0
    outer loop
      vertex -2.1630 -8.7781 3.3500
      vertex -1.7131 -9.2148 6.8000
      vertex -2.1630 -8.7781 6.8000
    endloop
  endfacet
  facet normal 0 0 1
    outer loop
      vertex 9.0000 -2.5000 6.8000
      vertex -2.1630 -8.7781 6.8000
      vertex -1.7131 -9.2148 6.8000
    endloop
  endfacet
  facet normal 0 0 -1
    outer loop
      vertex 9.0000 -2.5000 3.3500
      vertex -1.7131 -9.2148 3.3500
      vertex -2.1630 -8.7781 3.3500
    endloop
  endfacet
  facet normal -0.5194011692076749 -0.8545305292531685 0
    outer loop
      vertex -1.7131 -9.2148 3.3500
      vertex -1.1773 -9.5405 3.3500
      vertex -1.1773 -9.5405 6.8000
    endloop
  endfacet
  facet normal -0.5194011692076749 -0.8545305292531685 0
    outer loop
      vertex -1.7131 -9.2148 3.3500
      vertex -1.1773 -9.5405 6.8000
      vertex -1.7131 -9.2148 6.8000
    endloop
  endfacet
  facet normal 0 0 1
    outer loop
      vertex 9.0000 -2.5000 6.8000
      vertex -1.7131 -9.2148 6.8000
      vertex -1.1773 -9.5405 6.8000
    endloop
  endfacet
  facet normal 0 0 -1
    outer loop
      vertex 9.0000 -2.5000 3.3500
      vertex -1.1773 -9.5405 3.3500
      vertex -1.7131 -9.2148 3.3500
    endloop
  endfacet
  facet normal -0.3162277660168377 -0.948683298050514 0
    outer loop
      vertex -1.1773 -9.5405 3.3500
      vertex -0.5825 -9.7387 3.3500
      vertex -0.5825 -9.7387 6.8000
    endloop
  endfacet
  facet normal -0.3162277660168377 -0.948683298050514 0
    outer loop
      vertex -1.1773 -9.5405 3.3500
      vertex -0.5825 -9.7387 6.8000
      vertex -1.1773 -9.5405 6.8000
    endloop
  endfacet
  facet normal 0 0 1
    outer loop
      vertex 9.0000 -2.5000 6.8000
      vertex -1.1773 -9.5405 6.8000
      vertex -0.5825 -9.7387 6.8000
    endloop
  endfacet
  facet normal 0 0 -1
    outer loop
      vertex 9.0000 -2.5000 3.3500
      vertex -0.5825 -9.7387 3.3500
      vertex -1.1773 -9.5405 3.3500
    endloop
  endfacet
  facet normal -0.0971973821857636 -0.9952651249271397 0
    outer loop
      vertex -0.5825 -9.7387 3.3500
      vertex 0.0416 -9.7997 3.3500
      vertex 0.0416 -9.7997 6.8000
    endloop
  endfacet
  facet normal -0.0971973821857636 -0.9952651249271397 0
    outer loop
      vertex -0.5825 -9.7387 3.3500
      vertex 0.0416 -9.7997 6.8000
      vertex -0.5825 -9.7387 6.8000
    endloop
  endfacet
  facet normal 0 0 1
    outer loop
      vertex 9.0000 -2.5000 6.8000
      vertex -0.5825 -9.7387 6.8000
      vertex 0.0416 -9.7997 6.8000
    endloop
  endfacet
  facet normal 0 0 -1
    outer loop
      vertex 9.0000 -2.5000 3.3500
      vertex 0.0416 -9.7997 3.3500
      vertex -0.5825 -9.7387 3.3500
    endloop
  endfacet
  facet normal 0.12670688424903456 -0.9919402025746823 0
    outer loop
      vertex 0.0416 -9.7997 3.3500
      vertex 0.6635 -9.7202 3.3500
      vertex 0.6635 -9.7202 6.8000
    endloop
  endfacet
  facet normal 0.12670688424903456 -0.9919402025746823 0
    outer loop
      vertex 0.0416 -9.7997 3.3500
      vertex 0.6635 -9.7202 6.8000
      vertex 0.0416 -9.7997 6.8000
    endloop
  endfacet
  facet normal 0 0 1
    outer loop
      vertex 9.0000 -2.5000 6.8000
      vertex 0.0416 -9.7997 6.8000
      vertex 0.6635 -9.7202 6.8000
    endloop
  endfacet
  facet normal 0 0 -1
    outer loop
      vertex 9.0000 -2.5000 3.3500
      vertex 0.6635 -9.7202 3.3500
      vertex 0.0416 -9.7997 3.3500
    endloop
  endfacet
  facet normal 0.3442575384257068 -0.9388752564835614 0
    outer loop
      vertex 0.6635 -9.7202 3.3500
      vertex 1.2522 -9.5044 3.3500
      vertex 1.2522 -9.5044 6.8000
    endloop
  endfacet
  facet normal 0.3442575384257068 -0.9388752564835614 0
    outer loop
      vertex 0.6635 -9.7202 3.3500
      vertex 1.2522 -9.5044 6.8000
      vertex 0.6635 -9.7202 6.8000
    endloop
  endfacet
  facet normal 0 0 1
    outer loop
      vertex 9.0000 -2.5000 6.8000
      vertex 0.6635 -9.7202 6.8000
      vertex 1.2522 -9.5044 6.8000
    endloop
  endfacet
  facet normal 0 0 -1
    outer loop
      vertex 9.0000 -2.5000 3.3500
      vertex 1.2522 -9.5044 3.3500
      vertex 0.6635 -9.7202 3.3500
    endloop
  endfacet
  facet normal 0.44721359549995787 -0.8944271909999157 0
    outer loop
      vertex 1.2522 -9.5044 3.3500
      vertex 19.2522 -0.5044 3.3500
      vertex 19.2522 -0.5044 6.8000
    endloop
  endfacet
  facet normal 0.44721359549995787 -0.8944271909999157 0
    outer loop
      vertex 1.2522 -9.5044 3.3500
      vertex 19.2522 -0.5044 6.8000
      vertex 1.2522 -9.5044 6.8000
    endloop
  endfacet
  facet normal 0 0 1
    outer loop
      vertex 9.0000 -2.5000 6.8000
      vertex 1.2522 -9.5044 6.8000
      vertex 19.2522 -0.5044 6.8000
    endloop
  endfacet
  facet normal 0 0 -1
    outer loop
      vertex 9.0000 -2.5000 3.3500
      vertex 19.2522 -0.5044 3.3500
      vertex 1.2522 -9.5044 3.3500
    endloop
  endfacet
  facet normal 0.3205029709621868 -0.9472475102128332 0
    outer loop
      vertex 23.5736 -7.6384 3.3500
      vertex 24.1463 -7.4446 3.3500
      vertex 24.1463 -7.4446 6.8000
    endloop
  endfacet
  facet normal 0.3205029709621868 -0.9472475102128332 0
    outer loop
      vertex 23.5736 -7.6384 3.3500
      vertex 24.1463 -7.4446 6.8000
      vertex 23.5736 -7.6384 6.8000
    endloop
  endfacet
  facet normal 0 0 1
    outer loop
      vertex 11.5000 -7.5000 6.8000
      vertex 23.5736 -7.6384 6.8000
      vertex 24.1463 -7.4446 6.8000
    endloop
  endfacet
  facet normal 0 0 -1
    outer loop
      vertex 11.5000 -7.5000 3.3500
      vertex 24.1463 -7.4446 3.3500
      vertex 23.5736 -7.6384 3.3500
    endloop
  endfacet
  facet normal 0.5232496929885916 -0.8521794170169474 0
    outer loop
      vertex 24.1463 -7.4446 3.3500
      vertex 24.6615 -7.1282 3.3500
      vertex 24.6615 -7.1282 6.8000
    endloop
  endfacet
  facet normal 0.5232496929885916 -0.8521794170169474 0
    outer loop
      vertex 24.1463 -7.4446 3.3500
      vertex 24.6615 -7.1282 6.8000
      vertex 24.1463 -7.4446 6.8000
    endloop
  endfacet
  facet normal 0 0 1
    outer loop
      vertex 11.5000 -7.5000 6.8000
      vertex 24.1463 -7.4446 6.8000
      vertex 24.6615 -7.1282 6.8000
    endloop
  endfacet
  facet normal 0 0 -1
    outer loop
      vertex 11.5000 -7.5000 3.3500
      vertex 24.6615 -7.1282 3.3500
      vertex 24.1463 -7.4446 3.3500
    endloop
  endfacet
  facet normal 0.6997584905081062 -0.7143794894604804 0
    outer loop
      vertex 24.6615 -7.1282 3.3500
      vertex 25.0934 -6.7052 3.3500
      vertex 25.0934 -6.7052 6.8000
    endloop
  endfacet
  facet normal 0.6997584905081062 -0.7143794894604804 0
    outer loop
      vertex 24.6615 -7.1282 3.3500
      vertex 25.0934 -6.7052 6.8000
      vertex 24.6615 -7.1282 6.8000
    endloop
  endfacet
  facet normal 0 0 1
    outer loop
      vertex 11.5000 -7.5000 6.8000
      vertex 24.6615 -7.1282 6.8000
      vertex 25.0934 -6.7052 6.8000
    endloop
  endfacet
  facet normal 0 0 -1
    outer loop
      vertex 11.5000 -7.5000 3.3500
      vertex 25.0934 -6.7052 3.3500
      vertex 24.6615 -7.1282 3.3500
    endloop
  endfacet
  facet normal 0.8411784753765531 -0.5407575913134993 0
    outer loop
      vertex 25.0934 -6.7052 3.3500
      vertex 25.4204 -6.1966 3.3500
      vertex 25.4204 -6.1966 6.8000
    endloop
  endfacet
  facet normal 0.8411784753765531 -0.5407575913134993 0
    outer loop
      vertex 25.0934 -6.7052 3.3500
      vertex 25.4204 -6.1966 6.8000
      vertex 25.0934 -6.7052 6.8000
    endloop
  endfacet
  facet normal 0 0 1
    outer loop
      vertex 11.5000 -7.5000 6.8000
      vertex 25.0934 -6.7052 6.8000
      vertex 25.4204 -6.1966 6.8000
    endloop
  endfacet
  facet normal 0 0 -1
    outer loop
      vertex 11.5000 -7.5000 3.3500
      vertex 25.4204 -6.1966 3.3500
      vertex 25.0934 -6.7052 3.3500
    endloop
  endfacet
  facet normal 0.9404182590342006 -0.3400198495309986 0
    outer loop
      vertex 25.4204 -6.1966 3.3500
      vertex 25.6260 -5.6280 3.3500
      vertex 25.6260 -5.6280 6.8000
    endloop
  endfacet
  facet normal 0.9404182590342006 -0.3400198495309986 0
    outer loop
      vertex 25.4204 -6.1966 3.3500
      vertex 25.6260 -5.6280 6.8000
      vertex 25.4204 -6.1966 6.8000
    endloop
  endfacet
  facet normal 0 0 1
    outer loop
      vertex 11.5000 -7.5000 6.8000
      vertex 25.4204 -6.1966 6.8000
      vertex 25.6260 -5.6280 6.8000
    endloop
  endfacet
  facet normal 0 0 -1
    outer loop
      vertex 11.5000 -7.5000 3.3500
      vertex 25.6260 -5.6280 3.3500
      vertex 25.4204 -6.1966 3.3500
    endloop
  endfacet
  facet normal 0.9925015443392015 -0.12223209269377734 0
    outer loop
      vertex 25.6260 -5.6280 3.3500
      vertex 25.6999 -5.0279 3.3500
      vertex 25.6999 -5.0279 6.8000
    endloop
  endfacet
  facet normal 0.9925015443392015 -0.12223209269377734 0
    outer loop
      vertex 25.6260 -5.6280 3.3500
      vertex 25.6999 -5.0279 6.8000
      vertex 25.6260 -5.6280 6.8000
    endloop
  endfacet
  facet normal 0 0 1
    outer loop
      vertex 11.5000 -7.5000 6.8000
      vertex 25.6260 -5.6280 6.8000
      vertex 25.6999 -5.0279 6.8000
    endloop
  endfacet
  facet normal 0 0 -1
    outer loop
      vertex 11.5000 -7.5000 3.3500
      vertex 25.6999 -5.0279 3.3500
      vertex 25.6260 -5.6280 3.3500
    endloop
  endfacet
  facet normal 0.9948166578855075 0.10168489166788243 0
    outer loop
      vertex 25.6999 -5.0279 3.3500
      vertex 25.6384 -4.4264 3.3500
      vertex 25.6384 -4.4264 6.8000
    endloop
  endfacet
  facet normal 0.9948166578855075 0.10168489166788243 0
    outer loop
      vertex 25.6999 -5.0279 3.3500
      vertex 25.6384 -4.4264 6.8000
      vertex 25.6999 -5.0279 6.8000
    endloop
  endfacet
  facet normal 0 0 1
    outer loop
      vertex 11.5000 -7.5000 6.8000
      vertex 25.6999 -5.0279 6.8000
      vertex 25.6384 -4.4264 6.8000
    endloop
  endfacet
  facet normal 0 0 -1
    outer loop
      vertex 11.5000 -7.5000 3.3500
      vertex 25.6384 -4.4264 3.3500
      vertex 25.6999 -5.0279 3.3500
    endloop
  endfacet
  facet normal 0.9472475102128313 0.3205029709621933 0
    outer loop
      vertex 25.6384 -4.4264 3.3500
      vertex 25.4446 -3.8537 3.3500
      vertex 25.4446 -3.8537 6.8000
    endloop
  endfacet
  facet normal 0.9472475102128313 0.3205029709621933 0
    outer loop
      vertex 25.6384 -4.4264 3.3500
      vertex 25.4446 -3.8537 6.8000
      vertex 25.6384 -4.4264 6.8000
    endloop
  endfacet
  facet normal 0 0 1
    outer loop
      vertex 11.5000 -7.5000 6.8000
      vertex 25.6384 -4.4264 6.8000
      vertex 25.4446 -3.8537 6.8000
    endloop
  endfacet
  facet normal 0 0 -1
    outer loop
      vertex 11.5000 -7.5000 3.3500
      vertex 25.4446 -3.8537 3.3500
      vertex 25.6384 -4.4264 3.3500
    endloop
  endfacet
  facet normal 0.8521794170169503 0.5232496929885871 0
    outer loop
      vertex 25.4446 -3.8537 3.3500
      vertex 25.1282 -3.3385 3.3500
      vertex 25.1282 -3.3385 6.8000
    endloop
  endfacet
  facet normal 0.8521794170169503 0.5232496929885871 0
    outer loop
      vertex 25.4446 -3.8537 3.3500
      vertex 25.1282 -3.3385 6.8000
      vertex 25.4446 -3.8537 6.8000
    endloop
  endfacet
  facet normal 0 0 1
    outer loop
      vertex 11.5000 -7.5000 6.8000
      vertex 25.4446 -3.8537 6.8000
      vertex 25.1282 -3.3385 6.8000
    endloop
  endfacet
  facet normal 0 0 -1
    outer loop
      vertex 11.5000 -7.5000 3.3500
      vertex 25.1282 -3.3385 3.3500
      vertex 25.4446 -3.8537 3.3500
    endloop
  endfacet
  facet normal 0.7143794894604796 0.699758490508107 0
    outer loop
      vertex 25.1282 -3.3385 3.3500
      vertex 24.7052 -2.9066 3.3500
      vertex 24.7052 -2.9066 6.8000
    endloop
  endfacet
  facet normal 0.7143794894604796 0.699758490508107 0
    outer loop
      vertex 25.1282 -3.3385 3.3500
      vertex 24.7052 -2.9066 6.8000
      vertex 25.1282 -3.3385 6.8000
    endloop
  endfacet
  facet normal 0 0 1
    outer loop
      vertex 11.5000 -7.5000 6.8000
      vertex 25.1282 -3.3385 6.8000
      vertex 24.7052 -2.9066 6.8000
    endloop
  endfacet
  facet normal 0 0 -1
    outer loop
      vertex 11.5000 -7.5000 3.3500
      vertex 24.7052 -2.9066 3.3500
      vertex 25.1282 -3.3385 3.3500
    endloop
  endfacet
  facet normal 0.5407575913134977 0.8411784753765542 0
    outer loop
      vertex 24.7052 -2.9066 3.3500
      vertex 24.1966 -2.5796 3.3500
      vertex 24.1966 -2.5796 6.8000
    endloop
  endfacet
  facet normal 0.5407575913134977 0.8411784753765542 0
    outer loop
      vertex 24.7052 -2.9066 3.3500
      vertex 24.1966 -2.5796 6.8000
      vertex 24.7052 -2.9066 6.8000
    endloop
  endfacet
  facet normal 0 0 1
    outer loop
      vertex 11.5000 -7.5000 6.8000
      vertex 24.7052 -2.9066 6.8000
      vertex 24.1966 -2.5796 6.8000
    endloop
  endfacet
  facet normal 0 0 -1
    outer loop
      vertex 11.5000 -7.5000 3.3500
      vertex 24.1966 -2.5796 3.3500
      vertex 24.7052 -2.9066 3.3500
    endloop
  endfacet
  facet normal 0.34001984953100256 0.9404182590341992 0
    outer loop
      vertex 24.1966 -2.5796 3.3500
      vertex 23.6280 -2.3740 3.3500
      vertex 23.6280 -2.3740 6.8000
    endloop
  endfacet
  facet normal 0.34001984953100256 0.9404182590341992 0
    outer loop
      vertex 24.1966 -2.5796 3.3500
      vertex 23.6280 -2.3740 6.8000
      vertex 24.1966 -2.5796 6.8000
    endloop
  endfacet
  facet normal 0 0 1
    outer loop
      vertex 11.5000 -7.5000 6.8000
      vertex 24.1966 -2.5796 6.8000
      vertex 23.6280 -2.3740 6.8000
    endloop
  endfacet
  facet normal 0 0 -1
    outer loop
      vertex 11.5000 -7.5000 3.3500
      vertex 23.6280 -2.3740 3.3500
      vertex 24.1966 -2.5796 3.3500
    endloop
  endfacet
  facet normal 0.12223209269377608 0.9925015443392017 0
    outer loop
      vertex 23.6280 -2.3740 3.3500
      vertex 23.0279 -2.3001 3.3500
      vertex 23.0279 -2.3001 6.8000
    endloop
  endfacet
  facet normal 0.12223209269377608 0.9925015443392017 0
    outer loop
      vertex 23.6280 -2.3740 3.3500
      vertex 23.0279 -2.3001 6.8000
      vertex 23.6280 -2.3740 6.8000
    endloop
  endfacet
  facet normal 0 0 1
    outer loop
      vertex 11.5000 -7.5000 6.8000
      vertex 23.6280 -2.3740 6.8000
      vertex 23.0279 -2.3001 6.8000
    endloop
  endfacet
  facet normal 0 0 -1
    outer loop
      vertex 11.5000 -7.5000 3.3500
      vertex 23.0279 -2.3001 3.3500
      vertex 23.6280 -2.3740 3.3500
    endloop
  endfacet
  facet normal -0.10168489166788591 0.9948166578855071 0
    outer loop
      vertex 23.0279 -2.3001 3.3500
      vertex 22.4264 -2.3616 3.3500
      vertex 22.4264 -2.3616 6.8000
    endloop
  endfacet
  facet normal -0.10168489166788591 0.9948166578855071 0
    outer loop
      vertex 23.0279 -2.3001 3.3500
      vertex 22.4264 -2.3616 6.8000
      vertex 23.0279 -2.3001 6.8000
    endloop
  endfacet
  facet normal 0 0 1
    outer loop
      vertex 11.5000 -7.5000 6.8000
      vertex 23.0279 -2.3001 6.8000
      vertex 22.4264 -2.3616 6.8000
    endloop
  endfacet
  facet normal 0 0 -1
    outer loop
      vertex 11.5000 -7.5000 3.3500
      vertex 22.4264 -2.3616 3.3500
      vertex 23.0279 -2.3001 3.3500
    endloop
  endfacet
  facet normal -0.21242964433104372 0.977176363922801 0
    outer loop
      vertex 22.4264 -2.3616 3.3500
      vertex -0.5736 -7.3616 3.3500
      vertex -0.5736 -7.3616 6.8000
    endloop
  endfacet
  facet normal -0.21242964433104372 0.977176363922801 0
    outer loop
      vertex 22.4264 -2.3616 3.3500
      vertex -0.5736 -7.3616 6.8000
      vertex 22.4264 -2.3616 6.8000
    endloop
  endfacet
  facet normal 0 0 1
    outer loop
      vertex 11.5000 -7.5000 6.8000
      vertex 22.4264 -2.3616 6.8000
      vertex -0.5736 -7.3616 6.8000
    endloop
  endfacet
  facet normal 0 0 -1
    outer loop
      vertex 11.5000 -7.5000 3.3500
      vertex -0.5736 -7.3616 3.3500
      vertex 22.4264 -2.3616 3.3500
    endloop
  endfacet
  facet normal -0.3205029709621881 0.9472475102128327 0
    outer loop
      vertex -0.5736 -7.3616 3.3500
      vertex -1.1463 -7.5554 3.3500
      vertex -1.1463 -7.5554 6.8000
    endloop
  endfacet
  facet normal -0.3205029709621881 0.9472475102128327 0
    outer loop
      vertex -0.5736 -7.3616 3.3500
      vertex -1.1463 -7.5554 6.8000
      vertex -0.5736 -7.3616 6.8000
    endloop
  endfacet
  facet normal 0 0 1
    outer loop
      vertex 11.5000 -7.5000 6.8000
      vertex -0.5736 -7.3616 6.8000
      vertex -1.1463 -7.5554 6.8000
    endloop
  endfacet
  facet normal 0 0 -1
    outer loop
      vertex 11.5000 -7.5000 3.3500
      vertex -1.1463 -7.5554 3.3500
      vertex -0.5736 -7.3616 3.3500
    endloop
  endfacet
  facet normal -0.5232496929885915 0.8521794170169475 0
    outer loop
      vertex -1.1463 -7.5554 3.3500
      vertex -1.6615 -7.8718 3.3500
      vertex -1.6615 -7.8718 6.8000
    endloop
  endfacet
  facet normal -0.5232496929885915 0.8521794170169475 0
    outer loop
      vertex -1.1463 -7.5554 3.3500
      vertex -1.6615 -7.8718 6.8000
      vertex -1.1463 -7.5554 6.8000
    endloop
  endfacet
  facet normal 0 0 1
    outer loop
      vertex 11.5000 -7.5000 6.8000
      vertex -1.1463 -7.5554 6.8000
      vertex -1.6615 -7.8718 6.8000
    endloop
  endfacet
  facet normal 0 0 -1
    outer loop
      vertex 11.5000 -7.5000 3.3500
      vertex -1.6615 -7.8718 3.3500
      vertex -1.1463 -7.5554 3.3500
    endloop
  endfacet
  facet normal -0.6997584905081056 0.7143794894604811 0
    outer loop
      vertex -1.6615 -7.8718 3.3500
      vertex -2.0934 -8.2948 3.3500
      vertex -2.0934 -8.2948 6.8000
    endloop
  endfacet
  facet normal -0.6997584905081056 0.7143794894604811 0
    outer loop
      vertex -1.6615 -7.8718 3.3500
      vertex -2.0934 -8.2948 6.8000
      vertex -1.6615 -7.8718 6.8000
    endloop
  endfacet
  facet normal 0 0 1
    outer loop
      vertex 11.5000 -7.5000 6.8000
      vertex -1.6615 -7.8718 6.8000
      vertex -2.0934 -8.2948 6.8000
    endloop
  endfacet
  facet normal 0 0 -1
    outer loop
      vertex 11.5000 -7.5000 3.3500
      vertex -2.0934 -8.2948 3.3500
      vertex -1.6615 -7.8718 3.3500
    endloop
  endfacet
  facet normal -0.8411784753765531 0.5407575913134992 0
    outer loop
      vertex -2.0934 -8.2948 3.3500
      vertex -2.4204 -8.8034 3.3500
      vertex -2.4204 -8.8034 6.8000
    endloop
  endfacet
  facet normal -0.8411784753765531 0.5407575913134992 0
    outer loop
      vertex -2.0934 -8.2948 3.3500
      vertex -2.4204 -8.8034 6.8000
      vertex -2.0934 -8.2948 6.8000
    endloop
  endfacet
  facet normal 0 0 1
    outer loop
      vertex 11.5000 -7.5000 6.8000
      vertex -2.0934 -8.2948 6.8000
      vertex -2.4204 -8.8034 6.8000
    endloop
  endfacet
  facet normal 0 0 -1
    outer loop
      vertex 11.5000 -7.5000 3.3500
      vertex -2.4204 -8.8034 3.3500
      vertex -2.0934 -8.2948 3.3500
    endloop
  endfacet
  facet normal -0.9404182590341997 0.3400198495310013 0
    outer loop
      vertex -2.4204 -8.8034 3.3500
      vertex -2.6260 -9.3720 3.3500
      vertex -2.6260 -9.3720 6.8000
    endloop
  endfacet
  facet normal -0.9404182590341997 0.3400198495310013 0
    outer loop
      vertex -2.4204 -8.8034 3.3500
      vertex -2.6260 -9.3720 6.8000
      vertex -2.4204 -8.8034 6.8000
    endloop
  endfacet
  facet normal 0 0 1
    outer loop
      vertex 11.5000 -7.5000 6.8000
      vertex -2.4204 -8.8034 6.8000
      vertex -2.6260 -9.3720 6.8000
    endloop
  endfacet
  facet normal 0 0 -1
    outer loop
      vertex 11.5000 -7.5000 3.3500
      vertex -2.6260 -9.3720 3.3500
      vertex -2.4204 -8.8034 3.3500
    endloop
  endfacet
  facet normal -0.9925015443392015 0.12223209269377677 0
    outer loop
      vertex -2.6260 -9.3720 3.3500
      vertex -2.6999 -9.9721 3.3500
      vertex -2.6999 -9.9721 6.8000
    endloop
  endfacet
  facet normal -0.9925015443392015 0.12223209269377677 0
    outer loop
      vertex -2.6260 -9.3720 3.3500
      vertex -2.6999 -9.9721 6.8000
      vertex -2.6260 -9.3720 6.8000
    endloop
  endfacet
  facet normal 0 0 1
    outer loop
      vertex 11.5000 -7.5000 6.8000
      vertex -2.6260 -9.3720 6.8000
      vertex -2.6999 -9.9721 6.8000
    endloop
  endfacet
  facet normal 0 0 -1
    outer loop
      vertex 11.5000 -7.5000 3.3500
      vertex -2.6999 -9.9721 3.3500
      vertex -2.6260 -9.3720 3.3500
    endloop
  endfacet
  facet normal -0.9948166578855073 -0.10168489166788534 0
    outer loop
      vertex -2.6999 -9.9721 3.3500
      vertex -2.6384 -10.5736 3.3500
      vertex -2.6384 -10.5736 6.8000
    endloop
  endfacet
  facet normal -0.9948166578855073 -0.10168489166788534 0
    outer loop
      vertex -2.6999 -9.9721 3.3500
      vertex -2.6384 -10.5736 6.8000
      vertex -2.6999 -9.9721 6.8000
    endloop
  endfacet
  facet normal 0 0 1
    outer loop
      vertex 11.5000 -7.5000 6.8000
      vertex -2.6999 -9.9721 6.8000
      vertex -2.6384 -10.5736 6.8000
    endloop
  endfacet
  facet normal 0 0 -1
    outer loop
      vertex 11.5000 -7.5000 3.3500
      vertex -2.6384 -10.5736 3.3500
      vertex -2.6999 -9.9721 3.3500
    endloop
  endfacet
  facet normal -0.9472475102128328 -0.32050297096218844 0
    outer loop
      vertex -2.6384 -10.5736 3.3500
      vertex -2.4446 -11.1463 3.3500
      vertex -2.4446 -11.1463 6.8000
    endloop
  endfacet
  facet normal -0.9472475102128328 -0.32050297096218844 0
    outer loop
      vertex -2.6384 -10.5736 3.3500
      vertex -2.4446 -11.1463 6.8000
      vertex -2.6384 -10.5736 6.8000
    endloop
  endfacet
  facet normal 0 0 1
    outer loop
      vertex 11.5000 -7.5000 6.8000
      vertex -2.6384 -10.5736 6.8000
      vertex -2.4446 -11.1463 6.8000
    endloop
  endfacet
  facet normal 0 0 -1
    outer loop
      vertex 11.5000 -7.5000 3.3500
      vertex -2.4446 -11.1463 3.3500
      vertex -2.6384 -10.5736 3.3500
    endloop
  endfacet
  facet normal -0.8521794170169478 -0.5232496929885911 0
    outer loop
      vertex -2.4446 -11.1463 3.3500
      vertex -2.1282 -11.6615 3.3500
      vertex -2.1282 -11.6615 6.8000
    endloop
  endfacet
  facet normal -0.8521794170169478 -0.5232496929885911 0
    outer loop
      vertex -2.4446 -11.1463 3.3500
      vertex -2.1282 -11.6615 6.8000
      vertex -2.4446 -11.1463 6.8000
    endloop
  endfacet
  facet normal 0 0 1
    outer loop
      vertex 11.5000 -7.5000 6.8000
      vertex -2.4446 -11.1463 6.8000
      vertex -2.1282 -11.6615 6.8000
    endloop
  endfacet
  facet normal 0 0 -1
    outer loop
      vertex 11.5000 -7.5000 3.3500
      vertex -2.1282 -11.6615 3.3500
      vertex -2.4446 -11.1463 3.3500
    endloop
  endfacet
  facet normal -0.7143794894604804 -0.6997584905081062 0
    outer loop
      vertex -2.1282 -11.6615 3.3500
      vertex -1.7052 -12.0934 3.3500
      vertex -1.7052 -12.0934 6.8000
    endloop
  endfacet
  facet normal -0.7143794894604804 -0.6997584905081062 0
    outer loop
      vertex -2.1282 -11.6615 3.3500
      vertex -1.7052 -12.0934 6.8000
      vertex -2.1282 -11.6615 6.8000
    endloop
  endfacet
  facet normal 0 0 1
    outer loop
      vertex 11.5000 -7.5000 6.8000
      vertex -2.1282 -11.6615 6.8000
      vertex -1.7052 -12.0934 6.8000
    endloop
  endfacet
  facet normal 0 0 -1
    outer loop
      vertex 11.5000 -7.5000 3.3500
      vertex -1.7052 -12.0934 3.3500
      vertex -2.1282 -11.6615 3.3500
    endloop
  endfacet
  facet normal -0.5407575913135005 -0.8411784753765523 0
    outer loop
      vertex -1.7052 -12.0934 3.3500
      vertex -1.1966 -12.4204 3.3500
      vertex -1.1966 -12.4204 6.8000
    endloop
  endfacet
  facet normal -0.5407575913135005 -0.8411784753765523 0
    outer loop
      vertex -1.7052 -12.0934 3.3500
      vertex -1.1966 -12.4204 6.8000
      vertex -1.7052 -12.0934 6.8000
    endloop
  endfacet
  facet normal 0 0 1
    outer loop
      vertex 11.5000 -7.5000 6.8000
      vertex -1.7052 -12.0934 6.8000
      vertex -1.1966 -12.4204 6.8000
    endloop
  endfacet
  facet normal 0 0 -1
    outer loop
      vertex 11.5000 -7.5000 3.3500
      vertex -1.1966 -12.4204 3.3500
      vertex -1.7052 -12.0934 3.3500
    endloop
  endfacet
  facet normal -0.3400198495310005 -0.9404182590342002 0
    outer loop
      vertex -1.1966 -12.4204 3.3500
      vertex -0.6280 -12.6260 3.3500
      vertex -0.6280 -12.6260 6.8000
    endloop
  endfacet
  facet normal -0.3400198495310005 -0.9404182590342002 0
    outer loop
      vertex -1.1966 -12.4204 3.3500
      vertex -0.6280 -12.6260 6.8000
      vertex -1.1966 -12.4204 6.8000
    endloop
  endfacet
  facet normal 0 0 1
    outer loop
      vertex 11.5000 -7.5000 6.8000
      vertex -1.1966 -12.4204 6.8000
      vertex -0.6280 -12.6260 6.8000
    endloop
  endfacet
  facet normal 0 0 -1
    outer loop
      vertex 11.5000 -7.5000 3.3500
      vertex -0.6280 -12.6260 3.3500
      vertex -1.1966 -12.4204 3.3500
    endloop
  endfacet
  facet normal -0.12223209269377684 -0.9925015443392015 0
    outer loop
      vertex -0.6280 -12.6260 3.3500
      vertex -0.0279 -12.6999 3.3500
      vertex -0.0279 -12.6999 6.8000
    endloop
  endfacet
  facet normal -0.12223209269377684 -0.9925015443392015 0
    outer loop
      vertex -0.6280 -12.6260 3.3500
      vertex -0.0279 -12.6999 6.8000
      vertex -0.6280 -12.6260 6.8000
    endloop
  endfacet
  facet normal 0 0 1
    outer loop
      vertex 11.5000 -7.5000 6.8000
      vertex -0.6280 -12.6260 6.8000
      vertex -0.0279 -12.6999 6.8000
    endloop
  endfacet
  facet normal 0 0 -1
    outer loop
      vertex 11.5000 -7.5000 3.3500
      vertex -0.0279 -12.6999 3.3500
      vertex -0.6280 -12.6260 3.3500
    endloop
  endfacet
  facet normal 0.10168489166788569 -0.9948166578855071 0
    outer loop
      vertex -0.0279 -12.6999 3.3500
      vertex 0.5736 -12.6384 3.3500
      vertex 0.5736 -12.6384 6.8000
    endloop
  endfacet
  facet normal 0.10168489166788569 -0.9948166578855071 0
    outer loop
      vertex -0.0279 -12.6999 3.3500
      vertex 0.5736 -12.6384 6.8000
      vertex -0.0279 -12.6999 6.8000
    endloop
  endfacet
  facet normal 0 0 1
    outer loop
      vertex 11.5000 -7.5000 6.8000
      vertex -0.0279 -12.6999 6.8000
      vertex 0.5736 -12.6384 6.8000
    endloop
  endfacet
  facet normal 0 0 -1
    outer loop
      vertex 11.5000 -7.5000 3.3500
      vertex 0.5736 -12.6384 3.3500
      vertex -0.0279 -12.6999 3.3500
    endloop
  endfacet
  facet normal 0.21242964433104372 -0.977176363922801 0
    outer loop
      vertex 0.5736 -12.6384 3.3500
      vertex 23.5736 -7.6384 3.3500
      vertex 23.5736 -7.6384 6.8000
    endloop
  endfacet
  facet normal 0.21242964433104372 -0.977176363922801 0
    outer loop
      vertex 0.5736 -12.6384 3.3500
      vertex 23.5736 -7.6384 6.8000
      vertex 0.5736 -12.6384 6.8000
    endloop
  endfacet
  facet normal 0 0 1
    outer loop
      vertex 11.5000 -7.5000 6.8000
      vertex 0.5736 -12.6384 6.8000
      vertex 23.5736 -7.6384 6.8000
    endloop
  endfacet
  facet normal 0 0 -1
    outer loop
      vertex 11.5000 -7.5000 3.3500
      vertex 23.5736 -7.6384 3.3500
      vertex 0.5736 -12.6384 3.3500
    endloop
  endfacet
  facet normal -0.045615739515581344 0.9989590603765734 0
    outer loop
      vertex -26.8071 -6.1064 3.3500
      vertex -27.4558 -6.1360 3.3500
      vertex -27.4558 -6.1360 6.8000
    endloop
  endfacet
  facet normal -0.045615739515581344 0.9989590603765734 0
    outer loop
      vertex -26.8071 -6.1064 3.3500
      vertex -27.4558 -6.1360 6.8000
      vertex -26.8071 -6.1064 6.8000
    endloop
  endfacet
  facet normal 0 0 1
    outer loop
      vertex -19.5000 -9.5000 6.8000
      vertex -26.8071 -6.1064 6.8000
      vertex -27.4558 -6.1360 6.8000
    endloop
  endfacet
  facet normal 0 0 -1
    outer loop
      vertex -19.5000 -9.5000 3.3500
      vertex -27.4558 -6.1360 3.3500
      vertex -26.8071 -6.1064 3.3500
    endloop
  endfacet
  facet normal -0.26676136078767043 0.9637626141279347 0
    outer loop
      vertex -27.4558 -6.1360 3.3500
      vertex -28.0817 -6.3093 3.3500
      vertex -28.0817 -6.3093 6.8000
    endloop
  endfacet
  facet normal -0.26676136078767043 0.9637626141279347 0
    outer loop
      vertex -27.4558 -6.1360 3.3500
      vertex -28.0817 -6.3093 6.8000
      vertex -27.4558 -6.1360 6.8000
    endloop
  endfacet
  facet normal 0 0 1
    outer loop
      vertex -19.5000 -9.5000 6.8000
      vertex -27.4558 -6.1360 6.8000
      vertex -28.0817 -6.3093 6.8000
    endloop
  endfacet
  facet normal 0 0 -1
    outer loop
      vertex -19.5000 -9.5000 3.3500
      vertex -28.0817 -6.3093 3.3500
      vertex -27.4558 -6.1360 3.3500
    endloop
  endfacet
  facet normal -0.4745304535314353 0.8802390860847127 0
    outer loop
      vertex -28.0817 -6.3093 3.3500
      vertex -28.6533 -6.6174 3.3500
      vertex -28.6533 -6.6174 6.8000
    endloop
  endfacet
  facet normal -0.4745304535314353 0.8802390860847127 0
    outer loop
      vertex -28.0817 -6.3093 3.3500
      vertex -28.6533 -6.6174 6.8000
      vertex -28.0817 -6.3093 6.8000
    endloop
  endfacet
  facet normal 0 0 1
    outer loop
      vertex -19.5000 -9.5000 6.8000
      vertex -28.0817 -6.3093 6.8000
      vertex -28.6533 -6.6174 6.8000
    endloop
  endfacet
  facet normal 0 0 -1
    outer loop
      vertex -19.5000 -9.5000 3.3500
      vertex -28.6533 -6.6174 3.3500
      vertex -28.0817 -6.3093 3.3500
    endloop
  endfacet
  facet normal -0.658504607868517 0.7525766947068788 0
    outer loop
      vertex -28.6533 -6.6174 3.3500
      vertex -29.1420 -7.0451 3.3500
      vertex -29.1420 -7.0451 6.8000
    endloop
  endfacet
  facet normal -0.658504607868517 0.7525766947068788 0
    outer loop
      vertex -28.6533 -6.6174 3.3500
      vertex -29.1420 -7.0451 6.8000
      vertex -28.6533 -6.6174 6.8000
    endloop
  endfacet
  facet normal 0 0 1
    outer loop
      vertex -19.5000 -9.5000 6.8000
      vertex -28.6533 -6.6174 6.8000
      vertex -29.1420 -7.0451 6.8000
    endloop
  endfacet
  facet normal 0 0 -1
    outer loop
      vertex -19.5000 -9.5000 3.3500
      vertex -29.1420 -7.0451 3.3500
      vertex -28.6533 -6.6174 3.3500
    endloop
  endfacet
  facet normal -0.8094585914912957 0.5871769653698342 0
    outer loop
      vertex -29.1420 -7.0451 3.3500
      vertex -29.5233 -7.5707 3.3500
      vertex -29.5233 -7.5707 6.8000
    endloop
  endfacet
  facet normal -0.8094585914912957 0.5871769653698342 0
    outer loop
      vertex -29.1420 -7.0451 3.3500
      vertex -29.5233 -7.5707 6.8000
      vertex -29.1420 -7.0451 6.8000
    endloop
  endfacet
  facet normal 0 0 1
    outer loop
      vertex -19.5000 -9.5000 6.8000
      vertex -29.1420 -7.0451 6.8000
      vertex -29.5233 -7.5707 6.8000
    endloop
  endfacet
  facet normal 0 0 -1
    outer loop
      vertex -19.5000 -9.5000 3.3500
      vertex -29.5233 -7.5707 3.3500
      vertex -29.1420 -7.0451 3.3500
    endloop
  endfacet
  facet normal -0.919822941331978 0.39233373115166764 0
    outer loop
      vertex -29.5233 -7.5707 3.3500
      vertex -29.7781 -8.1680 3.3500
      vertex -29.7781 -8.1680 6.8000
    endloop
  endfacet
  facet normal -0.919822941331978 0.39233373115166764 0
    outer loop
      vertex -29.5233 -7.5707 3.3500
      vertex -29.7781 -8.1680 6.8000
      vertex -29.5233 -7.5707 6.8000
    endloop
  endfacet
  facet normal 0 0 1
    outer loop
      vertex -19.5000 -9.5000 6.8000
      vertex -29.5233 -7.5707 6.8000
      vertex -29.7781 -8.1680 6.8000
    endloop
  endfacet
  facet normal 0 0 -1
    outer loop
      vertex -19.5000 -9.5000 3.3500
      vertex -29.7781 -8.1680 3.3500
      vertex -29.5233 -7.5707 3.3500
    endloop
  endfacet
  facet normal -0.9840635280481643 0.17781724541056096 0
    outer loop
      vertex -29.7781 -8.1680 3.3500
      vertex -29.8936 -8.8071 3.3500
      vertex -29.8936 -8.8071 6.8000
    endloop
  endfacet
  facet normal -0.9840635280481643 0.17781724541056096 0
    outer loop
      vertex -29.7781 -8.1680 3.3500
      vertex -29.8936 -8.8071 6.8000
      vertex -29.7781 -8.1680 6.8000
    endloop
  endfacet
  facet normal 0 0 1
    outer loop
      vertex -19.5000 -9.5000 6.8000
      vertex -29.7781 -8.1680 6.8000
      vertex -29.8936 -8.8071 6.8000
    endloop
  endfacet
  facet normal 0 0 -1
    outer loop
      vertex -19.5000 -9.5000 3.3500
      vertex -29.8936 -8.8071 3.3500
      vertex -29.7781 -8.1680 3.3500
    endloop
  endfacet
  facet normal -0.9989590603765737 -0.04561573951557862 0
    outer loop
      vertex -29.8936 -8.8071 3.3500
      vertex -29.8640 -9.4558 3.3500
      vertex -29.8640 -9.4558 6.8000
    endloop
  endfacet
  facet normal -0.9989590603765737 -0.04561573951557862 0
    outer loop
      vertex -29.8936 -8.8071 3.3500
      vertex -29.8640 -9.4558 6.8000
      vertex -29.8936 -8.8071 6.8000
    endloop
  endfacet
  facet normal 0 0 1
    outer loop
      vertex -19.5000 -9.5000 6.8000
      vertex -29.8936 -8.8071 6.8000
      vertex -29.8640 -9.4558 6.8000
    endloop
  endfacet
  facet normal 0 0 -1
    outer loop
      vertex -19.5000 -9.5000 3.3500
      vertex -29.8640 -9.4558 3.3500
      vertex -29.8936 -8.8071 3.3500
    endloop
  endfacet
  facet normal -0.963762614127934 -0.26676136078767293 0
    outer loop
      vertex -29.8640 -9.4558 3.3500
      vertex -29.6907 -10.0817 3.3500
      vertex -29.6907 -10.0817 6.8000
    endloop
  endfacet
  facet normal -0.963762614127934 -0.26676136078767293 0
    outer loop
      vertex -29.8640 -9.4558 3.3500
      vertex -29.6907 -10.0817 6.8000
      vertex -29.8640 -9.4558 6.8000
    endloop
  endfacet
  facet normal 0 0 1
    outer loop
      vertex -19.5000 -9.5000 6.8000
      vertex -29.8640 -9.4558 6.8000
      vertex -29.6907 -10.0817 6.8000
    endloop
  endfacet
  facet normal 0 0 -1
    outer loop
      vertex -19.5000 -9.5000 3.3500
      vertex -29.6907 -10.0817 3.3500
      vertex -29.8640 -9.4558 3.3500
    endloop
  endfacet
  facet normal -0.8802390860847121 -0.4745304535314364 0
    outer loop
      vertex -29.6907 -10.0817 3.3500
      vertex -29.3826 -10.6533 3.3500
      vertex -29.3826 -10.6533 6.8000
    endloop
  endfacet
  facet normal -0.8802390860847121 -0.4745304535314364 0
    outer loop
      vertex -29.6907 -10.0817 3.3500
      vertex -29.3826 -10.6533 6.8000
      vertex -29.6907 -10.0817 6.8000
    endloop
  endfacet
  facet normal 0 0 1
    outer loop
      vertex -19.5000 -9.5000 6.8000
      vertex -29.6907 -10.0817 6.8000
      vertex -29.3826 -10.6533 6.8000
    endloop
  endfacet
  facet normal 0 0 -1
    outer loop
      vertex -19.5000 -9.5000 3.3500
      vertex -29.3826 -10.6533 3.3500
      vertex -29.6907 -10.0817 3.3500
    endloop
  endfacet
  facet normal -0.752576694706879 -0.6585046078685168 0
    outer loop
      vertex -29.3826 -10.6533 3.3500
      vertex -28.9549 -11.1420 3.3500
      vertex -28.9549 -11.1420 6.8000
    endloop
  endfacet
  facet normal -0.752576694706879 -0.6585046078685168 0
    outer loop
      vertex -29.3826 -10.6533 3.3500
      vertex -28.9549 -11.1420 6.8000
      vertex -29.3826 -10.6533 6.8000
    endloop
  endfacet
  facet normal 0 0 1
    outer loop
      vertex -19.5000 -9.5000 6.8000
      vertex -29.3826 -10.6533 6.8000
      vertex -28.9549 -11.1420 6.8000
    endloop
  endfacet
  facet normal 0 0 -1
    outer loop
      vertex -19.5000 -9.5000 3.3500
      vertex -28.9549 -11.1420 3.3500
      vertex -29.3826 -10.6533 3.3500
    endloop
  endfacet
  facet normal -0.5871769653698348 -0.8094585914912955 0
    outer loop
      vertex -28.9549 -11.1420 3.3500
      vertex -28.4293 -11.5233 3.3500
      vertex -28.4293 -11.5233 6.8000
    endloop
  endfacet
  facet normal -0.5871769653698348 -0.8094585914912955 0
    outer loop
      vertex -28.9549 -11.1420 3.3500
      vertex -28.4293 -11.5233 6.8000
      vertex -28.9549 -11.1420 6.8000
    endloop
  endfacet
  facet normal 0 0 1
    outer loop
      vertex -19.5000 -9.5000 6.8000
      vertex -28.9549 -11.1420 6.8000
      vertex -28.4293 -11.5233 6.8000
    endloop
  endfacet
  facet normal 0 0 -1
    outer loop
      vertex -19.5000 -9.5000 3.3500
      vertex -28.4293 -11.5233 3.3500
      vertex -28.9549 -11.1420 3.3500
    endloop
  endfacet
  facet normal -0.3923337311516647 -0.919822941331979 0
    outer loop
      vertex -28.4293 -11.5233 3.3500
      vertex -27.8320 -11.7781 3.3500
      vertex -27.8320 -11.7781 6.8000
    endloop
  endfacet
  facet normal -0.3923337311516647 -0.919822941331979 0
    outer loop
      vertex -28.4293 -11.5233 3.3500
      vertex -27.8320 -11.7781 6.8000
      vertex -28.4293 -11.5233 6.8000
    endloop
  endfacet
  facet normal 0 0 1
    outer loop
      vertex -19.5000 -9.5000 6.8000
      vertex -28.4293 -11.5233 6.8000
      vertex -27.8320 -11.7781 6.8000
    endloop
  endfacet
  facet normal 0 0 -1
    outer loop
      vertex -19.5000 -9.5000 3.3500
      vertex -27.8320 -11.7781 3.3500
      vertex -28.4293 -11.5233 3.3500
    endloop
  endfacet
  facet normal -0.1778172454105641 -0.9840635280481637 0
    outer loop
      vertex -27.8320 -11.7781 3.3500
      vertex -27.1929 -11.8936 3.3500
      vertex -27.1929 -11.8936 6.8000
    endloop
  endfacet
  facet normal -0.1778172454105641 -0.9840635280481637 0
    outer loop
      vertex -27.8320 -11.7781 3.3500
      vertex -27.1929 -11.8936 6.8000
      vertex -27.8320 -11.7781 6.8000
    endloop
  endfacet
  facet normal 0 0 1
    outer loop
      vertex -19.5000 -9.5000 6.8000
      vertex -27.8320 -11.7781 6.8000
      vertex -27.1929 -11.8936 6.8000
    endloop
  endfacet
  facet normal 0 0 -1
    outer loop
      vertex -19.5000 -9.5000 3.3500
      vertex -27.1929 -11.8936 3.3500
      vertex -27.8320 -11.7781 3.3500
    endloop
  endfacet
  facet normal -0.06651901052377392 -0.9977851578566088 0
    outer loop
      vertex -27.1929 -11.8936 3.3500
      vertex -12.1929 -12.8936 3.3500
      vertex -12.1929 -12.8936 6.8000
    endloop
  endfacet
  facet normal -0.06651901052377392 -0.9977851578566088 0
    outer loop
      vertex -27.1929 -11.8936 3.3500
      vertex -12.1929 -12.8936 6.8000
      vertex -27.1929 -11.8936 6.8000
    endloop
  endfacet
  facet normal 0 0 1
    outer loop
      vertex -19.5000 -9.5000 6.8000
      vertex -27.1929 -11.8936 6.8000
      vertex -12.1929 -12.8936 6.8000
    endloop
  endfacet
  facet normal 0 0 -1
    outer loop
      vertex -19.5000 -9.5000 3.3500
      vertex -12.1929 -12.8936 3.3500
      vertex -27.1929 -11.8936 3.3500
    endloop
  endfacet
  facet normal 0.045615739515581344 -0.9989590603765734 0
    outer loop
      vertex -12.1929 -12.8936 3.3500
      vertex -11.5442 -12.8640 3.3500
      vertex -11.5442 -12.8640 6.8000
    endloop
  endfacet
  facet normal 0.045615739515581344 -0.9989590603765734 0
    outer loop
      vertex -12.1929 -12.8936 3.3500
      vertex -11.5442 -12.8640 6.8000
      vertex -12.1929 -12.8936 6.8000
    endloop
  endfacet
  facet normal 0 0 1
    outer loop
      vertex -19.5000 -9.5000 6.8000
      vertex -12.1929 -12.8936 6.8000
      vertex -11.5442 -12.8640 6.8000
    endloop
  endfacet
  facet normal 0 0 -1
    outer loop
      vertex -19.5000 -9.5000 3.3500
      vertex -11.5442 -12.8640 3.3500
      vertex -12.1929 -12.8936 3.3500
    endloop
  endfacet
  facet normal 0.2667613607876711 -0.9637626141279345 0
    outer loop
      vertex -11.5442 -12.8640 3.3500
      vertex -10.9183 -12.6907 3.3500
      vertex -10.9183 -12.6907 6.8000
    endloop
  endfacet
  facet normal 0.2667613607876711 -0.9637626141279345 0
    outer loop
      vertex -11.5442 -12.8640 3.3500
      vertex -10.9183 -12.6907 6.8000
      vertex -11.5442 -12.8640 6.8000
    endloop
  endfacet
  facet normal 0 0 1
    outer loop
      vertex -19.5000 -9.5000 6.8000
      vertex -11.5442 -12.8640 6.8000
      vertex -10.9183 -12.6907 6.8000
    endloop
  endfacet
  facet normal 0 0 -1
    outer loop
      vertex -19.5000 -9.5000 3.3500
      vertex -10.9183 -12.6907 3.3500
      vertex -11.5442 -12.8640 3.3500
    endloop
  endfacet
  facet normal 0.4745304535314364 -0.8802390860847121 0
    outer loop
      vertex -10.9183 -12.6907 3.3500
      vertex -10.3467 -12.3826 3.3500
      vertex -10.3467 -12.3826 6.8000
    endloop
  endfacet
  facet normal 0.4745304535314364 -0.8802390860847121 0
    outer loop
      vertex -10.9183 -12.6907 3.3500
      vertex -10.3467 -12.3826 6.8000
      vertex -10.9183 -12.6907 6.8000
    endloop
  endfacet
  facet normal 0 0 1
    outer loop
      vertex -19.5000 -9.5000 6.8000
      vertex -10.9183 -12.6907 6.8000
      vertex -10.3467 -12.3826 6.8000
    endloop
  endfacet
  facet normal 0 0 -1
    outer loop
      vertex -19.5000 -9.5000 3.3500
      vertex -10.3467 -12.3826 3.3500
      vertex -10.9183 -12.6907 3.3500
    endloop
  endfacet
  facet normal 0.658504607868517 -0.7525766947068788 0
    outer loop
      vertex -10.3467 -12.3826 3.3500
      vertex -9.8580 -11.9549 3.3500
      vertex -9.8580 -11.9549 6.8000
    endloop
  endfacet
  facet normal 0.658504607868517 -0.7525766947068788 0
    outer loop
      vertex -10.3467 -12.3826 3.3500
      vertex -9.8580 -11.9549 6.8000
      vertex -10.3467 -12.3826 6.8000
    endloop
  endfacet
  facet normal 0 0 1
    outer loop
      vertex -19.5000 -9.5000 6.8000
      vertex -10.3467 -12.3826 6.8000
      vertex -9.8580 -11.9549 6.8000
    endloop
  endfacet
  facet normal 0 0 -1
    outer loop
      vertex -19.5000 -9.5000 3.3500
      vertex -9.8580 -11.9549 3.3500
      vertex -10.3467 -12.3826 3.3500
    endloop
  endfacet
  facet normal 0.8094585914912957 -0.5871769653698342 0
    outer loop
      vertex -9.8580 -11.9549 3.3500
      vertex -9.4767 -11.4293 3.3500
      vertex -9.4767 -11.4293 6.8000
    endloop
  endfacet
  facet normal 0.8094585914912957 -0.5871769653698342 0
    outer loop
      vertex -9.8580 -11.9549 3.3500
      vertex -9.4767 -11.4293 6.8000
      vertex -9.8580 -11.9549 6.8000
    endloop
  endfacet
  facet normal 0 0 1
    outer loop
      vertex -19.5000 -9.5000 6.8000
      vertex -9.8580 -11.9549 6.8000
      vertex -9.4767 -11.4293 6.8000
    endloop
  endfacet
  facet normal 0 0 -1
    outer loop
      vertex -19.5000 -9.5000 3.3500
      vertex -9.4767 -11.4293 3.3500
      vertex -9.8580 -11.9549 3.3500
    endloop
  endfacet
  facet normal 0.9198229413319785 -0.3923337311516657 0
    outer loop
      vertex -9.4767 -11.4293 3.3500
      vertex -9.2219 -10.8320 3.3500
      vertex -9.2219 -10.8320 6.8000
    endloop
  endfacet
  facet normal 0.9198229413319785 -0.3923337311516657 0
    outer loop
      vertex -9.4767 -11.4293 3.3500
      vertex -9.2219 -10.8320 6.8000
      vertex -9.4767 -11.4293 6.8000
    endloop
  endfacet
  facet normal 0 0 1
    outer loop
      vertex -19.5000 -9.5000 6.8000
      vertex -9.4767 -11.4293 6.8000
      vertex -9.2219 -10.8320 6.8000
    endloop
  endfacet
  facet normal 0 0 -1
    outer loop
      vertex -19.5000 -9.5000 3.3500
      vertex -9.2219 -10.8320 3.3500
      vertex -9.4767 -11.4293 3.3500
    endloop
  endfacet
  facet normal 0.984063528048164 -0.17781724541056312 0
    outer loop
      vertex -9.2219 -10.8320 3.3500
      vertex -9.1064 -10.1929 3.3500
      vertex -9.1064 -10.1929 6.8000
    endloop
  endfacet
  facet normal 0.984063528048164 -0.17781724541056312 0
    outer loop
      vertex -9.2219 -10.8320 3.3500
      vertex -9.1064 -10.1929 6.8000
      vertex -9.2219 -10.8320 6.8000
    endloop
  endfacet
  facet normal 0 0 1
    outer loop
      vertex -19.5000 -9.5000 6.8000
      vertex -9.2219 -10.8320 6.8000
      vertex -9.1064 -10.1929 6.8000
    endloop
  endfacet
  facet normal 0 0 -1
    outer loop
      vertex -19.5000 -9.5000 3.3500
      vertex -9.1064 -10.1929 3.3500
      vertex -9.2219 -10.8320 3.3500
    endloop
  endfacet
  facet normal 0.9989590603765734 0.045615739515581344 0
    outer loop
      vertex -9.1064 -10.1929 3.3500
      vertex -9.1360 -9.5442 3.3500
      vertex -9.1360 -9.5442 6.8000
    endloop
  endfacet
  facet normal 0.9989590603765734 0.045615739515581344 0
    outer loop
      vertex -9.1064 -10.1929 3.3500
      vertex -9.1360 -9.5442 6.8000
      vertex -9.1064 -10.1929 6.8000
    endloop
  endfacet
  facet normal 0 0 1
    outer loop
      vertex -19.5000 -9.5000 6.8000
      vertex -9.1064 -10.1929 6.8000
      vertex -9.1360 -9.5442 6.8000
    endloop
  endfacet
  facet normal 0 0 -1
    outer loop
      vertex -19.5000 -9.5000 3.3500
      vertex -9.1360 -9.5442 3.3500
      vertex -9.1064 -10.1929 3.3500
    endloop
  endfacet
  facet normal 0.9637626141279345 0.2667613607876711 0
    outer loop
      vertex -9.1360 -9.5442 3.3500
      vertex -9.3093 -8.9183 3.3500
      vertex -9.3093 -8.9183 6.8000
    endloop
  endfacet
  facet normal 0.9637626141279345 0.2667613607876711 0
    outer loop
      vertex -9.1360 -9.5442 3.3500
      vertex -9.3093 -8.9183 6.8000
      vertex -9.1360 -9.5442 6.8000
    endloop
  endfacet
  facet normal 0 0 1
    outer loop
      vertex -19.5000 -9.5000 6.8000
      vertex -9.1360 -9.5442 6.8000
      vertex -9.3093 -8.9183 6.8000
    endloop
  endfacet
  facet normal 0 0 -1
    outer loop
      vertex -19.5000 -9.5000 3.3500
      vertex -9.3093 -8.9183 3.3500
      vertex -9.1360 -9.5442 3.3500
    endloop
  endfacet
  facet normal 0.8802390860847121 0.4745304535314364 0
    outer loop
      vertex -9.3093 -8.9183 3.3500
      vertex -9.6174 -8.3467 3.3500
      vertex -9.6174 -8.3467 6.8000
    endloop
  endfacet
  facet normal 0.8802390860847121 0.4745304535314364 0
    outer loop
      vertex -9.3093 -8.9183 3.3500
      vertex -9.6174 -8.3467 6.8000
      vertex -9.3093 -8.9183 6.8000
    endloop
  endfacet
  facet normal 0 0 1
    outer loop
      vertex -19.5000 -9.5000 6.8000
      vertex -9.3093 -8.9183 6.8000
      vertex -9.6174 -8.3467 6.8000
    endloop
  endfacet
  facet normal 0 0 -1
    outer loop
      vertex -19.5000 -9.5000 3.3500
      vertex -9.6174 -8.3467 3.3500
      vertex -9.3093 -8.9183 3.3500
    endloop
  endfacet
  facet normal 0.7525766947068788 0.658504607868517 0
    outer loop
      vertex -9.6174 -8.3467 3.3500
      vertex -10.0451 -7.8580 3.3500
      vertex -10.0451 -7.8580 6.8000
    endloop
  endfacet
  facet normal 0.7525766947068788 0.658504607868517 0
    outer loop
      vertex -9.6174 -8.3467 3.3500
      vertex -10.0451 -7.8580 6.8000
      vertex -9.6174 -8.3467 6.8000
    endloop
  endfacet
  facet normal 0 0 1
    outer loop
      vertex -19.5000 -9.5000 6.8000
      vertex -9.6174 -8.3467 6.8000
      vertex -10.0451 -7.8580 6.8000
    endloop
  endfacet
  facet normal 0 0 -1
    outer loop
      vertex -19.5000 -9.5000 3.3500
      vertex -10.0451 -7.8580 3.3500
      vertex -9.6174 -8.3467 3.3500
    endloop
  endfacet
  facet normal 0.5871769653698342 0.8094585914912957 0
    outer loop
      vertex -10.0451 -7.8580 3.3500
      vertex -10.5707 -7.4767 3.3500
      vertex -10.5707 -7.4767 6.8000
    endloop
  endfacet
  facet normal 0.5871769653698342 0.8094585914912957 0
    outer loop
      vertex -10.0451 -7.8580 3.3500
      vertex -10.5707 -7.4767 6.8000
      vertex -10.0451 -7.8580 6.8000
    endloop
  endfacet
  facet normal 0 0 1
    outer loop
      vertex -19.5000 -9.5000 6.8000
      vertex -10.0451 -7.8580 6.8000
      vertex -10.5707 -7.4767 6.8000
    endloop
  endfacet
  facet normal 0 0 -1
    outer loop
      vertex -19.5000 -9.5000 3.3500
      vertex -10.5707 -7.4767 3.3500
      vertex -10.0451 -7.8580 3.3500
    endloop
  endfacet
  facet normal 0.39233373115166564 0.9198229413319784 0
    outer loop
      vertex -10.5707 -7.4767 3.3500
      vertex -11.1680 -7.2219 3.3500
      vertex -11.1680 -7.2219 6.8000
    endloop
  endfacet
  facet normal 0.39233373115166564 0.9198229413319784 0
    outer loop
      vertex -10.5707 -7.4767 3.3500
      vertex -11.1680 -7.2219 6.8000
      vertex -10.5707 -7.4767 6.8000
    endloop
  endfacet
  facet normal 0 0 1
    outer loop
      vertex -19.5000 -9.5000 6.8000
      vertex -10.5707 -7.4767 6.8000
      vertex -11.1680 -7.2219 6.8000
    endloop
  endfacet
  facet normal 0 0 -1
    outer loop
      vertex -19.5000 -9.5000 3.3500
      vertex -11.1680 -7.2219 3.3500
      vertex -10.5707 -7.4767 3.3500
    endloop
  endfacet
  facet normal 0.17781724541056362 0.9840635280481639 0
    outer loop
      vertex -11.1680 -7.2219 3.3500
      vertex -11.8071 -7.1064 3.3500
      vertex -11.8071 -7.1064 6.8000
    endloop
  endfacet
  facet normal 0.17781724541056362 0.9840635280481639 0
    outer loop
      vertex -11.1680 -7.2219 3.3500
      vertex -11.8071 -7.1064 6.8000
      vertex -11.1680 -7.2219 6.8000
    endloop
  endfacet
  facet normal 0 0 1
    outer loop
      vertex -19.5000 -9.5000 6.8000
      vertex -11.1680 -7.2219 6.8000
      vertex -11.8071 -7.1064 6.8000
    endloop
  endfacet
  facet normal 0 0 -1
    outer loop
      vertex -19.5000 -9.5000 3.3500
      vertex -11.8071 -7.1064 3.3500
      vertex -11.1680 -7.2219 3.3500
    endloop
  endfacet
  facet normal 0.06651901052377392 0.9977851578566088 0
    outer loop
      vertex -11.8071 -7.1064 3.3500
      vertex -26.8071 -6.1064 3.3500
      vertex -26.8071 -6.1064 6.8000
    endloop
  endfacet
  facet normal 0.06651901052377392 0.9977851578566088 0
    outer loop
      vertex -11.8071 -7.1064 3.3500
      vertex -26.8071 -6.1064 6.8000
      vertex -11.8071 -7.1064 6.8000
    endloop
  endfacet
  facet normal 0 0 1
    outer loop
      vertex -19.5000 -9.5000 6.8000
      vertex -11.8071 -7.1064 6.8000
      vertex -26.8071 -6.1064 6.8000
    endloop
  endfacet
  facet normal 0 0 -1
    outer loop
      vertex -19.5000 -9.5000 3.3500
      vertex -26.8071 -6.1064 3.3500
      vertex -11.8071 -7.1064 3.3500
    endloop
  endfacet
  facet normal 0.4580522825220496 0.8889252535935406 0
    outer loop
      vertex -29.4468 1.3297 3.3500
      vertex -30.0042 1.6169 3.3500
      vertex -30.0042 1.6169 6.8000
    endloop
  endfacet
  facet normal 0.4580522825220496 0.8889252535935406 0
    outer loop
      vertex -29.4468 1.3297 3.3500
      vertex -30.0042 1.6169 6.8000
      vertex -29.4468 1.3297 6.8000
    endloop
  endfacet
  facet normal 0 0 1
    outer loop
      vertex -25.0000 -5.0000 6.8000
      vertex -29.4468 1.3297 6.8000
      vertex -30.0042 1.6169 6.8000
    endloop
  endfacet
  facet normal 0 0 -1
    outer loop
      vertex -25.0000 -5.0000 3.3500
      vertex -30.0042 1.6169 3.3500
      vertex -29.4468 1.3297 3.3500
    endloop
  endfacet
  facet normal 0.24876347782235095 0.9685642632792769 0
    outer loop
      vertex -30.0042 1.6169 3.3500
      vertex -30.6115 1.7729 3.3500
      vertex -30.6115 1.7729 6.8000
    endloop
  endfacet
  facet normal 0.24876347782235095 0.9685642632792769 0
    outer loop
      vertex -30.0042 1.6169 3.3500
      vertex -30.6115 1.7729 6.8000
      vertex -30.0042 1.6169 6.8000
    endloop
  endfacet
  facet normal 0 0 1
    outer loop
      vertex -25.0000 -5.0000 6.8000
      vertex -30.0042 1.6169 6.8000
      vertex -30.6115 1.7729 6.8000
    endloop
  endfacet
  facet normal 0 0 -1
    outer loop
      vertex -25.0000 -5.0000 3.3500
      vertex -30.6115 1.7729 3.3500
      vertex -30.0042 1.6169 3.3500
    endloop
  endfacet
  facet normal 0.027000633598818654 0.9996354164320422 0
    outer loop
      vertex -30.6115 1.7729 3.3500
      vertex -31.2383 1.7898 3.3500
      vertex -31.2383 1.7898 6.8000
    endloop
  endfacet
  facet normal 0.027000633598818654 0.9996354164320422 0
    outer loop
      vertex -30.6115 1.7729 3.3500
      vertex -31.2383 1.7898 6.8000
      vertex -30.6115 1.7729 6.8000
    endloop
  endfacet
  facet normal 0 0 1
    outer loop
      vertex -25.0000 -5.0000 6.8000
      vertex -30.6115 1.7729 6.8000
      vertex -31.2383 1.7898 6.8000
    endloop
  endfacet
  facet normal 0 0 -1
    outer loop
      vertex -25.0000 -5.0000 3.3500
      vertex -31.2383 1.7898 3.3500
      vertex -30.6115 1.7729 3.3500
    endloop
  endfacet
  facet normal -0.196116135138184 0.9805806756909201 0
    outer loop
      vertex -31.2383 1.7898 3.3500
      vertex -31.8531 1.6669 3.3500
      vertex -31.8531 1.6669 6.8000
    endloop
  endfacet
  facet normal -0.196116135138184 0.9805806756909201 0
    outer loop
      vertex -31.2383 1.7898 3.3500
      vertex -31.8531 1.6669 6.8000
      vertex -31.2383 1.7898 6.8000
    endloop
  endfacet
  facet normal 0 0 1
    outer loop
      vertex -25.0000 -5.0000 6.8000
      vertex -31.2383 1.7898 6.8000
      vertex -31.8531 1.6669 6.8000
    endloop
  endfacet
  facet normal 0 0 -1
    outer loop
      vertex -25.0000 -5.0000 3.3500
      vertex -31.8531 1.6669 3.3500
      vertex -31.2383 1.7898 3.3500
    endloop
  endfacet
  facet normal -0.40939882194969673 0.9123555253223387 0
    outer loop
      vertex -31.8531 1.6669 3.3500
      vertex -32.4251 1.4102 3.3500
      vertex -32.4251 1.4102 6.8000
    endloop
  endfacet
  facet normal -0.40939882194969673 0.9123555253223387 0
    outer loop
      vertex -31.8531 1.6669 3.3500
      vertex -32.4251 1.4102 6.8000
      vertex -31.8531 1.6669 6.8000
    endloop
  endfacet
  facet normal 0 0 1
    outer loop
      vertex -25.0000 -5.0000 6.8000
      vertex -31.8531 1.6669 6.8000
      vertex -32.4251 1.4102 6.8000
    endloop
  endfacet
  facet normal 0 0 -1
    outer loop
      vertex -25.0000 -5.0000 3.3500
      vertex -32.4251 1.4102 3.3500
      vertex -31.8531 1.6669 3.3500
    endloop
  endfacet
  facet normal -0.6021525423280418 0.7983810592492008 0
    outer loop
      vertex -32.4251 1.4102 3.3500
      vertex -32.9257 1.0326 3.3500
      vertex -32.9257 1.0326 6.8000
    endloop
  endfacet
  facet normal -0.6021525423280418 0.7983810592492008 0
    outer loop
      vertex -32.4251 1.4102 3.3500
      vertex -32.9257 1.0326 6.8000
      vertex -32.4251 1.4102 6.8000
    endloop
  endfacet
  facet normal 0 0 1
    outer loop
      vertex -25.0000 -5.0000 6.8000
      vertex -32.4251 1.4102 6.8000
      vertex -32.9257 1.0326 6.8000
    endloop
  endfacet
  facet normal 0 0 -1
    outer loop
      vertex -25.0000 -5.0000 3.3500
      vertex -32.9257 1.0326 3.3500
      vertex -32.4251 1.4102 3.3500
    endloop
  endfacet
  facet normal -0.7647118198640209 0.6443724331163284 0
    outer loop
      vertex -32.9257 1.0326 3.3500
      vertex -33.3297 0.5532 3.3500
      vertex -33.3297 0.5532 6.8000
    endloop
  endfacet
  facet normal -0.7647118198640209 0.6443724331163284 0
    outer loop
      vertex -32.9257 1.0326 3.3500
      vertex -33.3297 0.5532 6.8000
      vertex -32.9257 1.0326 6.8000
    endloop
  endfacet
  facet normal 0 0 1
    outer loop
      vertex -25.0000 -5.0000 6.8000
      vertex -32.9257 1.0326 6.8000
      vertex -33.3297 0.5532 6.8000
    endloop
  endfacet
  facet normal 0 0 -1
    outer loop
      vertex -25.0000 -5.0000 3.3500
      vertex -33.3297 0.5532 3.3500
      vertex -32.9257 1.0326 3.3500
    endloop
  endfacet
  facet normal -0.8889252535935427 0.4580522825220453 0
    outer loop
      vertex -33.3297 0.5532 3.3500
      vertex -33.6169 -0.0042 3.3500
      vertex -33.6169 -0.0042 6.8000
    endloop
  endfacet
  facet normal -0.8889252535935427 0.4580522825220453 0
    outer loop
      vertex -33.3297 0.5532 3.3500
      vertex -33.6169 -0.0042 6.8000
      vertex -33.3297 0.5532 6.8000
    endloop
  endfacet
  facet normal 0 0 1
    outer loop
      vertex -25.0000 -5.0000 6.8000
      vertex -33.3297 0.5532 6.8000
      vertex -33.6169 -0.0042 6.8000
    endloop
  endfacet
  facet normal 0 0 -1
    outer loop
      vertex -25.0000 -5.0000 3.3500
      vertex -33.6169 -0.0042 3.3500
      vertex -33.3297 0.5532 3.3500
    endloop
  endfacet
  facet normal -0.9685642632792782 0.24876347782234653 0
    outer loop
      vertex -33.6169 -0.0042 3.3500
      vertex -33.7729 -0.6115 3.3500
      vertex -33.7729 -0.6115 6.8000
    endloop
  endfacet
  facet normal -0.9685642632792782 0.24876347782234653 0
    outer loop
      vertex -33.6169 -0.0042 3.3500
      vertex -33.7729 -0.6115 6.8000
      vertex -33.6169 -0.0042 6.8000
    endloop
  endfacet
  facet normal 0 0 1
    outer loop
      vertex -25.0000 -5.0000 6.8000
      vertex -33.6169 -0.0042 6.8000
      vertex -33.7729 -0.6115 6.8000
    endloop
  endfacet
  facet normal 0 0 -1
    outer loop
      vertex -25.0000 -5.0000 3.3500
      vertex -33.7729 -0.6115 3.3500
      vertex -33.6169 -0.0042 3.3500
    endloop
  endfacet
  facet normal -0.9996354164320422 0.02700063359882008 0
    outer loop
      vertex -33.7729 -0.6115 3.3500
      vertex -33.7898 -1.2383 3.3500
      vertex -33.7898 -1.2383 6.8000
    endloop
  endfacet
  facet normal -0.9996354164320422 0.02700063359882008 0
    outer loop
      vertex -33.7729 -0.6115 3.3500
      vertex -33.7898 -1.2383 6.8000
      vertex -33.7729 -0.6115 6.8000
    endloop
  endfacet
  facet normal 0 0 1
    outer loop
      vertex -25.0000 -5.0000 6.8000
      vertex -33.7729 -0.6115 6.8000
      vertex -33.7898 -1.2383 6.8000
    endloop
  endfacet
  facet normal 0 0 -1
    outer loop
      vertex -25.0000 -5.0000 3.3500
      vertex -33.7898 -1.2383 3.3500
      vertex -33.7729 -0.6115 3.3500
    endloop
  endfacet
  facet normal -0.9805806756909201 -0.19611613513818424 0
    outer loop
      vertex -33.7898 -1.2383 3.3500
      vertex -33.6669 -1.8531 3.3500
      vertex -33.6669 -1.8531 6.8000
    endloop
  endfacet
  facet normal -0.9805806756909201 -0.19611613513818424 0
    outer loop
      vertex -33.7898 -1.2383 3.3500
      vertex -33.6669 -1.8531 6.8000
      vertex -33.7898 -1.2383 6.8000
    endloop
  endfacet
  facet normal 0 0 1
    outer loop
      vertex -25.0000 -5.0000 6.8000
      vertex -33.7898 -1.2383 6.8000
      vertex -33.6669 -1.8531 6.8000
    endloop
  endfacet
  facet normal 0 0 -1
    outer loop
      vertex -25.0000 -5.0000 3.3500
      vertex -33.6669 -1.8531 3.3500
      vertex -33.7898 -1.2383 3.3500
    endloop
  endfacet
  facet normal -0.9123555253223393 -0.4093988219496951 0
    outer loop
      vertex -33.6669 -1.8531 3.3500
      vertex -33.4102 -2.4251 3.3500
      vertex -33.4102 -2.4251 6.8000
    endloop
  endfacet
  facet normal -0.9123555253223393 -0.4093988219496951 0
    outer loop
      vertex -33.6669 -1.8531 3.3500
      vertex -33.4102 -2.4251 6.8000
      vertex -33.6669 -1.8531 6.8000
    endloop
  endfacet
  facet normal 0 0 1
    outer loop
      vertex -25.0000 -5.0000 6.8000
      vertex -33.6669 -1.8531 6.8000
      vertex -33.4102 -2.4251 6.8000
    endloop
  endfacet
  facet normal 0 0 -1
    outer loop
      vertex -25.0000 -5.0000 3.3500
      vertex -33.4102 -2.4251 3.3500
      vertex -33.6669 -1.8531 3.3500
    endloop
  endfacet
  facet normal -0.7983810592491963 -0.6021525423280477 0
    outer loop
      vertex -33.4102 -2.4251 3.3500
      vertex -33.0326 -2.9257 3.3500
      vertex -33.0326 -2.9257 6.8000
    endloop
  endfacet
  facet normal -0.7983810592491963 -0.6021525423280477 0
    outer loop
      vertex -33.4102 -2.4251 3.3500
      vertex -33.0326 -2.9257 6.8000
      vertex -33.4102 -2.4251 6.8000
    endloop
  endfacet
  facet normal 0 0 1
    outer loop
      vertex -25.0000 -5.0000 6.8000
      vertex -33.4102 -2.4251 6.8000
      vertex -33.0326 -2.9257 6.8000
    endloop
  endfacet
  facet normal 0 0 -1
    outer loop
      vertex -25.0000 -5.0000 3.3500
      vertex -33.0326 -2.9257 3.3500
      vertex -33.4102 -2.4251 3.3500
    endloop
  endfacet
  facet normal -0.6443724331163321 -0.7647118198640179 0
    outer loop
      vertex -33.0326 -2.9257 3.3500
      vertex -32.5532 -3.3297 3.3500
      vertex -32.5532 -3.3297 6.8000
    endloop
  endfacet
  facet normal -0.6443724331163321 -0.7647118198640179 0
    outer loop
      vertex -33.0326 -2.9257 3.3500
      vertex -32.5532 -3.3297 6.8000
      vertex -33.0326 -2.9257 6.8000
    endloop
  endfacet
  facet normal 0 0 1
    outer loop
      vertex -25.0000 -5.0000 6.8000
      vertex -33.0326 -2.9257 6.8000
      vertex -32.5532 -3.3297 6.8000
    endloop
  endfacet
  facet normal 0 0 -1
    outer loop
      vertex -25.0000 -5.0000 3.3500
      vertex -32.5532 -3.3297 3.3500
      vertex -33.0326 -2.9257 3.3500
    endloop
  endfacet
  facet normal -0.5547001962252291 -0.8320502943378438 0
    outer loop
      vertex -32.5532 -3.3297 3.3500
      vertex -20.5532 -11.3297 3.3500
      vertex -20.5532 -11.3297 6.8000
    endloop
  endfacet
  facet normal -0.5547001962252291 -0.8320502943378438 0
    outer loop
      vertex -32.5532 -3.3297 3.3500
      vertex -20.5532 -11.3297 6.8000
      vertex -32.5532 -3.3297 6.8000
    endloop
  endfacet
  facet normal 0 0 1
    outer loop
      vertex -25.0000 -5.0000 6.8000
      vertex -32.5532 -3.3297 6.8000
      vertex -20.5532 -11.3297 6.8000
    endloop
  endfacet
  facet normal 0 0 -1
    outer loop
      vertex -25.0000 -5.0000 3.3500
      vertex -20.5532 -11.3297 3.3500
      vertex -32.5532 -3.3297 3.3500
    endloop
  endfacet
  facet normal -0.4580522825220473 -0.8889252535935419 0
    outer loop
      vertex -20.5532 -11.3297 3.3500
      vertex -19.9958 -11.6169 3.3500
      vertex -19.9958 -11.6169 6.8000
    endloop
  endfacet
  facet normal -0.4580522825220473 -0.8889252535935419 0
    outer loop
      vertex -20.5532 -11.3297 3.3500
      vertex -19.9958 -11.6169 6.8000
      vertex -20.5532 -11.3297 6.8000
    endloop
  endfacet
  facet normal 0 0 1
    outer loop
      vertex -25.0000 -5.0000 6.8000
      vertex -20.5532 -11.3297 6.8000
      vertex -19.9958 -11.6169 6.8000
    endloop
  endfacet
  facet normal 0 0 -1
    outer loop
      vertex -25.0000 -5.0000 3.3500
      vertex -19.9958 -11.6169 3.3500
      vertex -20.5532 -11.3297 3.3500
    endloop
  endfacet
  facet normal -0.24876347782234903 -0.9685642632792777 0
    outer loop
      vertex -19.9958 -11.6169 3.3500
      vertex -19.3885 -11.7729 3.3500
      vertex -19.3885 -11.7729 6.8000
    endloop
  endfacet
  facet normal -0.24876347782234903 -0.9685642632792777 0
    outer loop
      vertex -19.9958 -11.6169 3.3500
      vertex -19.3885 -11.7729 6.8000
      vertex -19.9958 -11.6169 6.8000
    endloop
  endfacet
  facet normal 0 0 1
    outer loop
      vertex -25.0000 -5.0000 6.8000
      vertex -19.9958 -11.6169 6.8000
      vertex -19.3885 -11.7729 6.8000
    endloop
  endfacet
  facet normal 0 0 -1
    outer loop
      vertex -25.0000 -5.0000 3.3500
      vertex -19.3885 -11.7729 3.3500
      vertex -19.9958 -11.6169 3.3500
    endloop
  endfacet
  facet normal -0.027000633598820222 -0.9996354164320422 0
    outer loop
      vertex -19.3885 -11.7729 3.3500
      vertex -18.7617 -11.7898 3.3500
      vertex -18.7617 -11.7898 6.8000
    endloop
  endfacet
  facet normal -0.027000633598820222 -0.9996354164320422 0
    outer loop
      vertex -19.3885 -11.7729 3.3500
      vertex -18.7617 -11.7898 6.8000
      vertex -19.3885 -11.7729 6.8000
    endloop
  endfacet
  facet normal 0 0 1
    outer loop
      vertex -25.0000 -5.0000 6.8000
      vertex -19.3885 -11.7729 6.8000
      vertex -18.7617 -11.7898 6.8000
    endloop
  endfacet
  facet normal 0 0 -1
    outer loop
      vertex -25.0000 -5.0000 3.3500
      vertex -18.7617 -11.7898 3.3500
      vertex -19.3885 -11.7729 3.3500
    endloop
  endfacet
  facet normal 0.19611613513818568 -0.9805806756909198 0
    outer loop
      vertex -18.7617 -11.7898 3.3500
      vertex -18.1469 -11.6669 3.3500
      vertex -18.1469 -11.6669 6.8000
    endloop
  endfacet
  facet normal 0.19611613513818568 -0.9805806756909198 0
    outer loop
      vertex -18.7617 -11.7898 3.3500
      vertex -18.1469 -11.6669 6.8000
      vertex -18.7617 -11.7898 6.8000
    endloop
  endfacet
  facet normal 0 0 1
    outer loop
      vertex -25.0000 -5.0000 6.8000
      vertex -18.7617 -11.7898 6.8000
      vertex -18.1469 -11.6669 6.8000
    endloop
  endfacet
  facet normal 0 0 -1
    outer loop
      vertex -25.0000 -5.0000 3.3500
      vertex -18.1469 -11.6669 3.3500
      vertex -18.7617 -11.7898 3.3500
    endloop
  endfacet
  facet normal 0.40939882194969673 -0.9123555253223387 0
    outer loop
      vertex -18.1469 -11.6669 3.3500
      vertex -17.5749 -11.4102 3.3500
      vertex -17.5749 -11.4102 6.8000
    endloop
  endfacet
  facet normal 0.40939882194969673 -0.9123555253223387 0
    outer loop
      vertex -18.1469 -11.6669 3.3500
      vertex -17.5749 -11.4102 6.8000
      vertex -18.1469 -11.6669 6.8000
    endloop
  endfacet
  facet normal 0 0 1
    outer loop
      vertex -25.0000 -5.0000 6.8000
      vertex -18.1469 -11.6669 6.8000
      vertex -17.5749 -11.4102 6.8000
    endloop
  endfacet
  facet normal 0 0 -1
    outer loop
      vertex -25.0000 -5.0000 3.3500
      vertex -17.5749 -11.4102 3.3500
      vertex -18.1469 -11.6669 3.3500
    endloop
  endfacet
  facet normal 0.6021525423280436 -0.7983810592491992 0
    outer loop
      vertex -17.5749 -11.4102 3.3500
      vertex -17.0743 -11.0326 3.3500
      vertex -17.0743 -11.0326 6.8000
    endloop
  endfacet
  facet normal 0.6021525423280436 -0.7983810592491992 0
    outer loop
      vertex -17.5749 -11.4102 3.3500
      vertex -17.0743 -11.0326 6.8000
      vertex -17.5749 -11.4102 6.8000
    endloop
  endfacet
  facet normal 0 0 1
    outer loop
      vertex -25.0000 -5.0000 6.8000
      vertex -17.5749 -11.4102 6.8000
      vertex -17.0743 -11.0326 6.8000
    endloop
  endfacet
  facet normal 0 0 -1
    outer loop
      vertex -25.0000 -5.0000 3.3500
      vertex -17.0743 -11.0326 3.3500
      vertex -17.5749 -11.4102 3.3500
    endloop
  endfacet
  facet normal 0.7647118198640247 -0.644372433116324 0
    outer loop
      vertex -17.0743 -11.0326 3.3500
      vertex -16.6703 -10.5532 3.3500
      vertex -16.6703 -10.5532 6.8000
    endloop
  endfacet
  facet normal 0.7647118198640247 -0.644372433116324 0
    outer loop
      vertex -17.0743 -11.0326 3.3500
      vertex -16.6703 -10.5532 6.8000
      vertex -17.0743 -11.0326 6.8000
    endloop
  endfacet
  facet normal 0 0 1
    outer loop
      vertex -25.0000 -5.0000 6.8000
      vertex -17.0743 -11.0326 6.8000
      vertex -16.6703 -10.5532 6.8000
    endloop
  endfacet
  facet normal 0 0 -1
    outer loop
      vertex -25.0000 -5.0000 3.3500
      vertex -16.6703 -10.5532 3.3500
      vertex -17.0743 -11.0326 3.3500
    endloop
  endfacet
  facet normal 0.8889252535935401 -0.45805228252205077 0
    outer loop
      vertex -16.6703 -10.5532 3.3500
      vertex -16.3831 -9.9958 3.3500
      vertex -16.3831 -9.9958 6.8000
    endloop
  endfacet
  facet normal 0.8889252535935401 -0.45805228252205077 0
    outer loop
      vertex -16.6703 -10.5532 3.3500
      vertex -16.3831 -9.9958 6.8000
      vertex -16.6703 -10.5532 6.8000
    endloop
  endfacet
  facet normal 0 0 1
    outer loop
      vertex -25.0000 -5.0000 6.8000
      vertex -16.6703 -10.5532 6.8000
      vertex -16.3831 -9.9958 6.8000
    endloop
  endfacet
  facet normal 0 0 -1
    outer loop
      vertex -25.0000 -5.0000 3.3500
      vertex -16.3831 -9.9958 3.3500
      vertex -16.6703 -10.5532 3.3500
    endloop
  endfacet
  facet normal 0.9685642632792769 -0.24876347782235167 0
    outer loop
      vertex -16.3831 -9.9958 3.3500
      vertex -16.2271 -9.3885 3.3500
      vertex -16.2271 -9.3885 6.8000
    endloop
  endfacet
  facet normal 0.9685642632792769 -0.24876347782235167 0
    outer loop
      vertex -16.3831 -9.9958 3.3500
      vertex -16.2271 -9.3885 6.8000
      vertex -16.3831 -9.9958 6.8000
    endloop
  endfacet
  facet normal 0 0 1
    outer loop
      vertex -25.0000 -5.0000 6.8000
      vertex -16.3831 -9.9958 6.8000
      vertex -16.2271 -9.3885 6.8000
    endloop
  endfacet
  facet normal 0 0 -1
    outer loop
      vertex -25.0000 -5.0000 3.3500
      vertex -16.2271 -9.3885 3.3500
      vertex -16.3831 -9.9958 3.3500
    endloop
  endfacet
  facet normal 0.9996354164320422 -0.027000633598814404 0
    outer loop
      vertex -16.2271 -9.3885 3.3500
      vertex -16.2102 -8.7617 3.3500
      vertex -16.2102 -8.7617 6.8000
    endloop
  endfacet
  facet normal 0.9996354164320422 -0.027000633598814404 0
    outer loop
      vertex -16.2271 -9.3885 3.3500
      vertex -16.2102 -8.7617 6.8000
      vertex -16.2271 -9.3885 6.8000
    endloop
  endfacet
  facet normal 0 0 1
    outer loop
      vertex -25.0000 -5.0000 6.8000
      vertex -16.2271 -9.3885 6.8000
      vertex -16.2102 -8.7617 6.8000
    endloop
  endfacet
  facet normal 0 0 -1
    outer loop
      vertex -25.0000 -5.0000 3.3500
      vertex -16.2102 -8.7617 3.3500
      vertex -16.2271 -9.3885 3.3500
    endloop
  endfacet
  facet normal 0.9805806756909201 0.196116135138184 0
    outer loop
      vertex -16.2102 -8.7617 3.3500
      vertex -16.3331 -8.1469 3.3500
      vertex -16.3331 -8.1469 6.8000
    endloop
  endfacet
  facet normal 0.9805806756909201 0.196116135138184 0
    outer loop
      vertex -16.2102 -8.7617 3.3500
      vertex -16.3331 -8.1469 6.8000
      vertex -16.2102 -8.7617 6.8000
    endloop
  endfacet
  facet normal 0 0 1
    outer loop
      vertex -25.0000 -5.0000 6.8000
      vertex -16.2102 -8.7617 6.8000
      vertex -16.3331 -8.1469 6.8000
    endloop
  endfacet
  facet normal 0 0 -1
    outer loop
      vertex -25.0000 -5.0000 3.3500
      vertex -16.3331 -8.1469 3.3500
      vertex -16.2102 -8.7617 3.3500
    endloop
  endfacet
  facet normal 0.9123555253223392 0.4093988219496957 0
    outer loop
      vertex -16.3331 -8.1469 3.3500
      vertex -16.5898 -7.5749 3.3500
      vertex -16.5898 -7.5749 6.8000
    endloop
  endfacet
  facet normal 0.9123555253223392 0.4093988219496957 0
    outer loop
      vertex -16.3331 -8.1469 3.3500
      vertex -16.5898 -7.5749 6.8000
      vertex -16.3331 -8.1469 6.8000
    endloop
  endfacet
  facet normal 0 0 1
    outer loop
      vertex -25.0000 -5.0000 6.8000
      vertex -16.3331 -8.1469 6.8000
      vertex -16.5898 -7.5749 6.8000
    endloop
  endfacet
  facet normal 0 0 -1
    outer loop
      vertex -25.0000 -5.0000 3.3500
      vertex -16.5898 -7.5749 3.3500
      vertex -16.3331 -8.1469 3.3500
    endloop
  endfacet
  facet normal 0.7983810592491983 0.6021525423280452 0
    outer loop
      vertex -16.5898 -7.5749 3.3500
      vertex -16.9674 -7.0743 3.3500
      vertex -16.9674 -7.0743 6.8000
    endloop
  endfacet
  facet normal 0.7983810592491983 0.6021525423280452 0
    outer loop
      vertex -16.5898 -7.5749 3.3500
      vertex -16.9674 -7.0743 6.8000
      vertex -16.5898 -7.5749 6.8000
    endloop
  endfacet
  facet normal 0 0 1
    outer loop
      vertex -25.0000 -5.0000 6.8000
      vertex -16.5898 -7.5749 6.8000
      vertex -16.9674 -7.0743 6.8000
    endloop
  endfacet
  facet normal 0 0 -1
    outer loop
      vertex -25.0000 -5.0000 3.3500
      vertex -16.9674 -7.0743 3.3500
      vertex -16.5898 -7.5749 3.3500
    endloop
  endfacet
  facet normal 0.6443724331163273 0.7647118198640218 0
    outer loop
      vertex -16.9674 -7.0743 3.3500
      vertex -17.4468 -6.6703 3.3500
      vertex -17.4468 -6.6703 6.8000
    endloop
  endfacet
  facet normal 0.6443724331163273 0.7647118198640218 0
    outer loop
      vertex -16.9674 -7.0743 3.3500
      vertex -17.4468 -6.6703 6.8000
      vertex -16.9674 -7.0743 6.8000
    endloop
  endfacet
  facet normal 0 0 1
    outer loop
      vertex -25.0000 -5.0000 6.8000
      vertex -16.9674 -7.0743 6.8000
      vertex -17.4468 -6.6703 6.8000
    endloop
  endfacet
  facet normal 0 0 -1
    outer loop
      vertex -25.0000 -5.0000 3.3500
      vertex -17.4468 -6.6703 3.3500
      vertex -16.9674 -7.0743 3.3500
    endloop
  endfacet
  facet normal 0.5547001962252291 0.8320502943378438 0
    outer loop
      vertex -17.4468 -6.6703 3.3500
      vertex -29.4468 1.3297 3.3500
      vertex -29.4468 1.3297 6.8000
    endloop
  endfacet
  facet normal 0.5547001962252291 0.8320502943378438 0
    outer loop
      vertex -17.4468 -6.6703 3.3500
      vertex -29.4468 1.3297 6.8000
      vertex -17.4468 -6.6703 6.8000
    endloop
  endfacet
  facet normal 0 0 1
    outer loop
      vertex -25.0000 -5.0000 6.8000
      vertex -17.4468 -6.6703 6.8000
      vertex -29.4468 1.3297 6.8000
    endloop
  endfacet
  facet normal 0 0 -1
    outer loop
      vertex -25.0000 -5.0000 3.3500
      vertex -29.4468 1.3297 3.3500
      vertex -17.4468 -6.6703 3.3500
    endloop
  endfacet
  facet normal 0.7532911226427988 0.6576872239503759 0
    outer loop
      vertex -11.8623 24.4799 3.3500
      vertex -12.2452 24.9185 3.3500
      vertex -12.2452 24.9185 6.8000
    endloop
  endfacet
  facet normal 0.7532911226427988 0.6576872239503759 0
    outer loop
      vertex -11.8623 24.4799 3.3500
      vertex -12.2452 24.9185 6.8000
      vertex -11.8623 24.4799 6.8000
    endloop
  endfacet
  facet normal 0 0 1
    outer loop
      vertex -9.5000 16.5000 6.8000
      vertex -11.8623 24.4799 6.8000
      vertex -12.2452 24.9185 6.8000
    endloop
  endfacet
  facet normal 0 0 -1
    outer loop
      vertex -9.5000 16.5000 3.3500
      vertex -12.2452 24.9185 3.3500
      vertex -11.8623 24.4799 3.3500
    endloop
  endfacet
  facet normal 0.58805536613867 0.8088206762660772 0
    outer loop
      vertex -12.2452 24.9185 3.3500
      vertex -12.7161 25.2609 3.3500
      vertex -12.7161 25.2609 6.8000
    endloop
  endfacet
  facet normal 0.58805536613867 0.8088206762660772 0
    outer loop
      vertex -12.2452 24.9185 3.3500
      vertex -12.7161 25.2609 6.8000
      vertex -12.2452 24.9185 6.8000
    endloop
  endfacet
  facet normal 0 0 1
    outer loop
      vertex -9.5000 16.5000 6.8000
      vertex -12.2452 24.9185 6.8000
      vertex -12.7161 25.2609 6.8000
    endloop
  endfacet
  facet normal 0 0 -1
    outer loop
      vertex -9.5000 16.5000 3.3500
      vertex -12.7161 25.2609 3.3500
      vertex -12.2452 24.9185 3.3500
    endloop
  endfacet
  facet normal 0.3933320580709873 0.9193964825327764 0
    outer loop
      vertex -12.7161 25.2609 3.3500
      vertex -13.2514 25.4899 3.3500
      vertex -13.2514 25.4899 6.8000
    endloop
  endfacet
  facet normal 0.3933320580709873 0.9193964825327764 0
    outer loop
      vertex -12.7161 25.2609 3.3500
      vertex -13.2514 25.4899 6.8000
      vertex -12.7161 25.2609 6.8000
    endloop
  endfacet
  facet normal 0 0 1
    outer loop
      vertex -9.5000 16.5000 6.8000
      vertex -12.7161 25.2609 6.8000
      vertex -13.2514 25.4899 6.8000
    endloop
  endfacet
  facet normal 0 0 -1
    outer loop
      vertex -9.5000 16.5000 3.3500
      vertex -13.2514 25.4899 3.3500
      vertex -12.7161 25.2609 3.3500
    endloop
  endfacet
  facet normal 0.1788854381999805 0.983869910099908 0
    outer loop
      vertex -13.2514 25.4899 3.3500
      vertex -13.8242 25.5941 3.3500
      vertex -13.8242 25.5941 6.8000
    endloop
  endfacet
  facet normal 0.1788854381999805 0.983869910099908 0
    outer loop
      vertex -13.2514 25.4899 3.3500
      vertex -13.8242 25.5941 6.8000
      vertex -13.2514 25.4899 6.8000
    endloop
  endfacet
  facet normal 0 0 1
    outer loop
      vertex -9.5000 16.5000 6.8000
      vertex -13.2514 25.4899 6.8000
      vertex -13.8242 25.5941 6.8000
    endloop
  endfacet
  facet normal 0 0 -1
    outer loop
      vertex -9.5000 16.5000 3.3500
      vertex -13.8242 25.5941 3.3500
      vertex -13.2514 25.4899 3.3500
    endloop
  endfacet
  facet normal -0.04453124450290114 0.9990079920916664 0
    outer loop
      vertex -13.8242 25.5941 3.3500
      vertex -14.4059 25.5681 3.3500
      vertex -14.4059 25.5681 6.8000
    endloop
  endfacet
  facet normal -0.04453124450290114 0.9990079920916664 0
    outer loop
      vertex -13.8242 25.5941 3.3500
      vertex -14.4059 25.5681 6.8000
      vertex -13.8242 25.5941 6.8000
    endloop
  endfacet
  facet normal 0 0 1
    outer loop
      vertex -9.5000 16.5000 6.8000
      vertex -13.8242 25.5941 6.8000
      vertex -14.4059 25.5681 6.8000
    endloop
  endfacet
  facet normal 0 0 -1
    outer loop
      vertex -9.5000 16.5000 3.3500
      vertex -14.4059 25.5681 3.3500
      vertex -13.8242 25.5941 3.3500
    endloop
  endfacet
  facet normal -0.2657149446601391 0.9640516418658595 0
    outer loop
      vertex -14.4059 25.5681 3.3500
      vertex -14.9672 25.4134 3.3500
      vertex -14.9672 25.4134 6.8000
    endloop
  endfacet
  facet normal -0.2657149446601391 0.9640516418658595 0
    outer loop
      vertex -14.4059 25.5681 3.3500
      vertex -14.9672 25.4134 6.8000
      vertex -14.4059 25.5681 6.8000
    endloop
  endfacet
  facet normal 0 0 1
    outer loop
      vertex -9.5000 16.5000 6.8000
      vertex -14.4059 25.5681 6.8000
      vertex -14.9672 25.4134 6.8000
    endloop
  endfacet
  facet normal 0 0 -1
    outer loop
      vertex -9.5000 16.5000 3.3500
      vertex -14.9672 25.4134 3.3500
      vertex -14.4059 25.5681 3.3500
    endloop
  endfacet
  facet normal -0.4735745879631255 0.8807537167878179 0
    outer loop
      vertex -14.9672 25.4134 3.3500
      vertex -15.4799 25.1377 3.3500
      vertex -15.4799 25.1377 6.8000
    endloop
  endfacet
  facet normal -0.4735745879631255 0.8807537167878179 0
    outer loop
      vertex -14.9672 25.4134 3.3500
      vertex -15.4799 25.1377 6.8000
      vertex -14.9672 25.4134 6.8000
    endloop
  endfacet
  facet normal 0 0 1
    outer loop
      vertex -9.5000 16.5000 6.8000
      vertex -14.9672 25.4134 6.8000
      vertex -15.4799 25.1377 6.8000
    endloop
  endfacet
  facet normal 0 0 -1
    outer loop
      vertex -9.5000 16.5000 3.3500
      vertex -15.4799 25.1377 3.3500
      vertex -14.9672 25.4134 3.3500
    endloop
  endfacet
  facet normal -0.657687223950379 0.753291122642796 0
    outer loop
      vertex -15.4799 25.1377 3.3500
      vertex -15.9185 24.7548 3.3500
      vertex -15.9185 24.7548 6.8000
    endloop
  endfacet
  facet normal -0.657687223950379 0.753291122642796 0
    outer loop
      vertex -15.4799 25.1377 3.3500
      vertex -15.9185 24.7548 6.8000
      vertex -15.4799 25.1377 6.8000
    endloop
  endfacet
  facet normal 0 0 1
    outer loop
      vertex -9.5000 16.5000 6.8000
      vertex -15.4799 25.1377 6.8000
      vertex -15.9185 24.7548 6.8000
    endloop
  endfacet
  facet normal 0 0 -1
    outer loop
      vertex -9.5000 16.5000 3.3500
      vertex -15.9185 24.7548 3.3500
      vertex -15.4799 25.1377 3.3500
    endloop
  endfacet
  facet normal -0.8088206762660762 0.5880553661386717 0
    outer loop
      vertex -15.9185 24.7548 3.3500
      vertex -16.2609 24.2839 3.3500
      vertex -16.2609 24.2839 6.8000
    endloop
  endfacet
  facet normal -0.8088206762660762 0.5880553661386717 0
    outer loop
      vertex -15.9185 24.7548 3.3500
      vertex -16.2609 24.2839 6.8000
      vertex -15.9185 24.7548 6.8000
    endloop
  endfacet
  facet normal 0 0 1
    outer loop
      vertex -9.5000 16.5000 6.8000
      vertex -15.9185 24.7548 6.8000
      vertex -16.2609 24.2839 6.8000
    endloop
  endfacet
  facet normal 0 0 -1
    outer loop
      vertex -9.5000 16.5000 3.3500
      vertex -16.2609 24.2839 3.3500
      vertex -15.9185 24.7548 3.3500
    endloop
  endfacet
  facet normal -0.9193964825327764 0.3933320580709873 0
    outer loop
      vertex -16.2609 24.2839 3.3500
      vertex -16.4899 23.7486 3.3500
      vertex -16.4899 23.7486 6.8000
    endloop
  endfacet
  facet normal -0.9193964825327764 0.3933320580709873 0
    outer loop
      vertex -16.2609 24.2839 3.3500
      vertex -16.4899 23.7486 6.8000
      vertex -16.2609 24.2839 6.8000
    endloop
  endfacet
  facet normal 0 0 1
    outer loop
      vertex -9.5000 16.5000 6.8000
      vertex -16.2609 24.2839 6.8000
      vertex -16.4899 23.7486 6.8000
    endloop
  endfacet
  facet normal 0 0 -1
    outer loop
      vertex -9.5000 16.5000 3.3500
      vertex -16.4899 23.7486 3.3500
      vertex -16.2609 24.2839 3.3500
    endloop
  endfacet
  facet normal -0.983869910099908 0.1788854381999805 0
    outer loop
      vertex -16.4899 23.7486 3.3500
      vertex -16.5941 23.1758 3.3500
      vertex -16.5941 23.1758 6.8000
    endloop
  endfacet
  facet normal -0.983869910099908 0.1788854381999805 0
    outer loop
      vertex -16.4899 23.7486 3.3500
      vertex -16.5941 23.1758 6.8000
      vertex -16.4899 23.7486 6.8000
    endloop
  endfacet
  facet normal 0 0 1
    outer loop
      vertex -9.5000 16.5000 6.8000
      vertex -16.4899 23.7486 6.8000
      vertex -16.5941 23.1758 6.8000
    endloop
  endfacet
  facet normal 0 0 -1
    outer loop
      vertex -9.5000 16.5000 3.3500
      vertex -16.5941 23.1758 3.3500
      vertex -16.4899 23.7486 3.3500
    endloop
  endfacet
  facet normal -0.9990079920916664 -0.04453124450290101 0
    outer loop
      vertex -16.5941 23.1758 3.3500
      vertex -16.5681 22.5941 3.3500
      vertex -16.5681 22.5941 6.8000
    endloop
  endfacet
  facet normal -0.9990079920916664 -0.04453124450290101 0
    outer loop
      vertex -16.5941 23.1758 3.3500
      vertex -16.5681 22.5941 6.8000
      vertex -16.5941 23.1758 6.8000
    endloop
  endfacet
  facet normal 0 0 1
    outer loop
      vertex -9.5000 16.5000 6.8000
      vertex -16.5941 23.1758 6.8000
      vertex -16.5681 22.5941 6.8000
    endloop
  endfacet
  facet normal 0 0 -1
    outer loop
      vertex -9.5000 16.5000 3.3500
      vertex -16.5681 22.5941 3.3500
      vertex -16.5941 23.1758 3.3500
    endloop
  endfacet
  facet normal -0.9640516418658591 -0.2657149446601399 0
    outer loop
      vertex -16.5681 22.5941 3.3500
      vertex -16.4134 22.0328 3.3500
      vertex -16.4134 22.0328 6.8000
    endloop
  endfacet
  facet normal -0.9640516418658591 -0.2657149446601399 0
    outer loop
      vertex -16.5681 22.5941 3.3500
      vertex -16.4134 22.0328 6.8000
      vertex -16.5681 22.5941 6.8000
    endloop
  endfacet
  facet normal 0 0 1
    outer loop
      vertex -9.5000 16.5000 6.8000
      vertex -16.5681 22.5941 6.8000
      vertex -16.4134 22.0328 6.8000
    endloop
  endfacet
  facet normal 0 0 -1
    outer loop
      vertex -9.5000 16.5000 3.3500
      vertex -16.4134 22.0328 3.3500
      vertex -16.5681 22.5941 3.3500
    endloop
  endfacet
  facet normal -0.8807537167878172 -0.47357458796312674 0
    outer loop
      vertex -16.4134 22.0328 3.3500
      vertex -16.1377 21.5201 3.3500
      vertex -16.1377 21.5201 6.8000
    endloop
  endfacet
  facet normal -0.8807537167878172 -0.47357458796312674 0
    outer loop
      vertex -16.4134 22.0328 3.3500
      vertex -16.1377 21.5201 6.8000
      vertex -16.4134 22.0328 6.8000
    endloop
  endfacet
  facet normal 0 0 1
    outer loop
      vertex -9.5000 16.5000 6.8000
      vertex -16.4134 22.0328 6.8000
      vertex -16.1377 21.5201 6.8000
    endloop
  endfacet
  facet normal 0 0 -1
    outer loop
      vertex -9.5000 16.5000 3.3500
      vertex -16.1377 21.5201 3.3500
      vertex -16.4134 22.0328 3.3500
    endloop
  endfacet
  facet normal -0.8221921916437787 -0.5692099788303082 0
    outer loop
      vertex -16.1377 21.5201 3.3500
      vertex -7.1377 8.5201 3.3500
      vertex -7.1377 8.5201 6.8000
    endloop
  endfacet
  facet normal -0.8221921916437787 -0.5692099788303082 0
    outer loop
      vertex -16.1377 21.5201 3.3500
      vertex -7.1377 8.5201 6.8000
      vertex -16.1377 21.5201 6.8000
    endloop
  endfacet
  facet normal 0 0 1
    outer loop
      vertex -9.5000 16.5000 6.8000
      vertex -16.1377 21.5201 6.8000
      vertex -7.1377 8.5201 6.8000
    endloop
  endfacet
  facet normal 0 0 -1
    outer loop
      vertex -9.5000 16.5000 3.3500
      vertex -7.1377 8.5201 3.3500
      vertex -16.1377 21.5201 3.3500
    endloop
  endfacet
  facet normal -0.7532911226427975 -0.6576872239503774 0
    outer loop
      vertex -7.1377 8.5201 3.3500
      vertex -6.7548 8.0815 3.3500
      vertex -6.7548 8.0815 6.8000
    endloop
  endfacet
  facet normal -0.7532911226427975 -0.6576872239503774 0
    outer loop
      vertex -7.1377 8.5201 3.3500
      vertex -6.7548 8.0815 6.8000
      vertex -7.1377 8.5201 6.8000
    endloop
  endfacet
  facet normal 0 0 1
    outer loop
      vertex -9.5000 16.5000 6.8000
      vertex -7.1377 8.5201 6.8000
      vertex -6.7548 8.0815 6.8000
    endloop
  endfacet
  facet normal 0 0 -1
    outer loop
      vertex -9.5000 16.5000 3.3500
      vertex -6.7548 8.0815 3.3500
      vertex -7.1377 8.5201 3.3500
    endloop
  endfacet
  facet normal -0.5880553661386709 -0.8088206762660768 0
    outer loop
      vertex -6.7548 8.0815 3.3500
      vertex -6.2839 7.7391 3.3500
      vertex -6.2839 7.7391 6.8000
    endloop
  endfacet
  facet normal -0.5880553661386709 -0.8088206762660768 0
    outer loop
      vertex -6.7548 8.0815 3.3500
      vertex -6.2839 7.7391 6.8000
      vertex -6.7548 8.0815 6.8000
    endloop
  endfacet
  facet normal 0 0 1
    outer loop
      vertex -9.5000 16.5000 6.8000
      vertex -6.7548 8.0815 6.8000
      vertex -6.2839 7.7391 6.8000
    endloop
  endfacet
  facet normal 0 0 -1
    outer loop
      vertex -9.5000 16.5000 3.3500
      vertex -6.2839 7.7391 3.3500
      vertex -6.7548 8.0815 3.3500
    endloop
  endfacet
  facet normal -0.3933320580709867 -0.9193964825327764 0
    outer loop
      vertex -6.2839 7.7391 3.3500
      vertex -5.7486 7.5101 3.3500
      vertex -5.7486 7.5101 6.8000
    endloop
  endfacet
  facet normal -0.3933320580709867 -0.9193964825327764 0
    outer loop
      vertex -6.2839 7.7391 3.3500
      vertex -5.7486 7.5101 6.8000
      vertex -6.2839 7.7391 6.8000
    endloop
  endfacet
  facet normal 0 0 1
    outer loop
      vertex -9.5000 16.5000 6.8000
      vertex -6.2839 7.7391 6.8000
      vertex -5.7486 7.5101 6.8000
    endloop
  endfacet
  facet normal 0 0 -1
    outer loop
      vertex -9.5000 16.5000 3.3500
      vertex -5.7486 7.5101 3.3500
      vertex -6.2839 7.7391 3.3500
    endloop
  endfacet
  facet normal -0.17888543819998343 -0.9838699100999073 0
    outer loop
      vertex -5.7486 7.5101 3.3500
      vertex -5.1758 7.4059 3.3500
      vertex -5.1758 7.4059 6.8000
    endloop
  endfacet
  facet normal -0.17888543819998343 -0.9838699100999073 0
    outer loop
      vertex -5.7486 7.5101 3.3500
      vertex -5.1758 7.4059 6.8000
      vertex -5.7486 7.5101 6.8000
    endloop
  endfacet
  facet normal 0 0 1
    outer loop
      vertex -9.5000 16.5000 6.8000
      vertex -5.7486 7.5101 6.8000
      vertex -5.1758 7.4059 6.8000
    endloop
  endfacet
  facet normal 0 0 -1
    outer loop
      vertex -9.5000 16.5000 3.3500
      vertex -5.1758 7.4059 3.3500
      vertex -5.7486 7.5101 3.3500
    endloop
  endfacet
  facet normal 0.044531244502907234 -0.9990079920916661 0
    outer loop
      vertex -5.1758 7.4059 3.3500
      vertex -4.5941 7.4319 3.3500
      vertex -4.5941 7.4319 6.8000
    endloop
  endfacet
  facet normal 0.044531244502907234 -0.9990079920916661 0
    outer loop
      vertex -5.1758 7.4059 3.3500
      vertex -4.5941 7.4319 6.8000
      vertex -5.1758 7.4059 6.8000
    endloop
  endfacet
  facet normal 0 0 1
    outer loop
      vertex -9.5000 16.5000 6.8000
      vertex -5.1758 7.4059 6.8000
      vertex -4.5941 7.4319 6.8000
    endloop
  endfacet
  facet normal 0 0 -1
    outer loop
      vertex -9.5000 16.5000 3.3500
      vertex -4.5941 7.4319 3.3500
      vertex -5.1758 7.4059 3.3500
    endloop
  endfacet
  facet normal 0.26571494466013623 -0.9640516418658601 0
    outer loop
      vertex -4.5941 7.4319 3.3500
      vertex -4.0328 7.5866 3.3500
      vertex -4.0328 7.5866 6.8000
    endloop
  endfacet
  facet normal 0.26571494466013623 -0.9640516418658601 0
    outer loop
      vertex -4.5941 7.4319 3.3500
      vertex -4.0328 7.5866 6.8000
      vertex -4.5941 7.4319 6.8000
    endloop
  endfacet
  facet normal 0 0 1
    outer loop
      vertex -9.5000 16.5000 6.8000
      vertex -4.5941 7.4319 6.8000
      vertex -4.0328 7.5866 6.8000
    endloop
  endfacet
  facet normal 0 0 -1
    outer loop
      vertex -9.5000 16.5000 3.3500
      vertex -4.0328 7.5866 3.3500
      vertex -4.5941 7.4319 3.3500
    endloop
  endfacet
  facet normal 0.4735745879631255 -0.8807537167878179 0
    outer loop
      vertex -4.0328 7.5866 3.3500
      vertex -3.5201 7.8623 3.3500
      vertex -3.5201 7.8623 6.8000
    endloop
  endfacet
  facet normal 0.4735745879631255 -0.8807537167878179 0
    outer loop
      vertex -4.0328 7.5866 3.3500
      vertex -3.5201 7.8623 6.8000
      vertex -4.0328 7.5866 6.8000
    endloop
  endfacet
  facet normal 0 0 1
    outer loop
      vertex -9.5000 16.5000 6.8000
      vertex -4.0328 7.5866 6.8000
      vertex -3.5201 7.8623 6.8000
    endloop
  endfacet
  facet normal 0 0 -1
    outer loop
      vertex -9.5000 16.5000 3.3500
      vertex -3.5201 7.8623 3.3500
      vertex -4.0328 7.5866 3.3500
    endloop
  endfacet
  facet normal 0.6576872239503774 -0.7532911226427975 0
    outer loop
      vertex -3.5201 7.8623 3.3500
      vertex -3.0815 8.2452 3.3500
      vertex -3.0815 8.2452 6.8000
    endloop
  endfacet
  facet normal 0.6576872239503774 -0.7532911226427975 0
    outer loop
      vertex -3.5201 7.8623 3.3500
      vertex -3.0815 8.2452 6.8000
      vertex -3.5201 7.8623 6.8000
    endloop
  endfacet
  facet normal 0 0 1
    outer loop
      vertex -9.5000 16.5000 6.8000
      vertex -3.5201 7.8623 6.8000
      vertex -3.0815 8.2452 6.8000
    endloop
  endfacet
  facet normal 0 0 -1
    outer loop
      vertex -9.5000 16.5000 3.3500
      vertex -3.0815 8.2452 3.3500
      vertex -3.5201 7.8623 3.3500
    endloop
  endfacet
  facet normal 0.8088206762660765 -0.588055366138671 0
    outer loop
      vertex -3.0815 8.2452 3.3500
      vertex -2.7391 8.7161 3.3500
      vertex -2.7391 8.7161 6.8000
    endloop
  endfacet
  facet normal 0.8088206762660765 -0.588055366138671 0
    outer loop
      vertex -3.0815 8.2452 3.3500
      vertex -2.7391 8.7161 6.8000
      vertex -3.0815 8.2452 6.8000
    endloop
  endfacet
  facet normal 0 0 1
    outer loop
      vertex -9.5000 16.5000 6.8000
      vertex -3.0815 8.2452 6.8000
      vertex -2.7391 8.7161 6.8000
    endloop
  endfacet
  facet normal 0 0 -1
    outer loop
      vertex -9.5000 16.5000 3.3500
      vertex -2.7391 8.7161 3.3500
      vertex -3.0815 8.2452 3.3500
    endloop
  endfacet
  facet normal 0.9193964825327763 -0.39333205807098676 0
    outer loop
      vertex -2.7391 8.7161 3.3500
      vertex -2.5101 9.2514 3.3500
      vertex -2.5101 9.2514 6.8000
    endloop
  endfacet
  facet normal 0.9193964825327763 -0.39333205807098676 0
    outer loop
      vertex -2.7391 8.7161 3.3500
      vertex -2.5101 9.2514 6.8000
      vertex -2.7391 8.7161 6.8000
    endloop
  endfacet
  facet normal 0 0 1
    outer loop
      vertex -9.5000 16.5000 6.8000
      vertex -2.7391 8.7161 6.8000
      vertex -2.5101 9.2514 6.8000
    endloop
  endfacet
  facet normal 0 0 -1
    outer loop
      vertex -9.5000 16.5000 3.3500
      vertex -2.5101 9.2514 3.3500
      vertex -2.7391 8.7161 3.3500
    endloop
  endfacet
  facet normal 0.9838699100999073 -0.17888543819998343 0
    outer loop
      vertex -2.5101 9.2514 3.3500
      vertex -2.4059 9.8242 3.3500
      vertex -2.4059 9.8242 6.8000
    endloop
  endfacet
  facet normal 0.9838699100999073 -0.17888543819998343 0
    outer loop
      vertex -2.5101 9.2514 3.3500
      vertex -2.4059 9.8242 6.8000
      vertex -2.5101 9.2514 6.8000
    endloop
  endfacet
  facet normal 0 0 1
    outer loop
      vertex -9.5000 16.5000 6.8000
      vertex -2.5101 9.2514 6.8000
      vertex -2.4059 9.8242 6.8000
    endloop
  endfacet
  facet normal 0 0 -1
    outer loop
      vertex -9.5000 16.5000 3.3500
      vertex -2.4059 9.8242 3.3500
      vertex -2.5101 9.2514 3.3500
    endloop
  endfacet
  facet normal 0.9990079920916661 0.04453124450290647 0
    outer loop
      vertex -2.4059 9.8242 3.3500
      vertex -2.4319 10.4059 3.3500
      vertex -2.4319 10.4059 6.8000
    endloop
  endfacet
  facet normal 0.9990079920916661 0.04453124450290647 0
    outer loop
      vertex -2.4059 9.8242 3.3500
      vertex -2.4319 10.4059 6.8000
      vertex -2.4059 9.8242 6.8000
    endloop
  endfacet
  facet normal 0 0 1
    outer loop
      vertex -9.5000 16.5000 6.8000
      vertex -2.4059 9.8242 6.8000
      vertex -2.4319 10.4059 6.8000
    endloop
  endfacet
  facet normal 0 0 -1
    outer loop
      vertex -9.5000 16.5000 3.3500
      vertex -2.4319 10.4059 3.3500
      vertex -2.4059 9.8242 3.3500
    endloop
  endfacet
  facet normal 0.9640516418658601 0.26571494466013623 0
    outer loop
      vertex -2.4319 10.4059 3.3500
      vertex -2.5866 10.9672 3.3500
      vertex -2.5866 10.9672 6.8000
    endloop
  endfacet
  facet normal 0.9640516418658601 0.26571494466013623 0
    outer loop
      vertex -2.4319 10.4059 3.3500
      vertex -2.5866 10.9672 6.8000
      vertex -2.4319 10.4059 6.8000
    endloop
  endfacet
  facet normal 0 0 1
    outer loop
      vertex -9.5000 16.5000 6.8000
      vertex -2.4319 10.4059 6.8000
      vertex -2.5866 10.9672 6.8000
    endloop
  endfacet
  facet normal 0 0 -1
    outer loop
      vertex -9.5000 16.5000 3.3500
      vertex -2.5866 10.9672 3.3500
      vertex -2.4319 10.4059 3.3500
    endloop
  endfacet
  facet normal 0.8807537167878179 0.4735745879631255 0
    outer loop
      vertex -2.5866 10.9672 3.3500
      vertex -2.8623 11.4799 3.3500
      vertex -2.8623 11.4799 6.8000
    endloop
  endfacet
  facet normal 0.8807537167878179 0.4735745879631255 0
    outer loop
      vertex -2.5866 10.9672 3.3500
      vertex -2.8623 11.4799 6.8000
      vertex -2.5866 10.9672 6.8000
    endloop
  endfacet
  facet normal 0 0 1
    outer loop
      vertex -9.5000 16.5000 6.8000
      vertex -2.5866 10.9672 6.8000
      vertex -2.8623 11.4799 6.8000
    endloop
  endfacet
  facet normal 0 0 -1
    outer loop
      vertex -9.5000 16.5000 3.3500
      vertex -2.8623 11.4799 3.3500
      vertex -2.5866 10.9672 3.3500
    endloop
  endfacet
  facet normal 0.8221921916437787 0.5692099788303083 0
    outer loop
      vertex -2.8623 11.4799 3.3500
      vertex -11.8623 24.4799 3.3500
      vertex -11.8623 24.4799 6.8000
    endloop
  endfacet
  facet normal 0.8221921916437787 0.5692099788303083 0
    outer loop
      vertex -2.8623 11.4799 3.3500
      vertex -11.8623 24.4799 6.8000
      vertex -2.8623 11.4799 6.8000
    endloop
  endfacet
  facet normal 0 0 1
    outer loop
      vertex -9.5000 16.5000 6.8000
      vertex -2.8623 11.4799 6.8000
      vertex -11.8623 24.4799 6.8000
    endloop
  endfacet
  facet normal 0 0 -1
    outer loop
      vertex -9.5000 16.5000 3.3500
      vertex -11.8623 24.4799 3.3500
      vertex -2.8623 11.4799 3.3500
    endloop
  endfacet
  facet normal 0.9999261257742066 -0.012154957597016104 0
    outer loop
      vertex 6.6792 27.6651 3.3500
      vertex 6.6865 28.2697 3.3500
      vertex 6.6865 28.2697 6.8000
    endloop
  endfacet
  facet normal 0.9999261257742066 -0.012154957597016104 0
    outer loop
      vertex 6.6792 27.6651 3.3500
      vertex 6.6865 28.2697 6.8000
      vertex 6.6792 27.6651 6.8000
    endloop
  endfacet
  facet normal 0 0 1
    outer loop
      vertex 3.0000 20.0000 6.8000
      vertex 6.6792 27.6651 6.8000
      vertex 6.6865 28.2697 6.8000
    endloop
  endfacet
  facet normal 0 0 -1
    outer loop
      vertex 3.0000 20.0000 3.3500
      vertex 6.6865 28.2697 3.3500
      vertex 6.6792 27.6651 3.3500
    endloop
  endfacet
  facet normal 0.9775606226537944 0.21065428796187832 0
    outer loop
      vertex 6.6865 28.2697 3.3500
      vertex 6.5591 28.8607 3.3500
      vertex 6.5591 28.8607 6.8000
    endloop
  endfacet
  facet normal 0.9775606226537944 0.21065428796187832 0
    outer loop
      vertex 6.6865 28.2697 3.3500
      vertex 6.5591 28.8607 6.8000
      vertex 6.6865 28.2697 6.8000
    endloop
  endfacet
  facet normal 0 0 1
    outer loop
      vertex 3.0000 20.0000 6.8000
      vertex 6.6865 28.2697 6.8000
      vertex 6.5591 28.8607 6.8000
    endloop
  endfacet
  facet normal 0 0 -1
    outer loop
      vertex 3.0000 20.0000 3.3500
      vertex 6.5591 28.8607 3.3500
      vertex 6.6865 28.2697 3.3500
    endloop
  endfacet
  facet normal 0.9061761479758469 0.42290044790666287 0
    outer loop
      vertex 6.5591 28.8607 3.3500
      vertex 6.3034 29.4086 3.3500
      vertex 6.3034 29.4086 6.8000
    endloop
  endfacet
  facet normal 0.9061761479758469 0.42290044790666287 0
    outer loop
      vertex 6.5591 28.8607 3.3500
      vertex 6.3034 29.4086 6.8000
      vertex 6.5591 28.8607 6.8000
    endloop
  endfacet
  facet normal 0 0 1
    outer loop
      vertex 3.0000 20.0000 6.8000
      vertex 6.5591 28.8607 6.8000
      vertex 6.3034 29.4086 6.8000
    endloop
  endfacet
  facet normal 0 0 -1
    outer loop
      vertex 3.0000 20.0000 3.3500
      vertex 6.3034 29.4086 3.3500
      vertex 6.5591 28.8607 3.3500
    endloop
  endfacet
  facet normal 0.7893522173763273 0.613940613514919 0
    outer loop
      vertex 6.3034 29.4086 3.3500
      vertex 5.9323 29.8858 3.3500
      vertex 5.9323 29.8858 6.8000
    endloop
  endfacet
  facet normal 0.7893522173763273 0.613940613514919 0
    outer loop
      vertex 6.3034 29.4086 3.3500
      vertex 5.9323 29.8858 6.8000
      vertex 6.3034 29.4086 6.8000
    endloop
  endfacet
  facet normal 0 0 1
    outer loop
      vertex 3.0000 20.0000 6.8000
      vertex 6.3034 29.4086 6.8000
      vertex 5.9323 29.8858 6.8000
    endloop
  endfacet
  facet normal 0 0 -1
    outer loop
      vertex 3.0000 20.0000 3.3500
      vertex 5.9323 29.8858 3.3500
      vertex 6.3034 29.4086 3.3500
    endloop
  endfacet
  facet normal 0.6329468705497392 0.7741952331687993 0
    outer loop
      vertex 5.9323 29.8858 3.3500
      vertex 5.4642 30.2685 3.3500
      vertex 5.4642 30.2685 6.8000
    endloop
  endfacet
  facet normal 0.6329468705497392 0.7741952331687993 0
    outer loop
      vertex 5.9323 29.8858 3.3500
      vertex 5.4642 30.2685 6.8000
      vertex 5.9323 29.8858 6.8000
    endloop
  endfacet
  facet normal 0 0 1
    outer loop
      vertex 3.0000 20.0000 6.8000
      vertex 5.9323 29.8858 6.8000
      vertex 5.4642 30.2685 6.8000
    endloop
  endfacet
  facet normal 0 0 -1
    outer loop
      vertex 3.0000 20.0000 3.3500
      vertex 5.4642 30.2685 3.3500
      vertex 5.9323 29.8858 3.3500
    endloop
  endfacet
  facet normal 0.4448029246778346 0.895628471073829 0
    outer loop
      vertex 5.4642 30.2685 3.3500
      vertex 4.9227 30.5375 3.3500
      vertex 4.9227 30.5375 6.8000
    endloop
  endfacet
  facet normal 0.4448029246778346 0.895628471073829 0
    outer loop
      vertex 5.4642 30.2685 3.3500
      vertex 4.9227 30.5375 6.8000
      vertex 5.4642 30.2685 6.8000
    endloop
  endfacet
  facet normal 0 0 1
    outer loop
      vertex 3.0000 20.0000 6.8000
      vertex 5.4642 30.2685 6.8000
      vertex 4.9227 30.5375 6.8000
    endloop
  endfacet
  facet normal 0 0 -1
    outer loop
      vertex 3.0000 20.0000 3.3500
      vertex 4.9227 30.5375 3.3500
      vertex 5.4642 30.2685 3.3500
    endloop
  endfacet
  facet normal 0.23435470282731366 0.9721511576204195 0
    outer loop
      vertex 4.9227 30.5375 3.3500
      vertex 4.3349 30.6792 3.3500
      vertex 4.3349 30.6792 6.8000
    endloop
  endfacet
  facet normal 0.23435470282731366 0.9721511576204195 0
    outer loop
      vertex 4.9227 30.5375 3.3500
      vertex 4.3349 30.6792 6.8000
      vertex 4.9227 30.5375 6.8000
    endloop
  endfacet
  facet normal 0 0 1
    outer loop
      vertex 3.0000 20.0000 6.8000
      vertex 4.9227 30.5375 6.8000
      vertex 4.3349 30.6792 6.8000
    endloop
  endfacet
  facet normal 0 0 -1
    outer loop
      vertex 3.0000 20.0000 3.3500
      vertex 4.3349 30.6792 3.3500
      vertex 4.9227 30.5375 3.3500
    endloop
  endfacet
  facet normal 0.012154957597011726 0.9999261257742066 0
    outer loop
      vertex 4.3349 30.6792 3.3500
      vertex 3.7303 30.6865 3.3500
      vertex 3.7303 30.6865 6.8000
    endloop
  endfacet
  facet normal 0.012154957597011726 0.9999261257742066 0
    outer loop
      vertex 4.3349 30.6792 3.3500
      vertex 3.7303 30.6865 6.8000
      vertex 4.3349 30.6792 6.8000
    endloop
  endfacet
  facet normal 0 0 1
    outer loop
      vertex 3.0000 20.0000 6.8000
      vertex 4.3349 30.6792 6.8000
      vertex 3.7303 30.6865 6.8000
    endloop
  endfacet
  facet normal 0 0 -1
    outer loop
      vertex 3.0000 20.0000 3.3500
      vertex 3.7303 30.6865 3.3500
      vertex 4.3349 30.6792 3.3500
    endloop
  endfacet
  facet normal -0.2106542879618758 0.9775606226537947 0
    outer loop
      vertex 3.7303 30.6865 3.3500
      vertex 3.1393 30.5591 3.3500
      vertex 3.1393 30.5591 6.8000
    endloop
  endfacet
  facet normal -0.2106542879618758 0.9775606226537947 0
    outer loop
      vertex 3.7303 30.6865 3.3500
      vertex 3.1393 30.5591 6.8000
      vertex 3.7303 30.6865 6.8000
    endloop
  endfacet
  facet normal 0 0 1
    outer loop
      vertex 3.0000 20.0000 6.8000
      vertex 3.7303 30.6865 6.8000
      vertex 3.1393 30.5591 6.8000
    endloop
  endfacet
  facet normal 0 0 -1
    outer loop
      vertex 3.0000 20.0000 3.3500
      vertex 3.1393 30.5591 3.3500
      vertex 3.7303 30.6865 3.3500
    endloop
  endfacet
  facet normal -0.422900447906662 0.9061761479758472 0
    outer loop
      vertex 3.1393 30.5591 3.3500
      vertex 2.5914 30.3034 3.3500
      vertex 2.5914 30.3034 6.8000
    endloop
  endfacet
  facet normal -0.422900447906662 0.9061761479758472 0
    outer loop
      vertex 3.1393 30.5591 3.3500
      vertex 2.5914 30.3034 6.8000
      vertex 3.1393 30.5591 6.8000
    endloop
  endfacet
  facet normal 0 0 1
    outer loop
      vertex 3.0000 20.0000 6.8000
      vertex 3.1393 30.5591 6.8000
      vertex 2.5914 30.3034 6.8000
    endloop
  endfacet
  facet normal 0 0 -1
    outer loop
      vertex 3.0000 20.0000 3.3500
      vertex 2.5914 30.3034 3.3500
      vertex 3.1393 30.5591 3.3500
    endloop
  endfacet
  facet normal -0.6139406135149186 0.7893522173763277 0
    outer loop
      vertex 2.5914 30.3034 3.3500
      vertex 2.1142 29.9323 3.3500
      vertex 2.1142 29.9323 6.8000
    endloop
  endfacet
  facet normal -0.6139406135149186 0.7893522173763277 0
    outer loop
      vertex 2.5914 30.3034 3.3500
      vertex 2.1142 29.9323 6.8000
      vertex 2.5914 30.3034 6.8000
    endloop
  endfacet
  facet normal 0 0 1
    outer loop
      vertex 3.0000 20.0000 6.8000
      vertex 2.5914 30.3034 6.8000
      vertex 2.1142 29.9323 6.8000
    endloop
  endfacet
  facet normal 0 0 -1
    outer loop
      vertex 3.0000 20.0000 3.3500
      vertex 2.1142 29.9323 3.3500
      vertex 2.5914 30.3034 3.3500
    endloop
  endfacet
  facet normal -0.7741952331687987 0.6329468705497401 0
    outer loop
      vertex 2.1142 29.9323 3.3500
      vertex 1.7315 29.4642 3.3500
      vertex 1.7315 29.4642 6.8000
    endloop
  endfacet
  facet normal -0.7741952331687987 0.6329468705497401 0
    outer loop
      vertex 2.1142 29.9323 3.3500
      vertex 1.7315 29.4642 6.8000
      vertex 2.1142 29.9323 6.8000
    endloop
  endfacet
  facet normal 0 0 1
    outer loop
      vertex 3.0000 20.0000 6.8000
      vertex 2.1142 29.9323 6.8000
      vertex 1.7315 29.4642 6.8000
    endloop
  endfacet
  facet normal 0 0 -1
    outer loop
      vertex 3.0000 20.0000 3.3500
      vertex 1.7315 29.4642 3.3500
      vertex 2.1142 29.9323 3.3500
    endloop
  endfacet
  facet normal -0.8956284710738296 0.44480292467783344 0
    outer loop
      vertex 1.7315 29.4642 3.3500
      vertex 1.4625 28.9227 3.3500
      vertex 1.4625 28.9227 6.8000
    endloop
  endfacet
  facet normal -0.8956284710738296 0.44480292467783344 0
    outer loop
      vertex 1.7315 29.4642 3.3500
      vertex 1.4625 28.9227 6.8000
      vertex 1.7315 29.4642 6.8000
    endloop
  endfacet
  facet normal 0 0 1
    outer loop
      vertex 3.0000 20.0000 6.8000
      vertex 1.7315 29.4642 6.8000
      vertex 1.4625 28.9227 6.8000
    endloop
  endfacet
  facet normal 0 0 -1
    outer loop
      vertex 3.0000 20.0000 3.3500
      vertex 1.4625 28.9227 3.3500
      vertex 1.7315 29.4642 3.3500
    endloop
  endfacet
  facet normal -0.9721511576204198 0.23435470282731227 0
    outer loop
      vertex 1.4625 28.9227 3.3500
      vertex 1.3208 28.3349 3.3500
      vertex 1.3208 28.3349 6.8000
    endloop
  endfacet
  facet normal -0.9721511576204198 0.23435470282731227 0
    outer loop
      vertex 1.4625 28.9227 3.3500
      vertex 1.3208 28.3349 6.8000
      vertex 1.4625 28.9227 6.8000
    endloop
  endfacet
  facet normal 0 0 1
    outer loop
      vertex 3.0000 20.0000 6.8000
      vertex 1.4625 28.9227 6.8000
      vertex 1.3208 28.3349 6.8000
    endloop
  endfacet
  facet normal 0 0 -1
    outer loop
      vertex 3.0000 20.0000 3.3500
      vertex 1.3208 28.3349 3.3500
      vertex 1.4625 28.9227 3.3500
    endloop
  endfacet
  facet normal -0.9922778767136677 0.12403473458920847 0
    outer loop
      vertex 1.3208 28.3349 3.3500
      vertex -0.6792 12.3349 3.3500
      vertex -0.6792 12.3349 6.8000
    endloop
  endfacet
  facet normal -0.9922778767136677 0.12403473458920847 0
    outer loop
      vertex 1.3208 28.3349 3.3500
      vertex -0.6792 12.3349 6.8000
      vertex 1.3208 28.3349 6.8000
    endloop
  endfacet
  facet normal 0 0 1
    outer loop
      vertex 3.0000 20.0000 6.8000
      vertex 1.3208 28.3349 6.8000
      vertex -0.6792 12.3349 6.8000
    endloop
  endfacet
  facet normal 0 0 -1
    outer loop
      vertex 3.0000 20.0000 3.3500
      vertex -0.6792 12.3349 3.3500
      vertex 1.3208 28.3349 3.3500
    endloop
  endfacet
  facet normal -0.9999261257742066 0.01215495759701614 0
    outer loop
      vertex -0.6792 12.3349 3.3500
      vertex -0.6865 11.7303 3.3500
      vertex -0.6865 11.7303 6.8000
    endloop
  endfacet
  facet normal -0.9999261257742066 0.01215495759701614 0
    outer loop
      vertex -0.6792 12.3349 3.3500
      vertex -0.6865 11.7303 6.8000
      vertex -0.6792 12.3349 6.8000
    endloop
  endfacet
  facet normal 0 0 1
    outer loop
      vertex 3.0000 20.0000 6.8000
      vertex -0.6792 12.3349 6.8000
      vertex -0.6865 11.7303 6.8000
    endloop
  endfacet
  facet normal 0 0 -1
    outer loop
      vertex 3.0000 20.0000 3.3500
      vertex -0.6865 11.7303 3.3500
      vertex -0.6792 12.3349 3.3500
    endloop
  endfacet
  facet normal -0.9775606226537944 -0.21065428796187757 0
    outer loop
      vertex -0.6865 11.7303 3.3500
      vertex -0.5591 11.1393 3.3500
      vertex -0.5591 11.1393 6.8000
    endloop
  endfacet
  facet normal -0.9775606226537944 -0.21065428796187757 0
    outer loop
      vertex -0.6865 11.7303 3.3500
      vertex -0.5591 11.1393 6.8000
      vertex -0.6865 11.7303 6.8000
    endloop
  endfacet
  facet normal 0 0 1
    outer loop
      vertex 3.0000 20.0000 6.8000
      vertex -0.6865 11.7303 6.8000
      vertex -0.5591 11.1393 6.8000
    endloop
  endfacet
  facet normal 0 0 -1
    outer loop
      vertex 3.0000 20.0000 3.3500
      vertex -0.5591 11.1393 3.3500
      vertex -0.6865 11.7303 3.3500
    endloop
  endfacet
  facet normal -0.9061761479758473 -0.4229004479066617 0
    outer loop
      vertex -0.5591 11.1393 3.3500
      vertex -0.3034 10.5914 3.3500
      vertex -0.3034 10.5914 6.8000
    endloop
  endfacet
  facet normal -0.9061761479758473 -0.4229004479066617 0
    outer loop
      vertex -0.5591 11.1393 3.3500
      vertex -0.3034 10.5914 6.8000
      vertex -0.5591 11.1393 6.8000
    endloop
  endfacet
  facet normal 0 0 1
    outer loop
      vertex 3.0000 20.0000 6.8000
      vertex -0.5591 11.1393 6.8000
      vertex -0.3034 10.5914 6.8000
    endloop
  endfacet
  facet normal 0 0 -1
    outer loop
      vertex 3.0000 20.0000 3.3500
      vertex -0.3034 10.5914 3.3500
      vertex -0.5591 11.1393 3.3500
    endloop
  endfacet
  facet normal -0.7893522173763265 -0.6139406135149199 0
    outer loop
      vertex -0.3034 10.5914 3.3500
      vertex 0.0677 10.1142 3.3500
      vertex 0.0677 10.1142 6.8000
    endloop
  endfacet
  facet normal -0.7893522173763265 -0.6139406135149199 0
    outer loop
      vertex -0.3034 10.5914 3.3500
      vertex 0.0677 10.1142 6.8000
      vertex -0.3034 10.5914 6.8000
    endloop
  endfacet
  facet normal 0 0 1
    outer loop
      vertex 3.0000 20.0000 6.8000
      vertex -0.3034 10.5914 6.8000
      vertex 0.0677 10.1142 6.8000
    endloop
  endfacet
  facet normal 0 0 -1
    outer loop
      vertex 3.0000 20.0000 3.3500
      vertex 0.0677 10.1142 3.3500
      vertex -0.3034 10.5914 3.3500
    endloop
  endfacet
  facet normal -0.6329468705497426 -0.7741952331687968 0
    outer loop
      vertex 0.0677 10.1142 3.3500
      vertex 0.5358 9.7315 3.3500
      vertex 0.5358 9.7315 6.8000
    endloop
  endfacet
  facet normal -0.6329468705497426 -0.7741952331687968 0
    outer loop
      vertex 0.0677 10.1142 3.3500
      vertex 0.5358 9.7315 6.8000
      vertex 0.0677 10.1142 6.8000
    endloop
  endfacet
  facet normal 0 0 1
    outer loop
      vertex 3.0000 20.0000 6.8000
      vertex 0.0677 10.1142 6.8000
      vertex 0.5358 9.7315 6.8000
    endloop
  endfacet
  facet normal 0 0 -1
    outer loop
      vertex 3.0000 20.0000 3.3500
      vertex 0.5358 9.7315 3.3500
      vertex 0.0677 10.1142 3.3500
    endloop
  endfacet
  facet normal -0.44480292467783245 -0.8956284710738303 0
    outer loop
      vertex 0.5358 9.7315 3.3500
      vertex 1.0773 9.4625 3.3500
      vertex 1.0773 9.4625 6.8000
    endloop
  endfacet
  facet normal -0.44480292467783245 -0.8956284710738303 0
    outer loop
      vertex 0.5358 9.7315 3.3500
      vertex 1.0773 9.4625 6.8000
      vertex 0.5358 9.7315 6.8000
    endloop
  endfacet
  facet normal 0 0 1
    outer loop
      vertex 3.0000 20.0000 6.8000
      vertex 0.5358 9.7315 6.8000
      vertex 1.0773 9.4625 6.8000
    endloop
  endfacet
  facet normal 0 0 -1
    outer loop
      vertex 3.0000 20.0000 3.3500
      vertex 1.0773 9.4625 3.3500
      vertex 0.5358 9.7315 3.3500
    endloop
  endfacet
  facet normal -0.23435470282731358 -0.9721511576204195 0
    outer loop
      vertex 1.0773 9.4625 3.3500
      vertex 1.6651 9.3208 3.3500
      vertex 1.6651 9.3208 6.8000
    endloop
  endfacet
  facet normal -0.23435470282731358 -0.9721511576204195 0
    outer loop
      vertex 1.0773 9.4625 3.3500
      vertex 1.6651 9.3208 6.8000
      vertex 1.0773 9.4625 6.8000
    endloop
  endfacet
  facet normal 0 0 1
    outer loop
      vertex 3.0000 20.0000 6.8000
      vertex 1.0773 9.4625 6.8000
      vertex 1.6651 9.3208 6.8000
    endloop
  endfacet
  facet normal 0 0 -1
    outer loop
      vertex 3.0000 20.0000 3.3500
      vertex 1.6651 9.3208 3.3500
      vertex 1.0773 9.4625 3.3500
    endloop
  endfacet
  facet normal -0.012154957597014668 -0.9999261257742066 0
    outer loop
      vertex 1.6651 9.3208 3.3500
      vertex 2.2697 9.3135 3.3500
      vertex 2.2697 9.3135 6.8000
    endloop
  endfacet
  facet normal -0.012154957597014668 -0.9999261257742066 0
    outer loop
      vertex 1.6651 9.3208 3.3500
      vertex 2.2697 9.3135 6.8000
      vertex 1.6651 9.3208 6.8000
    endloop
  endfacet
  facet normal 0 0 1
    outer loop
      vertex 3.0000 20.0000 6.8000
      vertex 1.6651 9.3208 6.8000
      vertex 2.2697 9.3135 6.8000
    endloop
  endfacet
  facet normal 0 0 -1
    outer loop
      vertex 3.0000 20.0000 3.3500
      vertex 2.2697 9.3135 3.3500
      vertex 1.6651 9.3208 3.3500
    endloop
  endfacet
  facet normal 0.2106542879618786 -0.9775606226537942 0
    outer loop
      vertex 2.2697 9.3135 3.3500
      vertex 2.8607 9.4409 3.3500
      vertex 2.8607 9.4409 6.8000
    endloop
  endfacet
  facet normal 0.2106542879618786 -0.9775606226537942 0
    outer loop
      vertex 2.2697 9.3135 3.3500
      vertex 2.8607 9.4409 6.8000
      vertex 2.2697 9.3135 6.8000
    endloop
  endfacet
  facet normal 0 0 1
    outer loop
      vertex 3.0000 20.0000 6.8000
      vertex 2.2697 9.3135 6.8000
      vertex 2.8607 9.4409 6.8000
    endloop
  endfacet
  facet normal 0 0 -1
    outer loop
      vertex 3.0000 20.0000 3.3500
      vertex 2.8607 9.4409 3.3500
      vertex 2.2697 9.3135 3.3500
    endloop
  endfacet
  facet normal 0.42290044790666154 -0.9061761479758476 0
    outer loop
      vertex 2.8607 9.4409 3.3500
      vertex 3.4086 9.6966 3.3500
      vertex 3.4086 9.6966 6.8000
    endloop
  endfacet
  facet normal 0.42290044790666154 -0.9061761479758476 0
    outer loop
      vertex 2.8607 9.4409 3.3500
      vertex 3.4086 9.6966 6.8000
      vertex 2.8607 9.4409 6.8000
    endloop
  endfacet
  facet normal 0 0 1
    outer loop
      vertex 3.0000 20.0000 6.8000
      vertex 2.8607 9.4409 6.8000
      vertex 3.4086 9.6966 6.8000
    endloop
  endfacet
  facet normal 0 0 -1
    outer loop
      vertex 3.0000 20.0000 3.3500
      vertex 3.4086 9.6966 3.3500
      vertex 2.8607 9.4409 3.3500
    endloop
  endfacet
  facet normal 0.6139406135149189 -0.7893522173763274 0
    outer loop
      vertex 3.4086 9.6966 3.3500
      vertex 3.8858 10.0677 3.3500
      vertex 3.8858 10.0677 6.8000
    endloop
  endfacet
  facet normal 0.6139406135149189 -0.7893522173763274 0
    outer loop
      vertex 3.4086 9.6966 3.3500
      vertex 3.8858 10.0677 6.8000
      vertex 3.4086 9.6966 6.8000
    endloop
  endfacet
  facet normal 0 0 1
    outer loop
      vertex 3.0000 20.0000 6.8000
      vertex 3.4086 9.6966 6.8000
      vertex 3.8858 10.0677 6.8000
    endloop
  endfacet
  facet normal 0 0 -1
    outer loop
      vertex 3.0000 20.0000 3.3500
      vertex 3.8858 10.0677 3.3500
      vertex 3.4086 9.6966 3.3500
    endloop
  endfacet
  facet normal 0.7741952331687967 -0.6329468705497424 0
    outer loop
      vertex 3.8858 10.0677 3.3500
      vertex 4.2685 10.5358 3.3500
      vertex 4.2685 10.5358 6.8000
    endloop
  endfacet
  facet normal 0.7741952331687967 -0.6329468705497424 0
    outer loop
      vertex 3.8858 10.0677 3.3500
      vertex 4.2685 10.5358 6.8000
      vertex 3.8858 10.0677 6.8000
    endloop
  endfacet
  facet normal 0 0 1
    outer loop
      vertex 3.0000 20.0000 6.8000
      vertex 3.8858 10.0677 6.8000
      vertex 4.2685 10.5358 6.8000
    endloop
  endfacet
  facet normal 0 0 -1
    outer loop
      vertex 3.0000 20.0000 3.3500
      vertex 4.2685 10.5358 3.3500
      vertex 3.8858 10.0677 3.3500
    endloop
  endfacet
  facet normal 0.8956284710738301 -0.4448029246778323 0
    outer loop
      vertex 4.2685 10.5358 3.3500
      vertex 4.5375 11.0773 3.3500
      vertex 4.5375 11.0773 6.8000
    endloop
  endfacet
  facet normal 0.8956284710738301 -0.4448029246778323 0
    outer loop
      vertex 4.2685 10.5358 3.3500
      vertex 4.5375 11.0773 6.8000
      vertex 4.2685 10.5358 6.8000
    endloop
  endfacet
  facet normal 0 0 1
    outer loop
      vertex 3.0000 20.0000 6.8000
      vertex 4.2685 10.5358 6.8000
      vertex 4.5375 11.0773 6.8000
    endloop
  endfacet
  facet normal 0 0 -1
    outer loop
      vertex 3.0000 20.0000 3.3500
      vertex 4.5375 11.0773 3.3500
      vertex 4.2685 10.5358 3.3500
    endloop
  endfacet
  facet normal 0.9721511576204197 -0.23435470282731224 0
    outer loop
      vertex 4.5375 11.0773 3.3500
      vertex 4.6792 11.6651 3.3500
      vertex 4.6792 11.6651 6.8000
    endloop
  endfacet
  facet normal 0.9721511576204197 -0.23435470282731224 0
    outer loop
      vertex 4.5375 11.0773 3.3500
      vertex 4.6792 11.6651 6.8000
      vertex 4.5375 11.0773 6.8000
    endloop
  endfacet
  facet normal 0 0 1
    outer loop
      vertex 3.0000 20.0000 6.8000
      vertex 4.5375 11.0773 6.8000
      vertex 4.6792 11.6651 6.8000
    endloop
  endfacet
  facet normal 0 0 -1
    outer loop
      vertex 3.0000 20.0000 3.3500
      vertex 4.6792 11.6651 3.3500
      vertex 4.5375 11.0773 3.3500
    endloop
  endfacet
  facet normal 0.9922778767136677 -0.12403473458920847 0
    outer loop
      vertex 4.6792 11.6651 3.3500
      vertex 6.6792 27.6651 3.3500
      vertex 6.6792 27.6651 6.8000
    endloop
  endfacet
  facet normal 0.9922778767136677 -0.12403473458920847 0
    outer loop
      vertex 4.6792 11.6651 3.3500
      vertex 6.6792 27.6651 6.8000
      vertex 4.6792 11.6651 6.8000
    endloop
  endfacet
  facet normal 0 0 1
    outer loop
      vertex 3.0000 20.0000 6.8000
      vertex 4.6792 11.6651 6.8000
      vertex 6.6792 27.6651 6.8000
    endloop
  endfacet
  facet normal 0 0 -1
    outer loop
      vertex 3.0000 20.0000 3.3500
      vertex 6.6792 27.6651 3.3500
      vertex 4.6792 11.6651 3.3500
    endloop
  endfacet
  facet normal 0.8559060817406142 -0.5171312978726285 0
    outer loop
      vertex 15.0608 29.4148 3.3500
      vertex 15.3619 29.9131 3.3500
      vertex 15.3619 29.9131 6.8000
    endloop
  endfacet
  facet normal 0.8559060817406142 -0.5171312978726285 0
    outer loop
      vertex 15.0608 29.4148 3.3500
      vertex 15.3619 29.9131 6.8000
      vertex 15.0608 29.4148 6.8000
    endloop
  endfacet
  facet normal 0 0 1
    outer loop
      vertex 8.0000 24.5000 6.8000
      vertex 15.0608 29.4148 6.8000
      vertex 15.3619 29.9131 6.8000
    endloop
  endfacet
  facet normal 0 0 -1
    outer loop
      vertex 8.0000 24.5000 3.3500
      vertex 15.3619 29.9131 3.3500
      vertex 15.0608 29.4148 3.3500
    endloop
  endfacet
  facet normal 0.9495192686757615 -0.3137087158710245 0
    outer loop
      vertex 15.3619 29.9131 3.3500
      vertex 15.5446 30.4659 3.3500
      vertex 15.5446 30.4659 6.8000
    endloop
  endfacet
  facet normal 0.9495192686757615 -0.3137087158710245 0
    outer loop
      vertex 15.3619 29.9131 3.3500
      vertex 15.5446 30.4659 6.8000
      vertex 15.3619 29.9131 6.8000
    endloop
  endfacet
  facet normal 0 0 1
    outer loop
      vertex 8.0000 24.5000 6.8000
      vertex 15.3619 29.9131 6.8000
      vertex 15.5446 30.4659 6.8000
    endloop
  endfacet
  facet normal 0 0 -1
    outer loop
      vertex 8.0000 24.5000 3.3500
      vertex 15.5446 30.4659 3.3500
      vertex 15.3619 29.9131 3.3500
    endloop
  endfacet
  facet normal 0.9955195946323282 -0.09455546892213339 0
    outer loop
      vertex 15.5446 30.4659 3.3500
      vertex 15.5996 31.0455 3.3500
      vertex 15.5996 31.0455 6.8000
    endloop
  endfacet
  facet normal 0.9955195946323282 -0.09455546892213339 0
    outer loop
      vertex 15.5446 30.4659 3.3500
      vertex 15.5996 31.0455 6.8000
      vertex 15.5446 30.4659 6.8000
    endloop
  endfacet
  facet normal 0 0 1
    outer loop
      vertex 8.0000 24.5000 6.8000
      vertex 15.5446 30.4659 6.8000
      vertex 15.5996 31.0455 6.8000
    endloop
  endfacet
  facet normal 0 0 -1
    outer loop
      vertex 8.0000 24.5000 3.3500
      vertex 15.5996 31.0455 3.3500
      vertex 15.5446 30.4659 3.3500
    endloop
  endfacet
  facet normal 0.9916004111862217 0.12933918406776793 0
    outer loop
      vertex 15.5996 31.0455 3.3500
      vertex 15.5243 31.6228 3.3500
      vertex 15.5243 31.6228 6.8000
    endloop
  endfacet
  facet normal 0.9916004111862217 0.12933918406776793 0
    outer loop
      vertex 15.5996 31.0455 3.3500
      vertex 15.5243 31.6228 6.8000
      vertex 15.5996 31.0455 6.8000
    endloop
  endfacet
  facet normal 0 0 1
    outer loop
      vertex 8.0000 24.5000 6.8000
      vertex 15.5996 31.0455 6.8000
      vertex 15.5243 31.6228 6.8000
    endloop
  endfacet
  facet normal 0 0 -1
    outer loop
      vertex 8.0000 24.5000 3.3500
      vertex 15.5243 31.6228 3.3500
      vertex 15.5996 31.0455 3.3500
    endloop
  endfacet
  facet normal 0.9379582425605134 0.3467482302951136 0
    outer loop
      vertex 15.5243 31.6228 3.3500
      vertex 15.3224 32.1689 3.3500
      vertex 15.3224 32.1689 6.8000
    endloop
  endfacet
  facet normal 0.9379582425605134 0.3467482302951136 0
    outer loop
      vertex 15.5243 31.6228 3.3500
      vertex 15.3224 32.1689 6.8000
      vertex 15.5243 31.6228 6.8000
    endloop
  endfacet
  facet normal 0 0 1
    outer loop
      vertex 8.0000 24.5000 6.8000
      vertex 15.5243 31.6228 6.8000
      vertex 15.3224 32.1689 6.8000
    endloop
  endfacet
  facet normal 0 0 -1
    outer loop
      vertex 8.0000 24.5000 3.3500
      vertex 15.3224 32.1689 3.3500
      vertex 15.5243 31.6228 3.3500
    endloop
  endfacet
  facet normal 0.8372829310802866 0.5467698723609449 0
    outer loop
      vertex 15.3224 32.1689 3.3500
      vertex 15.0041 32.6564 3.3500
      vertex 15.0041 32.6564 6.8000
    endloop
  endfacet
  facet normal 0.8372829310802866 0.5467698723609449 0
    outer loop
      vertex 15.3224 32.1689 3.3500
      vertex 15.0041 32.6564 6.8000
      vertex 15.3224 32.1689 6.8000
    endloop
  endfacet
  facet normal 0 0 1
    outer loop
      vertex 8.0000 24.5000 6.8000
      vertex 15.3224 32.1689 6.8000
      vertex 15.0041 32.6564 6.8000
    endloop
  endfacet
  facet normal 0 0 -1
    outer loop
      vertex 8.0000 24.5000 3.3500
      vertex 15.0041 32.6564 3.3500
      vertex 15.3224 32.1689 3.3500
    endloop
  endfacet
  facet normal 0.6946227572466491 0.7193741899144441 0
    outer loop
      vertex 15.0041 32.6564 3.3500
      vertex 14.5852 33.0608 3.3500
      vertex 14.5852 33.0608 6.8000
    endloop
  endfacet
  facet normal 0.6946227572466491 0.7193741899144441 0
    outer loop
      vertex 15.0041 32.6564 3.3500
      vertex 14.5852 33.0608 6.8000
      vertex 15.0041 32.6564 6.8000
    endloop
  endfacet
  facet normal 0 0 1
    outer loop
      vertex 8.0000 24.5000 6.8000
      vertex 15.0041 32.6564 6.8000
      vertex 14.5852 33.0608 6.8000
    endloop
  endfacet
  facet normal 0 0 -1
    outer loop
      vertex 8.0000 24.5000 3.3500
      vertex 14.5852 33.0608 3.3500
      vertex 15.0041 32.6564 3.3500
    endloop
  endfacet
  facet normal 0.5171312978726248 0.8559060817406163 0
    outer loop
      vertex 14.5852 33.0608 3.3500
      vertex 14.0869 33.3619 3.3500
      vertex 14.0869 33.3619 6.8000
    endloop
  endfacet
  facet normal 0.5171312978726248 0.8559060817406163 0
    outer loop
      vertex 14.5852 33.0608 3.3500
      vertex 14.0869 33.3619 6.8000
      vertex 14.5852 33.0608 6.8000
    endloop
  endfacet
  facet normal 0 0 1
    outer loop
      vertex 8.0000 24.5000 6.8000
      vertex 14.5852 33.0608 6.8000
      vertex 14.0869 33.3619 6.8000
    endloop
  endfacet
  facet normal 0 0 -1
    outer loop
      vertex 8.0000 24.5000 3.3500
      vertex 14.0869 33.3619 3.3500
      vertex 14.5852 33.0608 3.3500
    endloop
  endfacet
  facet normal 0.3137087158710318 0.949519268675759 0
    outer loop
      vertex 14.0869 33.3619 3.3500
      vertex 13.5341 33.5446 3.3500
      vertex 13.5341 33.5446 6.8000
    endloop
  endfacet
  facet normal 0.3137087158710318 0.949519268675759 0
    outer loop
      vertex 14.0869 33.3619 3.3500
      vertex 13.5341 33.5446 6.8000
      vertex 14.0869 33.3619 6.8000
    endloop
  endfacet
  facet normal 0 0 1
    outer loop
      vertex 8.0000 24.5000 6.8000
      vertex 14.0869 33.3619 6.8000
      vertex 13.5341 33.5446 6.8000
    endloop
  endfacet
  facet normal 0 0 -1
    outer loop
      vertex 8.0000 24.5000 3.3500
      vertex 13.5341 33.5446 3.3500
      vertex 14.0869 33.3619 3.3500
    endloop
  endfacet
  facet normal 0.09455546892213038 0.9955195946323286 0
    outer loop
      vertex 13.5341 33.5446 3.3500
      vertex 12.9545 33.5996 3.3500
      vertex 12.9545 33.5996 6.8000
    endloop
  endfacet
  facet normal 0.09455546892213038 0.9955195946323286 0
    outer loop
      vertex 13.5341 33.5446 3.3500
      vertex 12.9545 33.5996 6.8000
      vertex 13.5341 33.5446 6.8000
    endloop
  endfacet
  facet normal 0 0 1
    outer loop
      vertex 8.0000 24.5000 6.8000
      vertex 13.5341 33.5446 6.8000
      vertex 12.9545 33.5996 6.8000
    endloop
  endfacet
  facet normal 0 0 -1
    outer loop
      vertex 8.0000 24.5000 3.3500
      vertex 12.9545 33.5996 3.3500
      vertex 13.5341 33.5446 3.3500
    endloop
  endfacet
  facet normal -0.1293391840677709 0.9916004111862212 0
    outer loop
      vertex 12.9545 33.5996 3.3500
      vertex 12.3772 33.5243 3.3500
      vertex 12.3772 33.5243 6.8000
    endloop
  endfacet
  facet normal -0.1293391840677709 0.9916004111862212 0
    outer loop
      vertex 12.9545 33.5996 3.3500
      vertex 12.3772 33.5243 6.8000
      vertex 12.9545 33.5996 6.8000
    endloop
  endfacet
  facet normal 0 0 1
    outer loop
      vertex 8.0000 24.5000 6.8000
      vertex 12.9545 33.5996 6.8000
      vertex 12.3772 33.5243 6.8000
    endloop
  endfacet
  facet normal 0 0 -1
    outer loop
      vertex 8.0000 24.5000 3.3500
      vertex 12.3772 33.5243 3.3500
      vertex 12.9545 33.5996 3.3500
    endloop
  endfacet
  facet normal -0.34674823029511426 0.9379582425605131 0
    outer loop
      vertex 12.3772 33.5243 3.3500
      vertex 11.8311 33.3224 3.3500
      vertex 11.8311 33.3224 6.8000
    endloop
  endfacet
  facet normal -0.34674823029511426 0.9379582425605131 0
    outer loop
      vertex 12.3772 33.5243 3.3500
      vertex 11.8311 33.3224 6.8000
      vertex 12.3772 33.5243 6.8000
    endloop
  endfacet
  facet normal 0 0 1
    outer loop
      vertex 8.0000 24.5000 6.8000
      vertex 12.3772 33.5243 6.8000
      vertex 11.8311 33.3224 6.8000
    endloop
  endfacet
  facet normal 0 0 -1
    outer loop
      vertex 8.0000 24.5000 3.3500
      vertex 11.8311 33.3224 3.3500
      vertex 12.3772 33.5243 3.3500
    endloop
  endfacet
  facet normal -0.5467698723609429 0.8372829310802883 0
    outer loop
      vertex 11.8311 33.3224 3.3500
      vertex 11.3436 33.0041 3.3500
      vertex 11.3436 33.0041 6.8000
    endloop
  endfacet
  facet normal -0.5467698723609429 0.8372829310802883 0
    outer loop
      vertex 11.8311 33.3224 3.3500
      vertex 11.3436 33.0041 6.8000
      vertex 11.8311 33.3224 6.8000
    endloop
  endfacet
  facet normal 0 0 1
    outer loop
      vertex 8.0000 24.5000 6.8000
      vertex 11.8311 33.3224 6.8000
      vertex 11.3436 33.0041 6.8000
    endloop
  endfacet
  facet normal 0 0 -1
    outer loop
      vertex 8.0000 24.5000 3.3500
      vertex 11.3436 33.0041 3.3500
      vertex 11.8311 33.3224 3.3500
    endloop
  endfacet
  facet normal -0.7193741899144411 0.694622757246652 0
    outer loop
      vertex 11.3436 33.0041 3.3500
      vertex 10.9392 32.5852 3.3500
      vertex 10.9392 32.5852 6.8000
    endloop
  endfacet
  facet normal -0.7193741899144411 0.694622757246652 0
    outer loop
      vertex 11.3436 33.0041 3.3500
      vertex 10.9392 32.5852 6.8000
      vertex 11.3436 33.0041 6.8000
    endloop
  endfacet
  facet normal 0 0 1
    outer loop
      vertex 8.0000 24.5000 6.8000
      vertex 11.3436 33.0041 6.8000
      vertex 10.9392 32.5852 6.8000
    endloop
  endfacet
  facet normal 0 0 -1
    outer loop
      vertex 8.0000 24.5000 3.3500
      vertex 10.9392 32.5852 3.3500
      vertex 11.3436 33.0041 3.3500
    endloop
  endfacet
  facet normal -0.7926239891046002 0.6097107608496923 0
    outer loop
      vertex 10.9392 32.5852 3.3500
      vertex 0.9392 19.5852 3.3500
      vertex 0.9392 19.5852 6.8000
    endloop
  endfacet
  facet normal -0.7926239891046002 0.6097107608496923 0
    outer loop
      vertex 10.9392 32.5852 3.3500
      vertex 0.9392 19.5852 6.8000
      vertex 10.9392 32.5852 6.8000
    endloop
  endfacet
  facet normal 0 0 1
    outer loop
      vertex 8.0000 24.5000 6.8000
      vertex 10.9392 32.5852 6.8000
      vertex 0.9392 19.5852 6.8000
    endloop
  endfacet
  facet normal 0 0 -1
    outer loop
      vertex 8.0000 24.5000 3.3500
      vertex 0.9392 19.5852 3.3500
      vertex 10.9392 32.5852 3.3500
    endloop
  endfacet
  facet normal -0.8559060817406137 0.5171312978726289 0
    outer loop
      vertex 0.9392 19.5852 3.3500
      vertex 0.6381 19.0869 3.3500
      vertex 0.6381 19.0869 6.8000
    endloop
  endfacet
  facet normal -0.8559060817406137 0.5171312978726289 0
    outer loop
      vertex 0.9392 19.5852 3.3500
      vertex 0.6381 19.0869 6.8000
      vertex 0.9392 19.5852 6.8000
    endloop
  endfacet
  facet normal 0 0 1
    outer loop
      vertex 8.0000 24.5000 6.8000
      vertex 0.9392 19.5852 6.8000
      vertex 0.6381 19.0869 6.8000
    endloop
  endfacet
  facet normal 0 0 -1
    outer loop
      vertex 8.0000 24.5000 3.3500
      vertex 0.6381 19.0869 3.3500
      vertex 0.9392 19.5852 3.3500
    endloop
  endfacet
  facet normal -0.9495192686757613 0.3137087158710252 0
    outer loop
      vertex 0.6381 19.0869 3.3500
      vertex 0.4554 18.5341 3.3500
      vertex 0.4554 18.5341 6.8000
    endloop
  endfacet
  facet normal -0.9495192686757613 0.3137087158710252 0
    outer loop
      vertex 0.6381 19.0869 3.3500
      vertex 0.4554 18.5341 6.8000
      vertex 0.6381 19.0869 6.8000
    endloop
  endfacet
  facet normal 0 0 1
    outer loop
      vertex 8.0000 24.5000 6.8000
      vertex 0.6381 19.0869 6.8000
      vertex 0.4554 18.5341 6.8000
    endloop
  endfacet
  facet normal 0 0 -1
    outer loop
      vertex 8.0000 24.5000 3.3500
      vertex 0.4554 18.5341 3.3500
      vertex 0.6381 19.0869 3.3500
    endloop
  endfacet
  facet normal -0.9955195946323282 0.09455546892213339 0
    outer loop
      vertex 0.4554 18.5341 3.3500
      vertex 0.4004 17.9545 3.3500
      vertex 0.4004 17.9545 6.8000
    endloop
  endfacet
  facet normal -0.9955195946323282 0.09455546892213339 0
    outer loop
      vertex 0.4554 18.5341 3.3500
      vertex 0.4004 17.9545 6.8000
      vertex 0.4554 18.5341 6.8000
    endloop
  endfacet
  facet normal 0 0 1
    outer loop
      vertex 8.0000 24.5000 6.8000
      vertex 0.4554 18.5341 6.8000
      vertex 0.4004 17.9545 6.8000
    endloop
  endfacet
  facet normal 0 0 -1
    outer loop
      vertex 8.0000 24.5000 3.3500
      vertex 0.4004 17.9545 3.3500
      vertex 0.4554 18.5341 3.3500
    endloop
  endfacet
  facet normal -0.9916004111862217 -0.12933918406776793 0
    outer loop
      vertex 0.4004 17.9545 3.3500
      vertex 0.4757 17.3772 3.3500
      vertex 0.4757 17.3772 6.8000
    endloop
  endfacet
  facet normal -0.9916004111862217 -0.12933918406776793 0
    outer loop
      vertex 0.4004 17.9545 3.3500
      vertex 0.4757 17.3772 6.8000
      vertex 0.4004 17.9545 6.8000
    endloop
  endfacet
  facet normal 0 0 1
    outer loop
      vertex 8.0000 24.5000 6.8000
      vertex 0.4004 17.9545 6.8000
      vertex 0.4757 17.3772 6.8000
    endloop
  endfacet
  facet normal 0 0 -1
    outer loop
      vertex 8.0000 24.5000 3.3500
      vertex 0.4757 17.3772 3.3500
      vertex 0.4004 17.9545 3.3500
    endloop
  endfacet
  facet normal -0.937958242560513 -0.3467482302951142 0
    outer loop
      vertex 0.4757 17.3772 3.3500
      vertex 0.6776 16.8311 3.3500
      vertex 0.6776 16.8311 6.8000
    endloop
  endfacet
  facet normal -0.937958242560513 -0.3467482302951142 0
    outer loop
      vertex 0.4757 17.3772 3.3500
      vertex 0.6776 16.8311 6.8000
      vertex 0.4757 17.3772 6.8000
    endloop
  endfacet
  facet normal 0 0 1
    outer loop
      vertex 8.0000 24.5000 6.8000
      vertex 0.4757 17.3772 6.8000
      vertex 0.6776 16.8311 6.8000
    endloop
  endfacet
  facet normal 0 0 -1
    outer loop
      vertex 8.0000 24.5000 3.3500
      vertex 0.6776 16.8311 3.3500
      vertex 0.4757 17.3772 3.3500
    endloop
  endfacet
  facet normal -0.8372829310802866 -0.5467698723609449 0
    outer loop
      vertex 0.6776 16.8311 3.3500
      vertex 0.9959 16.3436 3.3500
      vertex 0.9959 16.3436 6.8000
    endloop
  endfacet
  facet normal -0.8372829310802866 -0.5467698723609449 0
    outer loop
      vertex 0.6776 16.8311 3.3500
      vertex 0.9959 16.3436 6.8000
      vertex 0.6776 16.8311 6.8000
    endloop
  endfacet
  facet normal 0 0 1
    outer loop
      vertex 8.0000 24.5000 6.8000
      vertex 0.6776 16.8311 6.8000
      vertex 0.9959 16.3436 6.8000
    endloop
  endfacet
  facet normal 0 0 -1
    outer loop
      vertex 8.0000 24.5000 3.3500
      vertex 0.9959 16.3436 3.3500
      vertex 0.6776 16.8311 3.3500
    endloop
  endfacet
  facet normal -0.6946227572466489 -0.7193741899144445 0
    outer loop
      vertex 0.9959 16.3436 3.3500
      vertex 1.4148 15.9392 3.3500
      vertex 1.4148 15.9392 6.8000
    endloop
  endfacet
  facet normal -0.6946227572466489 -0.7193741899144445 0
    outer loop
      vertex 0.9959 16.3436 3.3500
      vertex 1.4148 15.9392 6.8000
      vertex 0.9959 16.3436 6.8000
    endloop
  endfacet
  facet normal 0 0 1
    outer loop
      vertex 8.0000 24.5000 6.8000
      vertex 0.9959 16.3436 6.8000
      vertex 1.4148 15.9392 6.8000
    endloop
  endfacet
  facet normal 0 0 -1
    outer loop
      vertex 8.0000 24.5000 3.3500
      vertex 1.4148 15.9392 3.3500
      vertex 0.9959 16.3436 3.3500
    endloop
  endfacet
  facet normal -0.5171312978726295 -0.8559060817406134 0
    outer loop
      vertex 1.4148 15.9392 3.3500
      vertex 1.9131 15.6381 3.3500
      vertex 1.9131 15.6381 6.8000
    endloop
  endfacet
  facet normal -0.5171312978726295 -0.8559060817406134 0
    outer loop
      vertex 1.4148 15.9392 3.3500
      vertex 1.9131 15.6381 6.8000
      vertex 1.4148 15.9392 6.8000
    endloop
  endfacet
  facet normal 0 0 1
    outer loop
      vertex 8.0000 24.5000 6.8000
      vertex 1.4148 15.9392 6.8000
      vertex 1.9131 15.6381 6.8000
    endloop
  endfacet
  facet normal 0 0 -1
    outer loop
      vertex 8.0000 24.5000 3.3500
      vertex 1.9131 15.6381 3.3500
      vertex 1.4148 15.9392 3.3500
    endloop
  endfacet
  facet normal -0.31370871587102583 -0.949519268675761 0
    outer loop
      vertex 1.9131 15.6381 3.3500
      vertex 2.4659 15.4554 3.3500
      vertex 2.4659 15.4554 6.8000
    endloop
  endfacet
  facet normal -0.31370871587102583 -0.949519268675761 0
    outer loop
      vertex 1.9131 15.6381 3.3500
      vertex 2.4659 15.4554 6.8000
      vertex 1.9131 15.6381 6.8000
    endloop
  endfacet
  facet normal 0 0 1
    outer loop
      vertex 8.0000 24.5000 6.8000
      vertex 1.9131 15.6381 6.8000
      vertex 2.4659 15.4554 6.8000
    endloop
  endfacet
  facet normal 0 0 -1
    outer loop
      vertex 8.0000 24.5000 3.3500
      vertex 2.4659 15.4554 3.3500
      vertex 1.9131 15.6381 3.3500
    endloop
  endfacet
  facet normal -0.09455546892213347 -0.9955195946323283 0
    outer loop
      vertex 2.4659 15.4554 3.3500
      vertex 3.0455 15.4004 3.3500
      vertex 3.0455 15.4004 6.8000
    endloop
  endfacet
  facet normal -0.09455546892213347 -0.9955195946323283 0
    outer loop
      vertex 2.4659 15.4554 3.3500
      vertex 3.0455 15.4004 6.8000
      vertex 2.4659 15.4554 6.8000
    endloop
  endfacet
  facet normal 0 0 1
    outer loop
      vertex 8.0000 24.5000 6.8000
      vertex 2.4659 15.4554 6.8000
      vertex 3.0455 15.4004 6.8000
    endloop
  endfacet
  facet normal 0 0 -1
    outer loop
      vertex 8.0000 24.5000 3.3500
      vertex 3.0455 15.4004 3.3500
      vertex 2.4659 15.4554 3.3500
    endloop
  endfacet
  facet normal 0.1293391840677647 -0.9916004111862221 0
    outer loop
      vertex 3.0455 15.4004 3.3500
      vertex 3.6228 15.4757 3.3500
      vertex 3.6228 15.4757 6.8000
    endloop
  endfacet
  facet normal 0.1293391840677647 -0.9916004111862221 0
    outer loop
      vertex 3.0455 15.4004 3.3500
      vertex 3.6228 15.4757 6.8000
      vertex 3.0455 15.4004 6.8000
    endloop
  endfacet
  facet normal 0 0 1
    outer loop
      vertex 8.0000 24.5000 6.8000
      vertex 3.0455 15.4004 6.8000
      vertex 3.6228 15.4757 6.8000
    endloop
  endfacet
  facet normal 0 0 -1
    outer loop
      vertex 8.0000 24.5000 3.3500
      vertex 3.6228 15.4757 3.3500
      vertex 3.0455 15.4004 3.3500
    endloop
  endfacet
  facet normal 0.3467482302951146 -0.9379582425605131 0
    outer loop
      vertex 3.6228 15.4757 3.3500
      vertex 4.1689 15.6776 3.3500
      vertex 4.1689 15.6776 6.8000
    endloop
  endfacet
  facet normal 0.3467482302951146 -0.9379582425605131 0
    outer loop
      vertex 3.6228 15.4757 3.3500
      vertex 4.1689 15.6776 6.8000
      vertex 3.6228 15.4757 6.8000
    endloop
  endfacet
  facet normal 0 0 1
    outer loop
      vertex 8.0000 24.5000 6.8000
      vertex 3.6228 15.4757 6.8000
      vertex 4.1689 15.6776 6.8000
    endloop
  endfacet
  facet normal 0 0 -1
    outer loop
      vertex 8.0000 24.5000 3.3500
      vertex 4.1689 15.6776 3.3500
      vertex 3.6228 15.4757 3.3500
    endloop
  endfacet
  facet normal 0.5467698723609442 -0.837282931080287 0
    outer loop
      vertex 4.1689 15.6776 3.3500
      vertex 4.6564 15.9959 3.3500
      vertex 4.6564 15.9959 6.8000
    endloop
  endfacet
  facet normal 0.5467698723609442 -0.837282931080287 0
    outer loop
      vertex 4.1689 15.6776 3.3500
      vertex 4.6564 15.9959 6.8000
      vertex 4.1689 15.6776 6.8000
    endloop
  endfacet
  facet normal 0 0 1
    outer loop
      vertex 8.0000 24.5000 6.8000
      vertex 4.1689 15.6776 6.8000
      vertex 4.6564 15.9959 6.8000
    endloop
  endfacet
  facet normal 0 0 -1
    outer loop
      vertex 8.0000 24.5000 3.3500
      vertex 4.6564 15.9959 3.3500
      vertex 4.1689 15.6776 3.3500
    endloop
  endfacet
  facet normal 0.7193741899144444 -0.694622757246649 0
    outer loop
      vertex 4.6564 15.9959 3.3500
      vertex 5.0608 16.4148 3.3500
      vertex 5.0608 16.4148 6.8000
    endloop
  endfacet
  facet normal 0.7193741899144444 -0.694622757246649 0
    outer loop
      vertex 4.6564 15.9959 3.3500
      vertex 5.0608 16.4148 6.8000
      vertex 4.6564 15.9959 6.8000
    endloop
  endfacet
  facet normal 0 0 1
    outer loop
      vertex 8.0000 24.5000 6.8000
      vertex 4.6564 15.9959 6.8000
      vertex 5.0608 16.4148 6.8000
    endloop
  endfacet
  facet normal 0 0 -1
    outer loop
      vertex 8.0000 24.5000 3.3500
      vertex 5.0608 16.4148 3.3500
      vertex 4.6564 15.9959 3.3500
    endloop
  endfacet
  facet normal 0.7926239891046002 -0.6097107608496923 0
    outer loop
      vertex 5.0608 16.4148 3.3500
      vertex 15.0608 29.4148 3.3500
      vertex 15.0608 29.4148 6.8000
    endloop
  endfacet
  facet normal 0.7926239891046002 -0.6097107608496923 0
    outer loop
      vertex 5.0608 16.4148 3.3500
      vertex 15.0608 29.4148 6.8000
      vertex 5.0608 16.4148 6.8000
    endloop
  endfacet
  facet normal 0 0 1
    outer loop
      vertex 8.0000 24.5000 6.8000
      vertex 5.0608 16.4148 6.8000
      vertex 15.0608 29.4148 6.8000
    endloop
  endfacet
  facet normal 0 0 -1
    outer loop
      vertex 8.0000 24.5000 3.3500
      vertex 15.0608 29.4148 3.3500
      vertex 5.0608 16.4148 3.3500
    endloop
  endfacet
  facet normal -0.524113729880771 -0.8516482831254145 0
    outer loop
      vertex -29.0377 -12.8044 3.3000
      vertex -27.8391 -13.5420 3.3000
      vertex -27.8391 -13.5420 6.2000
    endloop
  endfacet
  facet normal -0.524113729880771 -0.8516482831254145 0
    outer loop
      vertex -29.0377 -12.8044 3.3000
      vertex -27.8391 -13.5420 6.2000
      vertex -29.0377 -12.8044 6.2000
    endloop
  endfacet
  facet normal 0 0 1
    outer loop
      vertex 6.7361 -15.9815 6.2000
      vertex -29.0377 -12.8044 6.2000
      vertex -27.8391 -13.5420 6.2000
    endloop
  endfacet
  facet normal 0 0 -1
    outer loop
      vertex 6.7361 -15.9815 3.3000
      vertex -27.8391 -13.5420 3.3000
      vertex -29.0377 -12.8044 3.3000
    endloop
  endfacet
  facet normal -0.475834067620741 -0.8795350704158986 0
    outer loop
      vertex -27.8391 -13.5420 3.3000
      vertex -26.7179 -14.1486 3.3000
      vertex -26.7179 -14.1486 6.2000
    endloop
  endfacet
  facet normal -0.475834067620741 -0.8795350704158986 0
    outer loop
      vertex -27.8391 -13.5420 3.3000
      vertex -26.7179 -14.1486 6.2000
      vertex -27.8391 -13.5420 6.2000
    endloop
  endfacet
  facet normal 0 0 1
    outer loop
      vertex 6.7361 -15.9815 6.2000
      vertex -27.8391 -13.5420 6.2000
      vertex -26.7179 -14.1486 6.2000
    endloop
  endfacet
  facet normal 0 0 -1
    outer loop
      vertex 6.7361 -15.9815 3.3000
      vertex -26.7179 -14.1486 3.3000
      vertex -27.8391 -13.5420 3.3000
    endloop
  endfacet
  facet normal -0.4271184439954842 -0.9041956839085643 0
    outer loop
      vertex -26.7179 -14.1486 3.3000
      vertex -25.5855 -14.6835 3.3000
      vertex -25.5855 -14.6835 6.2000
    endloop
  endfacet
  facet normal -0.4271184439954842 -0.9041956839085643 0
    outer loop
      vertex -26.7179 -14.1486 3.3000
      vertex -25.5855 -14.6835 6.2000
      vertex -26.7179 -14.1486 6.2000
    endloop
  endfacet
  facet normal 0 0 1
    outer loop
      vertex 6.7361 -15.9815 6.2000
      vertex -26.7179 -14.1486 6.2000
      vertex -25.5855 -14.6835 6.2000
    endloop
  endfacet
  facet normal 0 0 -1
    outer loop
      vertex 6.7361 -15.9815 3.3000
      vertex -25.5855 -14.6835 3.3000
      vertex -26.7179 -14.1486 3.3000
    endloop
  endfacet
  facet normal -0.377655381854692 -0.9259462255207842 0
    outer loop
      vertex -25.5855 -14.6835 3.3000
      vertex -24.4406 -15.1505 3.3000
      vertex -24.4406 -15.1505 6.2000
    endloop
  endfacet
  facet normal -0.377655381854692 -0.9259462255207842 0
    outer loop
      vertex -25.5855 -14.6835 3.3000
      vertex -24.4406 -15.1505 6.2000
      vertex -25.5855 -14.6835 6.2000
    endloop
  endfacet
  facet normal 0 0 1
    outer loop
      vertex 6.7361 -15.9815 6.2000
      vertex -25.5855 -14.6835 6.2000
      vertex -24.4406 -15.1505 6.2000
    endloop
  endfacet
  facet normal 0 0 -1
    outer loop
      vertex 6.7361 -15.9815 3.3000
      vertex -24.4406 -15.1505 3.3000
      vertex -25.5855 -14.6835 3.3000
    endloop
  endfacet
  facet normal -0.32801500248377713 -0.9446725137028004 0
    outer loop
      vertex -24.4406 -15.1505 3.3000
      vertex -23.2818 -15.5528 3.3000
      vertex -23.2818 -15.5528 6.2000
    endloop
  endfacet
  facet normal -0.32801500248377713 -0.9446725137028004 0
    outer loop
      vertex -24.4406 -15.1505 3.3000
      vertex -23.2818 -15.5528 6.2000
      vertex -24.4406 -15.1505 6.2000
    endloop
  endfacet
  facet normal 0 0 1
    outer loop
      vertex 6.7361 -15.9815 6.2000
      vertex -24.4406 -15.1505 6.2000
      vertex -23.2818 -15.5528 6.2000
    endloop
  endfacet
  facet normal 0 0 -1
    outer loop
      vertex 6.7361 -15.9815 3.3000
      vertex -23.2818 -15.5528 3.3000
      vertex -24.4406 -15.1505 3.3000
    endloop
  endfacet
  facet normal -0.2787569847056481 -0.9603616732657625 0
    outer loop
      vertex -23.2818 -15.5528 3.3000
      vertex -22.1076 -15.8937 3.3000
      vertex -22.1076 -15.8937 6.2000
    endloop
  endfacet
  facet normal -0.2787569847056481 -0.9603616732657625 0
    outer loop
      vertex -23.2818 -15.5528 3.3000
      vertex -22.1076 -15.8937 6.2000
      vertex -23.2818 -15.5528 6.2000
    endloop
  endfacet
  facet normal 0 0 1
    outer loop
      vertex 6.7361 -15.9815 6.2000
      vertex -23.2818 -15.5528 6.2000
      vertex -22.1076 -15.8937 6.2000
    endloop
  endfacet
  facet normal 0 0 -1
    outer loop
      vertex 6.7361 -15.9815 3.3000
      vertex -22.1076 -15.8937 3.3000
      vertex -23.2818 -15.5528 3.3000
    endloop
  endfacet
  facet normal -0.23040394372695466 -0.973095073831466 0
    outer loop
      vertex -22.1076 -15.8937 3.3000
      vertex -20.9171 -16.1755 3.3000
      vertex -20.9171 -16.1755 6.2000
    endloop
  endfacet
  facet normal -0.23040394372695466 -0.973095073831466 0
    outer loop
      vertex -22.1076 -15.8937 3.3000
      vertex -20.9171 -16.1755 6.2000
      vertex -22.1076 -15.8937 6.2000
    endloop
  endfacet
  facet normal 0 0 1
    outer loop
      vertex 6.7361 -15.9815 6.2000
      vertex -22.1076 -15.8937 6.2000
      vertex -20.9171 -16.1755 6.2000
    endloop
  endfacet
  facet normal 0 0 -1
    outer loop
      vertex 6.7361 -15.9815 3.3000
      vertex -20.9171 -16.1755 3.3000
      vertex -22.1076 -15.8937 3.3000
    endloop
  endfacet
  facet normal -0.18342032460463692 -0.9830345795148456 0
    outer loop
      vertex -20.9171 -16.1755 3.3000
      vertex -19.7093 -16.4009 3.3000
      vertex -19.7093 -16.4009 6.2000
    endloop
  endfacet
  facet normal -0.18342032460463692 -0.9830345795148456 0
    outer loop
      vertex -20.9171 -16.1755 3.3000
      vertex -19.7093 -16.4009 6.2000
      vertex -20.9171 -16.1755 6.2000
    endloop
  endfacet
  facet normal 0 0 1
    outer loop
      vertex 6.7361 -15.9815 6.2000
      vertex -20.9171 -16.1755 6.2000
      vertex -19.7093 -16.4009 6.2000
    endloop
  endfacet
  facet normal 0 0 -1
    outer loop
      vertex 6.7361 -15.9815 3.3000
      vertex -19.7093 -16.4009 3.3000
      vertex -20.9171 -16.1755 3.3000
    endloop
  endfacet
  facet normal -0.13819835827573623 -0.9904045707537356 0
    outer loop
      vertex -19.7093 -16.4009 3.3000
      vertex -18.4836 -16.5719 3.3000
      vertex -18.4836 -16.5719 6.2000
    endloop
  endfacet
  facet normal -0.13819835827573623 -0.9904045707537356 0
    outer loop
      vertex -19.7093 -16.4009 3.3000
      vertex -18.4836 -16.5719 6.2000
      vertex -19.7093 -16.4009 6.2000
    endloop
  endfacet
  facet normal 0 0 1
    outer loop
      vertex 6.7361 -15.9815 6.2000
      vertex -19.7093 -16.4009 6.2000
      vertex -18.4836 -16.5719 6.2000
    endloop
  endfacet
  facet normal 0 0 -1
    outer loop
      vertex 6.7361 -15.9815 3.3000
      vertex -18.4836 -16.5719 3.3000
      vertex -19.7093 -16.4009 3.3000
    endloop
  endfacet
  facet normal -0.09505136470925495 -0.9954723693136381 0
    outer loop
      vertex -18.4836 -16.5719 3.3000
      vertex -17.2398 -16.6907 3.3000
      vertex -17.2398 -16.6907 6.2000
    endloop
  endfacet
  facet normal -0.09505136470925495 -0.9954723693136381 0
    outer loop
      vertex -18.4836 -16.5719 3.3000
      vertex -17.2398 -16.6907 6.2000
      vertex -18.4836 -16.5719 6.2000
    endloop
  endfacet
  facet normal 0 0 1
    outer loop
      vertex 6.7361 -15.9815 6.2000
      vertex -18.4836 -16.5719 6.2000
      vertex -17.2398 -16.6907 6.2000
    endloop
  endfacet
  facet normal 0 0 -1
    outer loop
      vertex 6.7361 -15.9815 3.3000
      vertex -17.2398 -16.6907 3.3000
      vertex -18.4836 -16.5719 3.3000
    endloop
  endfacet
  facet normal -0.05421364085243875 -0.9985293591805514 0
    outer loop
      vertex -17.2398 -16.6907 3.3000
      vertex -15.9777 -16.7592 3.3000
      vertex -15.9777 -16.7592 6.2000
    endloop
  endfacet
  facet normal -0.05421364085243875 -0.9985293591805514 0
    outer loop
      vertex -17.2398 -16.6907 3.3000
      vertex -15.9777 -16.7592 6.2000
      vertex -17.2398 -16.6907 6.2000
    endloop
  endfacet
  facet normal 0 0 1
    outer loop
      vertex 6.7361 -15.9815 6.2000
      vertex -17.2398 -16.6907 6.2000
      vertex -15.9777 -16.7592 6.2000
    endloop
  endfacet
  facet normal 0 0 -1
    outer loop
      vertex 6.7361 -15.9815 3.3000
      vertex -15.9777 -16.7592 3.3000
      vertex -17.2398 -16.6907 3.3000
    endloop
  endfacet
  facet normal -0.01584551005819634 -0.9998744520243507 0
    outer loop
      vertex -15.9777 -16.7592 3.3000
      vertex -14.6977 -16.7795 3.3000
      vertex -14.6977 -16.7795 6.2000
    endloop
  endfacet
  facet normal -0.01584551005819634 -0.9998744520243507 0
    outer loop
      vertex -15.9777 -16.7592 3.3000
      vertex -14.6977 -16.7795 6.2000
      vertex -15.9777 -16.7592 6.2000
    endloop
  endfacet
  facet normal 0 0 1
    outer loop
      vertex 6.7361 -15.9815 6.2000
      vertex -15.9777 -16.7592 6.2000
      vertex -14.6977 -16.7795 6.2000
    endloop
  endfacet
  facet normal 0 0 -1
    outer loop
      vertex 6.7361 -15.9815 3.3000
      vertex -14.6977 -16.7795 3.3000
      vertex -15.9777 -16.7592 3.3000
    endloop
  endfacet
  facet normal 0.019958142232014402 -0.9998008164422785 0
    outer loop
      vertex -14.6977 -16.7795 3.3000
      vertex -13.4001 -16.7536 3.3000
      vertex -13.4001 -16.7536 6.2000
    endloop
  endfacet
  facet normal 0.019958142232014402 -0.9998008164422785 0
    outer loop
      vertex -14.6977 -16.7795 3.3000
      vertex -13.4001 -16.7536 6.2000
      vertex -14.6977 -16.7795 6.2000
    endloop
  endfacet
  facet normal 0 0 1
    outer loop
      vertex 6.7361 -15.9815 6.2000
      vertex -14.6977 -16.7795 6.2000
      vertex -13.4001 -16.7536 6.2000
    endloop
  endfacet
  facet normal 0 0 -1
    outer loop
      vertex 6.7361 -15.9815 3.3000
      vertex -13.4001 -16.7536 3.3000
      vertex -14.6977 -16.7795 3.3000
    endloop
  endfacet
  facet normal 0.05315744576113443 -0.9985861434849536 0
    outer loop
      vertex -13.4001 -16.7536 3.3000
      vertex -12.0858 -16.6836 3.3000
      vertex -12.0858 -16.6836 6.2000
    endloop
  endfacet
  facet normal 0.05315744576113443 -0.9985861434849536 0
    outer loop
      vertex -13.4001 -16.7536 3.3000
      vertex -12.0858 -16.6836 6.2000
      vertex -13.4001 -16.7536 6.2000
    endloop
  endfacet
  facet normal 0 0 -1
    outer loop
      vertex 6.7361 -15.9815 6.2000
      vertex -13.4001 -16.7536 6.2000
      vertex -12.0858 -16.6836 6.2000
    endloop
  endfacet
  facet normal 0 0 1
    outer loop
      vertex 6.7361 -15.9815 3.3000
      vertex -12.0858 -16.6836 3.3000
      vertex -13.4001 -16.7536 3.3000
    endloop
  endfacet
  facet normal 0.08375655638924001 -0.9964862463987227 0
    outer loop
      vertex -12.0858 -16.6836 3.3000
      vertex -10.7554 -16.5718 3.3000
      vertex -10.7554 -16.5718 6.2000
    endloop
  endfacet
  facet normal 0.08375655638924001 -0.9964862463987227 0
    outer loop
      vertex -12.0858 -16.6836 3.3000
      vertex -10.7554 -16.5718 6.2000
      vertex -12.0858 -16.6836 6.2000
    endloop
  endfacet
  facet normal 0 0 -1
    outer loop
      vertex 6.7361 -15.9815 6.2000
      vertex -12.0858 -16.6836 6.2000
      vertex -10.7554 -16.5718 6.2000
    endloop
  endfacet
  facet normal 0 0 1
    outer loop
      vertex 6.7361 -15.9815 3.3000
      vertex -10.7554 -16.5718 3.3000
      vertex -12.0858 -16.6836 3.3000
    endloop
  endfacet
  facet normal 0.11179306079816313 -0.9937315087876494 0
    outer loop
      vertex -10.7554 -16.5718 3.3000
      vertex -9.4099 -16.4204 3.3000
      vertex -9.4099 -16.4204 6.2000
    endloop
  endfacet
  facet normal 0.11179306079816313 -0.9937315087876494 0
    outer loop
      vertex -10.7554 -16.5718 3.3000
      vertex -9.4099 -16.4204 6.2000
      vertex -10.7554 -16.5718 6.2000
    endloop
  endfacet
  facet normal 0 0 -1
    outer loop
      vertex 6.7361 -15.9815 6.2000
      vertex -10.7554 -16.5718 6.2000
      vertex -9.4099 -16.4204 6.2000
    endloop
  endfacet
  facet normal 0 0 1
    outer loop
      vertex 6.7361 -15.9815 3.3000
      vertex -9.4099 -16.4204 3.3000
      vertex -10.7554 -16.5718 3.3000
    endloop
  endfacet
  facet normal 0.1373283810455925 -0.9905255755200856 0
    outer loop
      vertex -9.4099 -16.4204 3.3000
      vertex -8.0504 -16.2320 3.3000
      vertex -8.0504 -16.2320 6.2000
    endloop
  endfacet
  facet normal 0.1373283810455925 -0.9905255755200856 0
    outer loop
      vertex -9.4099 -16.4204 3.3000
      vertex -8.0504 -16.2320 6.2000
      vertex -9.4099 -16.4204 6.2000
    endloop
  endfacet
  facet normal 0 0 -1
    outer loop
      vertex 6.7361 -15.9815 6.2000
      vertex -9.4099 -16.4204 6.2000
      vertex -8.0504 -16.2320 6.2000
    endloop
  endfacet
  facet normal 0 0 1
    outer loop
      vertex 6.7361 -15.9815 3.3000
      vertex -8.0504 -16.2320 3.3000
      vertex -9.4099 -16.4204 3.3000
    endloop
  endfacet
  facet normal 0.1604394882482344 -0.987045678077081 0
    outer loop
      vertex -8.0504 -16.2320 3.3000
      vertex -6.6777 -16.0088 3.3000
      vertex -6.6777 -16.0088 6.2000
    endloop
  endfacet
  facet normal 0.1604394882482344 -0.987045678077081 0
    outer loop
      vertex -8.0504 -16.2320 3.3000
      vertex -6.6777 -16.0088 6.2000
      vertex -8.0504 -16.2320 6.2000
    endloop
  endfacet
  facet normal 0 0 -1
    outer loop
      vertex 6.7361 -15.9815 6.2000
      vertex -8.0504 -16.2320 6.2000
      vertex -6.6777 -16.0088 6.2000
    endloop
  endfacet
  facet normal 0 0 1
    outer loop
      vertex 6.7361 -15.9815 3.3000
      vertex -6.6777 -16.0088 3.3000
      vertex -8.0504 -16.2320 3.3000
    endloop
  endfacet
  facet normal 0.18121201410324284 -0.9834440532865334 0
    outer loop
      vertex -6.6777 -16.0088 3.3000
      vertex -5.2930 -15.7537 3.3000
      vertex -5.2930 -15.7537 6.2000
    endloop
  endfacet
  facet normal 0.18121201410324284 -0.9834440532865334 0
    outer loop
      vertex -6.6777 -16.0088 3.3000
      vertex -5.2930 -15.7537 6.2000
      vertex -6.6777 -16.0088 6.2000
    endloop
  endfacet
  facet normal 0 0 -1
    outer loop
      vertex 6.7361 -15.9815 6.2000
      vertex -6.6777 -16.0088 6.2000
      vertex -5.2930 -15.7537 6.2000
    endloop
  endfacet
  facet normal 0 0 1
    outer loop
      vertex 6.7361 -15.9815 3.3000
      vertex -5.2930 -15.7537 3.3000
      vertex -6.6777 -16.0088 3.3000
    endloop
  endfacet
  facet normal 0.19973470272381685 -0.9798500132815371 0
    outer loop
      vertex -5.2930 -15.7537 3.3000
      vertex -3.8973 -15.4692 3.3000
      vertex -3.8973 -15.4692 6.2000
    endloop
  endfacet
  facet normal 0.19973470272381685 -0.9798500132815371 0
    outer loop
      vertex -5.2930 -15.7537 3.3000
      vertex -3.8973 -15.4692 6.2000
      vertex -5.2930 -15.7537 6.2000
    endloop
  endfacet
  facet normal 0 0 -1
    outer loop
      vertex 6.7361 -15.9815 6.2000
      vertex -5.2930 -15.7537 6.2000
      vertex -3.8973 -15.4692 6.2000
    endloop
  endfacet
  facet normal 0 0 1
    outer loop
      vertex 6.7361 -15.9815 3.3000
      vertex -3.8973 -15.4692 3.3000
      vertex -5.2930 -15.7537 3.3000
    endloop
  endfacet
  facet normal 0.21609506075645843 -0.9763723289384345 0
    outer loop
      vertex -3.8973 -15.4692 3.3000
      vertex -2.4916 -15.1581 3.3000
      vertex -2.4916 -15.1581 6.2000
    endloop
  endfacet
  facet normal 0.21609506075645843 -0.9763723289384345 0
    outer loop
      vertex -3.8973 -15.4692 3.3000
      vertex -2.4916 -15.1581 6.2000
      vertex -3.8973 -15.4692 6.2000
    endloop
  endfacet
  facet normal 0 0 -1
    outer loop
      vertex 6.7361 -15.9815 6.2000
      vertex -3.8973 -15.4692 6.2000
      vertex -2.4916 -15.1581 6.2000
    endloop
  endfacet
  facet normal 0 0 1
    outer loop
      vertex 6.7361 -15.9815 3.3000
      vertex -2.4916 -15.1581 3.3000
      vertex -3.8973 -15.4692 3.3000
    endloop
  endfacet
  facet normal 0.23037602498827323 -0.9731016838494335 0
    outer loop
      vertex -2.4916 -15.1581 3.3000
      vertex -1.0771 -14.8232 3.3000
      vertex -1.0771 -14.8232 6.2000
    endloop
  endfacet
  facet normal 0.23037602498827323 -0.9731016838494335 0
    outer loop
      vertex -2.4916 -15.1581 3.3000
      vertex -1.0771 -14.8232 6.2000
      vertex -2.4916 -15.1581 6.2000
    endloop
  endfacet
  facet normal 0 0 -1
    outer loop
      vertex 6.7361 -15.9815 6.2000
      vertex -2.4916 -15.1581 6.2000
      vertex -1.0771 -14.8232 6.2000
    endloop
  endfacet
  facet normal 0 0 1
    outer loop
      vertex 6.7361 -15.9815 3.3000
      vertex -1.0771 -14.8232 3.3000
      vertex -2.4916 -15.1581 3.3000
    endloop
  endfacet
  facet normal 0.24265345861068605 -0.9701130341482234 0
    outer loop
      vertex -1.0771 -14.8232 3.3000
      vertex 0.3454 -14.4674 3.3000
      vertex 0.3454 -14.4674 6.2000
    endloop
  endfacet
  facet normal 0.24265345861068605 -0.9701130341482234 0
    outer loop
      vertex -1.0771 -14.8232 3.3000
      vertex 0.3454 -14.4674 6.2000
      vertex -1.0771 -14.8232 6.2000
    endloop
  endfacet
  facet normal 0 0 -1
    outer loop
      vertex 6.7361 -15.9815 6.2000
      vertex -1.0771 -14.8232 6.2000
      vertex 0.3454 -14.4674 6.2000
    endloop
  endfacet
  facet normal 0 0 1
    outer loop
      vertex 6.7361 -15.9815 3.3000
      vertex 0.3454 -14.4674 3.3000
      vertex -1.0771 -14.8232 3.3000
    endloop
  endfacet
  facet normal 0.25299429782311633 -0.9674677696280057 0
    outer loop
      vertex 0.3454 -14.4674 3.3000
      vertex 1.7748 -14.0936 3.3000
      vertex 1.7748 -14.0936 6.2000
    endloop
  endfacet
  facet normal 0.25299429782311633 -0.9674677696280057 0
    outer loop
      vertex 0.3454 -14.4674 3.3000
      vertex 1.7748 -14.0936 6.2000
      vertex 0.3454 -14.4674 6.2000
    endloop
  endfacet
  facet normal 0 0 -1
    outer loop
      vertex 6.7361 -15.9815 6.2000
      vertex 0.3454 -14.4674 6.2000
      vertex 1.7748 -14.0936 6.2000
    endloop
  endfacet
  facet normal 0 0 1
    outer loop
      vertex 6.7361 -15.9815 3.3000
      vertex 1.7748 -14.0936 3.3000
      vertex 0.3454 -14.4674 3.3000
    endloop
  endfacet
  facet normal 0.2614551906966556 -0.9652156149056931 0
    outer loop
      vertex 1.7748 -14.0936 3.3000
      vertex 3.2103 -13.7048 3.3000
      vertex 3.2103 -13.7048 6.2000
    endloop
  endfacet
  facet normal 0.2614551906966556 -0.9652156149056931 0
    outer loop
      vertex 1.7748 -14.0936 3.3000
      vertex 3.2103 -13.7048 6.2000
      vertex 1.7748 -14.0936 6.2000
    endloop
  endfacet
  facet normal 0 0 -1
    outer loop
      vertex 6.7361 -15.9815 6.2000
      vertex 1.7748 -14.0936 6.2000
      vertex 3.2103 -13.7048 6.2000
    endloop
  endfacet
  facet normal 0 0 1
    outer loop
      vertex 6.7361 -15.9815 3.3000
      vertex 3.2103 -13.7048 3.3000
      vertex 1.7748 -14.0936 3.3000
    endloop
  endfacet
  facet normal 0.2680814943110372 -0.9633962385269943 0
    outer loop
      vertex 3.2103 -13.7048 3.3000
      vertex 4.6509 -13.3039 3.3000
      vertex 4.6509 -13.3039 6.2000
    endloop
  endfacet
  facet normal 0.2680814943110372 -0.9633962385269943 0
    outer loop
      vertex 3.2103 -13.7048 3.3000
      vertex 4.6509 -13.3039 6.2000
      vertex 3.2103 -13.7048 6.2000
    endloop
  endfacet
  facet normal 0 0 -1
    outer loop
      vertex 6.7361 -15.9815 6.2000
      vertex 3.2103 -13.7048 6.2000
      vertex 4.6509 -13.3039 6.2000
    endloop
  endfacet
  facet normal 0 0 1
    outer loop
      vertex 6.7361 -15.9815 3.3000
      vertex 4.6509 -13.3039 3.3000
      vertex 3.2103 -13.7048 3.3000
    endloop
  endfacet
  facet normal 0.27290652061757553 -0.9620405558002264 0
    outer loop
      vertex 4.6509 -13.3039 3.3000
      vertex 6.0959 -12.8940 3.3000
      vertex 6.0959 -12.8940 6.2000
    endloop
  endfacet
  facet normal 0.27290652061757553 -0.9620405558002264 0
    outer loop
      vertex 4.6509 -13.3039 3.3000
      vertex 6.0959 -12.8940 6.2000
      vertex 4.6509 -13.3039 6.2000
    endloop
  endfacet
  facet normal 0 0 -1
    outer loop
      vertex 6.7361 -15.9815 6.2000
      vertex 4.6509 -13.3039 6.2000
      vertex 6.0959 -12.8940 6.2000
    endloop
  endfacet
  facet normal 0 0 1
    outer loop
      vertex 6.7361 -15.9815 3.3000
      vertex 6.0959 -12.8940 3.3000
      vertex 4.6509 -13.3039 3.3000
    endloop
  endfacet
  facet normal 0.2759509444663988 -0.9611717204787616 0
    outer loop
      vertex 6.0959 -12.8940 3.3000
      vertex 7.5445 -12.4781 3.3000
      vertex 7.5445 -12.4781 6.2000
    endloop
  endfacet
  facet normal 0.2759509444663988 -0.9611717204787616 0
    outer loop
      vertex 6.0959 -12.8940 3.3000
      vertex 7.5445 -12.4781 6.2000
      vertex 6.0959 -12.8940 6.2000
    endloop
  endfacet
  facet normal 0 0 -1
    outer loop
      vertex 6.7361 -15.9815 6.2000
      vertex 6.0959 -12.8940 6.2000
      vertex 7.5445 -12.4781 6.2000
    endloop
  endfacet
  facet normal 0 0 1
    outer loop
      vertex 6.7361 -15.9815 3.3000
      vertex 7.5445 -12.4781 3.3000
      vertex 6.0959 -12.8940 3.3000
    endloop
  endfacet
  facet normal 0.27722230813681387 -0.9608058034125821 0
    outer loop
      vertex 7.5445 -12.4781 3.3000
      vertex 8.9959 -12.0593 3.3000
      vertex 8.9959 -12.0593 6.2000
    endloop
  endfacet
  facet normal 0.27722230813681387 -0.9608058034125821 0
    outer loop
      vertex 7.5445 -12.4781 3.3000
      vertex 8.9959 -12.0593 6.2000
      vertex 7.5445 -12.4781 6.2000
    endloop
  endfacet
  facet normal 0 0 -1
    outer loop
      vertex 6.7361 -15.9815 6.2000
      vertex 7.5445 -12.4781 6.2000
      vertex 8.9959 -12.0593 6.2000
    endloop
  endfacet
  facet normal 0 0 1
    outer loop
      vertex 6.7361 -15.9815 3.3000
      vertex 8.9959 -12.0593 3.3000
      vertex 7.5445 -12.4781 3.3000
    endloop
  endfacet
  facet normal 0.27671457566661867 -0.9609521546953537 0
    outer loop
      vertex 8.9959 -12.0593 3.3000
      vertex 10.4495 -11.6407 3.3000
      vertex 10.4495 -11.6407 6.2000
    endloop
  endfacet
  facet normal 0.27671457566661867 -0.9609521546953537 0
    outer loop
      vertex 8.9959 -12.0593 3.3000
      vertex 10.4495 -11.6407 6.2000
      vertex 8.9959 -12.0593 6.2000
    endloop
  endfacet
  facet normal 0 0 -1
    outer loop
      vertex 6.7361 -15.9815 6.2000
      vertex 8.9959 -12.0593 6.2000
      vertex 10.4495 -11.6407 6.2000
    endloop
  endfacet
  facet normal 0 0 1
    outer loop
      vertex 6.7361 -15.9815 3.3000
      vertex 10.4495 -11.6407 3.3000
      vertex 8.9959 -12.0593 3.3000
    endloop
  endfacet
  facet normal 0.27440770794101754 -0.9616134409535659 0
    outer loop
      vertex 10.4495 -11.6407 3.3000
      vertex 11.9046 -11.2255 3.3000
      vertex 11.9046 -11.2255 6.2000
    endloop
  endfacet
  facet normal 0.27440770794101754 -0.9616134409535659 0
    outer loop
      vertex 10.4495 -11.6407 3.3000
      vertex 11.9046 -11.2255 6.2000
      vertex 10.4495 -11.6407 6.2000
    endloop
  endfacet
  facet normal 0 0 -1
    outer loop
      vertex 6.7361 -15.9815 6.2000
      vertex 10.4495 -11.6407 6.2000
      vertex 11.9046 -11.2255 6.2000
    endloop
  endfacet
  facet normal 0 0 1
    outer loop
      vertex 6.7361 -15.9815 3.3000
      vertex 11.9046 -11.2255 3.3000
      vertex 10.4495 -11.6407 3.3000
    endloop
  endfacet
  facet normal 0.27026724687825693 -0.9627853422569578 0
    outer loop
      vertex 11.9046 -11.2255 3.3000
      vertex 13.3607 -10.8167 3.3000
      vertex 13.3607 -10.8167 6.2000
    endloop
  endfacet
  facet normal 0.27026724687825693 -0.9627853422569578 0
    outer loop
      vertex 11.9046 -11.2255 3.3000
      vertex 13.3607 -10.8167 6.2000
      vertex 11.9046 -11.2255 6.2000
    endloop
  endfacet
  facet normal 0 0 -1
    outer loop
      vertex 6.7361 -15.9815 6.2000
      vertex 11.9046 -11.2255 6.2000
      vertex 13.3607 -10.8167 6.2000
    endloop
  endfacet
  facet normal 0 0 1
    outer loop
      vertex 6.7361 -15.9815 3.3000
      vertex 13.3607 -10.8167 3.3000
      vertex 11.9046 -11.2255 3.3000
    endloop
  endfacet
  facet normal 0.2642439154196298 -0.9644558845088267 0
    outer loop
      vertex 13.3607 -10.8167 3.3000
      vertex 14.8173 -10.4177 3.3000
      vertex 14.8173 -10.4177 6.2000
    endloop
  endfacet
  facet normal 0.2642439154196298 -0.9644558845088267 0
    outer loop
      vertex 13.3607 -10.8167 3.3000
      vertex 14.8173 -10.4177 6.2000
      vertex 13.3607 -10.8167 6.2000
    endloop
  endfacet
  facet normal 0 0 -1
    outer loop
      vertex 6.7361 -15.9815 6.2000
      vertex 13.3607 -10.8167 6.2000
      vertex 14.8173 -10.4177 6.2000
    endloop
  endfacet
  facet normal 0 0 1
    outer loop
      vertex 6.7361 -15.9815 3.3000
      vertex 14.8173 -10.4177 3.3000
      vertex 13.3607 -10.8167 3.3000
    endloop
  endfacet
  facet normal 0.2562732609284461 -0.9666043739468079 0
    outer loop
      vertex 14.8173 -10.4177 3.3000
      vertex 16.2739 -10.0315 3.3000
      vertex 16.2739 -10.0315 6.2000
    endloop
  endfacet
  facet normal 0.2562732609284461 -0.9666043739468079 0
    outer loop
      vertex 14.8173 -10.4177 3.3000
      vertex 16.2739 -10.0315 6.2000
      vertex 14.8173 -10.4177 6.2000
    endloop
  endfacet
  facet normal 0 0 -1
    outer loop
      vertex 6.7361 -15.9815 6.2000
      vertex 14.8173 -10.4177 6.2000
      vertex 16.2739 -10.0315 6.2000
    endloop
  endfacet
  facet normal 0 0 1
    outer loop
      vertex 6.7361 -15.9815 3.3000
      vertex 16.2739 -10.0315 3.3000
      vertex 14.8173 -10.4177 3.3000
    endloop
  endfacet
  facet normal 0.24627539480226396 -0.9691998916193652 0
    outer loop
      vertex 16.2739 -10.0315 3.3000
      vertex 17.7301 -9.6615 3.3000
      vertex 17.7301 -9.6615 6.2000
    endloop
  endfacet
  facet normal 0.24627539480226396 -0.9691998916193652 0
    outer loop
      vertex 16.2739 -10.0315 3.3000
      vertex 17.7301 -9.6615 6.2000
      vertex 16.2739 -10.0315 6.2000
    endloop
  endfacet
  facet normal 0 0 -1
    outer loop
      vertex 6.7361 -15.9815 6.2000
      vertex 16.2739 -10.0315 6.2000
      vertex 17.7301 -9.6615 6.2000
    endloop
  endfacet
  facet normal 0 0 1
    outer loop
      vertex 6.7361 -15.9815 3.3000
      vertex 17.7301 -9.6615 3.3000
      vertex 16.2739 -10.0315 3.3000
    endloop
  endfacet
  facet normal 0.23415491259320353 -0.9721992989652222 0
    outer loop
      vertex 17.7301 -9.6615 3.3000
      vertex 19.1856 -9.3109 3.3000
      vertex 19.1856 -9.3109 6.2000
    endloop
  endfacet
  facet normal 0.23415491259320353 -0.9721992989652222 0
    outer loop
      vertex 17.7301 -9.6615 3.3000
      vertex 19.1856 -9.3109 6.2000
      vertex 17.7301 -9.6615 6.2000
    endloop
  endfacet
  facet normal 0 0 -1
    outer loop
      vertex 6.7361 -15.9815 6.2000
      vertex 17.7301 -9.6615 6.2000
      vertex 19.1856 -9.3109 6.2000
    endloop
  endfacet
  facet normal 0 0 1
    outer loop
      vertex 6.7361 -15.9815 3.3000
      vertex 19.1856 -9.3109 3.3000
      vertex 17.7301 -9.6615 3.3000
    endloop
  endfacet
  facet normal 0.2198011188106743 -0.9755447033168577 0
    outer loop
      vertex 19.1856 -9.3109 3.3000
      vertex 20.6401 -8.9832 3.3000
      vertex 20.6401 -8.9832 6.2000
    endloop
  endfacet
  facet normal 0.2198011188106743 -0.9755447033168577 0
    outer loop
      vertex 19.1856 -9.3109 3.3000
      vertex 20.6401 -8.9832 6.2000
      vertex 19.1856 -9.3109 6.2000
    endloop
  endfacet
  facet normal 0 0 -1
    outer loop
      vertex 6.7361 -15.9815 6.2000
      vertex 19.1856 -9.3109 6.2000
      vertex 20.6401 -8.9832 6.2000
    endloop
  endfacet
  facet normal 0 0 1
    outer loop
      vertex 6.7361 -15.9815 3.3000
      vertex 20.6401 -8.9832 3.3000
      vertex 19.1856 -9.3109 3.3000
    endloop
  endfacet
  facet normal 0.20308873079169398 -0.979160337955648 0
    outer loop
      vertex 20.6401 -8.9832 3.3000
      vertex 22.0934 -8.6818 3.3000
      vertex 22.0934 -8.6818 6.2000
    endloop
  endfacet
  facet normal 0.20308873079169398 -0.979160337955648 0
    outer loop
      vertex 20.6401 -8.9832 3.3000
      vertex 22.0934 -8.6818 6.2000
      vertex 20.6401 -8.9832 6.2000
    endloop
  endfacet
  facet normal 0 0 -1
    outer loop
      vertex 6.7361 -15.9815 6.2000
      vertex 20.6401 -8.9832 6.2000
      vertex 22.0934 -8.6818 6.2000
    endloop
  endfacet
  facet normal 0 0 1
    outer loop
      vertex 6.7361 -15.9815 3.3000
      vertex 22.0934 -8.6818 3.3000
      vertex 20.6401 -8.9832 3.3000
    endloop
  endfacet
  facet normal 0.18387929780587176 -0.9829488307325155 0
    outer loop
      vertex 22.0934 -8.6818 3.3000
      vertex 23.5453 -8.4102 3.3000
      vertex 23.5453 -8.4102 6.2000
    endloop
  endfacet
  facet normal 0.18387929780587176 -0.9829488307325155 0
    outer loop
      vertex 22.0934 -8.6818 3.3000
      vertex 23.5453 -8.4102 6.2000
      vertex 22.0934 -8.6818 6.2000
    endloop
  endfacet
  facet normal 0 0 -1
    outer loop
      vertex 6.7361 -15.9815 6.2000
      vertex 22.0934 -8.6818 6.2000
      vertex 23.5453 -8.4102 6.2000
    endloop
  endfacet
  facet normal 0 0 1
    outer loop
      vertex 6.7361 -15.9815 3.3000
      vertex 23.5453 -8.4102 3.3000
      vertex 22.0934 -8.6818 3.3000
    endloop
  endfacet
  facet normal 0.16202364444284106 -0.9867868759977808 0
    outer loop
      vertex 23.5453 -8.4102 3.3000
      vertex 24.9956 -8.1720 3.3000
      vertex 24.9956 -8.1720 6.2000
    endloop
  endfacet
  facet normal 0.16202364444284106 -0.9867868759977808 0
    outer loop
      vertex 23.5453 -8.4102 3.3000
      vertex 24.9956 -8.1720 6.2000
      vertex 23.5453 -8.4102 6.2000
    endloop
  endfacet
  facet normal 0 0 -1
    outer loop
      vertex 6.7361 -15.9815 6.2000
      vertex 23.5453 -8.4102 6.2000
      vertex 24.9956 -8.1720 6.2000
    endloop
  endfacet
  facet normal 0 0 1
    outer loop
      vertex 6.7361 -15.9815 3.3000
      vertex 24.9956 -8.1720 3.3000
      vertex 23.5453 -8.4102 3.3000
    endloop
  endfacet
  facet normal 0.13736572743283165 -0.9905203970271631 0
    outer loop
      vertex 24.9956 -8.1720 3.3000
      vertex 26.4442 -7.9711 3.3000
      vertex 26.4442 -7.9711 6.2000
    endloop
  endfacet
  facet normal 0.13736572743283165 -0.9905203970271631 0
    outer loop
      vertex 24.9956 -8.1720 3.3000
      vertex 26.4442 -7.9711 6.2000
      vertex 24.9956 -8.1720 6.2000
    endloop
  endfacet
  facet normal 0 0 -1
    outer loop
      vertex 6.7361 -15.9815 6.2000
      vertex 24.9956 -8.1720 6.2000
      vertex 26.4442 -7.9711 6.2000
    endloop
  endfacet
  facet normal 0 0 1
    outer loop
      vertex 6.7361 -15.9815 3.3000
      vertex 26.4442 -7.9711 3.3000
      vertex 24.9956 -8.1720 3.3000
    endloop
  endfacet
  facet normal 0.10974837250850632 -0.9939594029595645 0
    outer loop
      vertex 26.4442 -7.9711 3.3000
      vertex 27.8910 -7.8114 3.3000
      vertex 27.8910 -7.8114 6.2000
    endloop
  endfacet
  facet normal 0.10974837250850632 -0.9939594029595645 0
    outer loop
      vertex 26.4442 -7.9711 3.3000
      vertex 27.8910 -7.8114 6.2000
      vertex 26.4442 -7.9711 6.2000
    endloop
  endfacet
  facet normal 0 0 -1
    outer loop
      vertex 6.7361 -15.9815 6.2000
      vertex 26.4442 -7.9711 6.2000
      vertex 27.8910 -7.8114 6.2000
    endloop
  endfacet
  facet normal 0 0 1
    outer loop
      vertex 6.7361 -15.9815 3.3000
      vertex 27.8910 -7.8114 3.3000
      vertex 26.4442 -7.9711 3.3000
    endloop
  endfacet
  facet normal 0.07902141332236172 -0.9968729187998518 0
    outer loop
      vertex 27.8910 -7.8114 3.3000
      vertex 29.3357 -7.6969 3.3000
      vertex 29.3357 -7.6969 6.2000
    endloop
  endfacet
  facet normal 0.07902141332236172 -0.9968729187998518 0
    outer loop
      vertex 27.8910 -7.8114 3.3000
      vertex 29.3357 -7.6969 6.2000
      vertex 27.8910 -7.8114 6.2000
    endloop
  endfacet
  facet normal 0 0 -1
    outer loop
      vertex 6.7361 -15.9815 6.2000
      vertex 27.8910 -7.8114 6.2000
      vertex 29.3357 -7.6969 6.2000
    endloop
  endfacet
  facet normal 0 0 1
    outer loop
      vertex 6.7361 -15.9815 3.3000
      vertex 29.3357 -7.6969 3.3000
      vertex 27.8910 -7.8114 3.3000
    endloop
  endfacet
  facet normal 0.045052754755276155 -0.9989846091351762 0
    outer loop
      vertex 29.3357 -7.6969 3.3000
      vertex 30.7781 -7.6318 3.3000
      vertex 30.7781 -7.6318 6.2000
    endloop
  endfacet
  facet normal 0.045052754755276155 -0.9989846091351762 0
    outer loop
      vertex 29.3357 -7.6969 3.3000
      vertex 30.7781 -7.6318 6.2000
      vertex 29.3357 -7.6969 6.2000
    endloop
  endfacet
  facet normal 0 0 -1
    outer loop
      vertex 6.7361 -15.9815 6.2000
      vertex 29.3357 -7.6969 6.2000
      vertex 30.7781 -7.6318 6.2000
    endloop
  endfacet
  facet normal 0 0 1
    outer loop
      vertex 6.7361 -15.9815 3.3000
      vertex 30.7781 -7.6318 3.3000
      vertex 29.3357 -7.6969 3.3000
    endloop
  endfacet
  facet normal 0.007742778291696099 -0.9999700242428899 0
    outer loop
      vertex 30.7781 -7.6318 3.3000
      vertex 32.2178 -7.6207 3.3000
      vertex 32.2178 -7.6207 6.2000
    endloop
  endfacet
  facet normal 0.007742778291696099 -0.9999700242428899 0
    outer loop
      vertex 30.7781 -7.6318 3.3000
      vertex 32.2178 -7.6207 6.2000
      vertex 30.7781 -7.6318 6.2000
    endloop
  endfacet
  facet normal 0 0 -1
    outer loop
      vertex 6.7361 -15.9815 6.2000
      vertex 30.7781 -7.6318 6.2000
      vertex 32.2178 -7.6207 6.2000
    endloop
  endfacet
  facet normal 0 0 1
    outer loop
      vertex 6.7361 -15.9815 3.3000
      vertex 32.2178 -7.6207 3.3000
      vertex 30.7781 -7.6318 3.3000
    endloop
  endfacet
  facet normal -0.032957768493257274 -0.9994567451850753 0
    outer loop
      vertex 32.2178 -7.6207 3.3000
      vertex 33.6541 -7.6680 3.3000
      vertex 33.6541 -7.6680 6.2000
    endloop
  endfacet
  facet normal -0.032957768493257274 -0.9994567451850753 0
    outer loop
      vertex 32.2178 -7.6207 3.3000
      vertex 33.6541 -7.6680 6.2000
      vertex 32.2178 -7.6207 6.2000
    endloop
  endfacet
  facet normal 0 0 -1
    outer loop
      vertex 6.7361 -15.9815 6.2000
      vertex 32.2178 -7.6207 6.2000
      vertex 33.6541 -7.6680 6.2000
    endloop
  endfacet
  facet normal 0 0 1
    outer loop
      vertex 6.7361 -15.9815 3.3000
      vertex 33.6541 -7.6680 3.3000
      vertex 32.2178 -7.6207 3.3000
    endloop
  endfacet
  facet normal -0.07702677482621292 -0.9970290246326191 0
    outer loop
      vertex 33.6541 -7.6680 3.3000
      vertex 35.0860 -7.7786 3.3000
      vertex 35.0860 -7.7786 6.2000
    endloop
  endfacet
  facet normal -0.07702677482621292 -0.9970290246326191 0
    outer loop
      vertex 33.6541 -7.6680 3.3000
      vertex 35.0860 -7.7786 6.2000
      vertex 33.6541 -7.6680 6.2000
    endloop
  endfacet
  facet normal 0 0 -1
    outer loop
      vertex 6.7361 -15.9815 6.2000
      vertex 33.6541 -7.6680 6.2000
      vertex 35.0860 -7.7786 6.2000
    endloop
  endfacet
  facet normal 0 0 1
    outer loop
      vertex 6.7361 -15.9815 3.3000
      vertex 35.0860 -7.7786 3.3000
      vertex 33.6541 -7.6680 3.3000
    endloop
  endfacet
  facet normal -0.12434785131376398 -0.9922386869466692 0
    outer loop
      vertex 35.0860 -7.7786 3.3000
      vertex 36.5122 -7.9574 3.3000
      vertex 36.5122 -7.9574 6.2000
    endloop
  endfacet
  facet normal -0.12434785131376398 -0.9922386869466692 0
    outer loop
      vertex 35.0860 -7.7786 3.3000
      vertex 36.5122 -7.9574 6.2000
      vertex 35.0860 -7.7786 6.2000
    endloop
  endfacet
  facet normal 0 0 -1
    outer loop
      vertex 6.7361 -15.9815 6.2000
      vertex 35.0860 -7.7786 6.2000
      vertex 36.5122 -7.9574 6.2000
    endloop
  endfacet
  facet normal 0 0 1
    outer loop
      vertex 6.7361 -15.9815 3.3000
      vertex 36.5122 -7.9574 3.3000
      vertex 35.0860 -7.7786 3.3000
    endloop
  endfacet
  facet normal -0.17468777554289106 -0.9846238779736537 0
    outer loop
      vertex 36.5122 -7.9574 3.3000
      vertex 37.9307 -8.2090 3.3000
      vertex 37.9307 -8.2090 6.2000
    endloop
  endfacet
  facet normal -0.17468777554289106 -0.9846238779736537 0
    outer loop
      vertex 36.5122 -7.9574 3.3000
      vertex 37.9307 -8.2090 6.2000
      vertex 36.5122 -7.9574 6.2000
    endloop
  endfacet
  facet normal 0 0 -1
    outer loop
      vertex 6.7361 -15.9815 6.2000
      vertex 36.5122 -7.9574 6.2000
      vertex 37.9307 -8.2090 6.2000
    endloop
  endfacet
  facet normal 0 0 1
    outer loop
      vertex 6.7361 -15.9815 3.3000
      vertex 37.9307 -8.2090 3.3000
      vertex 36.5122 -7.9574 3.3000
    endloop
  endfacet
  facet normal -0.22767779565295543 -0.9737365256405919 0
    outer loop
      vertex 37.9307 -8.2090 3.3000
      vertex 39.3393 -8.5384 3.3000
      vertex 39.3393 -8.5384 6.2000
    endloop
  endfacet
  facet normal -0.22767779565295543 -0.9737365256405919 0
    outer loop
      vertex 37.9307 -8.2090 3.3000
      vertex 39.3393 -8.5384 6.2000
      vertex 37.9307 -8.2090 6.2000
    endloop
  endfacet
  facet normal 0 0 -1
    outer loop
      vertex 6.7361 -15.9815 6.2000
      vertex 37.9307 -8.2090 6.2000
      vertex 39.3393 -8.5384 6.2000
    endloop
  endfacet
  facet normal 0 0 1
    outer loop
      vertex 6.7361 -15.9815 3.3000
      vertex 39.3393 -8.5384 3.3000
      vertex 37.9307 -8.2090 3.3000
    endloop
  endfacet
  facet normal -0.28280329799711945 -0.9591779264776439 0
    outer loop
      vertex 39.3393 -8.5384 3.3000
      vertex 40.7350 -8.9499 3.3000
      vertex 40.7350 -8.9499 6.2000
    endloop
  endfacet
  facet normal -0.28280329799711945 -0.9591779264776439 0
    outer loop
      vertex 39.3393 -8.5384 3.3000
      vertex 40.7350 -8.9499 6.2000
      vertex 39.3393 -8.5384 6.2000
    endloop
  endfacet
  facet normal 0 0 -1
    outer loop
      vertex 6.7361 -15.9815 6.2000
      vertex 39.3393 -8.5384 6.2000
      vertex 40.7350 -8.9499 6.2000
    endloop
  endfacet
  facet normal 0 0 1
    outer loop
      vertex 6.7361 -15.9815 3.3000
      vertex 40.7350 -8.9499 3.3000
      vertex 39.3393 -8.5384 3.3000
    endloop
  endfacet
  facet normal -0.3394066336328349 -0.9406397488124915 0
    outer loop
      vertex 40.7350 -8.9499 3.3000
      vertex 42.1144 -9.4476 3.3000
      vertex 42.1144 -9.4476 6.2000
    endloop
  endfacet
  facet normal -0.3394066336328349 -0.9406397488124915 0
    outer loop
      vertex 40.7350 -8.9499 3.3000
      vertex 42.1144 -9.4476 6.2000
      vertex 40.7350 -8.9499 6.2000
    endloop
  endfacet
  facet normal 0 0 -1
    outer loop
      vertex 6.7361 -15.9815 6.2000
      vertex 40.7350 -8.9499 6.2000
      vertex 42.1144 -9.4476 6.2000
    endloop
  endfacet
  facet normal 0 0 1
    outer loop
      vertex 6.7361 -15.9815 3.3000
      vertex 42.1144 -9.4476 3.3000
      vertex 40.7350 -8.9499 3.3000
    endloop
  endfacet
  facet normal -0.396706916497765 -0.9179453264780183 0
    outer loop
      vertex 42.1144 -9.4476 3.3000
      vertex 43.4736 -10.0350 3.3000
      vertex 43.4736 -10.0350 6.2000
    endloop
  endfacet
  facet normal -0.396706916497765 -0.9179453264780183 0
    outer loop
      vertex 42.1144 -9.4476 3.3000
      vertex 43.4736 -10.0350 6.2000
      vertex 42.1144 -9.4476 6.2000
    endloop
  endfacet
  facet normal 0 0 -1
    outer loop
      vertex 6.7361 -15.9815 6.2000
      vertex 42.1144 -9.4476 6.2000
      vertex 43.4736 -10.0350 6.2000
    endloop
  endfacet
  facet normal 0 0 1
    outer loop
      vertex 6.7361 -15.9815 3.3000
      vertex 43.4736 -10.0350 3.3000
      vertex 42.1144 -9.4476 3.3000
    endloop
  endfacet
  facet normal -0.4525813505114786 -0.8917231191178159 0
    outer loop
      vertex 43.4736 -10.0350 3.3000
      vertex 44.7017 -10.6583 3.3000
      vertex 44.7017 -10.6583 6.2000
    endloop
  endfacet
  facet normal -0.4525813505114786 -0.8917231191178159 0
    outer loop
      vertex 43.4736 -10.0350 3.3000
      vertex 44.7017 -10.6583 6.2000
      vertex 43.4736 -10.0350 6.2000
    endloop
  endfacet
  facet normal 0 0 -1
    outer loop
      vertex 6.7361 -15.9815 6.2000
      vertex 43.4736 -10.0350 6.2000
      vertex 44.7017 -10.6583 6.2000
    endloop
  endfacet
  facet normal 0 0 1
    outer loop
      vertex 6.7361 -15.9815 3.3000
      vertex 44.7017 -10.6583 3.3000
      vertex 43.4736 -10.0350 3.3000
    endloop
  endfacet
  facet normal -0.8911143302813199 0.45377885623646524 0
    outer loop
      vertex 44.7017 -10.6583 3.3000
      vertex 41.2983 -17.3417 3.3000
      vertex 41.2983 -17.3417 6.2000
    endloop
  endfacet
  facet normal -0.8911143302813199 0.45377885623646524 0
    outer loop
      vertex 44.7017 -10.6583 3.3000
      vertex 41.2983 -17.3417 6.2000
      vertex 44.7017 -10.6583 6.2000
    endloop
  endfacet
  facet normal 0 0 -1
    outer loop
      vertex 6.7361 -15.9815 6.2000
      vertex 44.7017 -10.6583 6.2000
      vertex 41.2983 -17.3417 6.2000
    endloop
  endfacet
  facet normal 0 0 1
    outer loop
      vertex 6.7361 -15.9815 3.3000
      vertex 41.2983 -17.3417 3.3000
      vertex 44.7017 -10.6583 3.3000
    endloop
  endfacet
  facet normal 0.455222357398697 0.8903777879778746 0
    outer loop
      vertex 41.2983 -17.3417 3.3000
      vertex 40.2818 -16.8220 3.3000
      vertex 40.2818 -16.8220 6.2000
    endloop
  endfacet
  facet normal 0.455222357398697 0.8903777879778746 0
    outer loop
      vertex 41.2983 -17.3417 3.3000
      vertex 40.2818 -16.8220 6.2000
      vertex 41.2983 -17.3417 6.2000
    endloop
  endfacet
  facet normal 0 0 1
    outer loop
      vertex 6.7361 -15.9815 6.2000
      vertex 41.2983 -17.3417 6.2000
      vertex 40.2818 -16.8220 6.2000
    endloop
  endfacet
  facet normal 0 0 -1
    outer loop
      vertex 6.7361 -15.9815 3.3000
      vertex 40.2818 -16.8220 3.3000
      vertex 41.2983 -17.3417 3.3000
    endloop
  endfacet
  facet normal 0.39652644508038526 0.9180232994602656 0
    outer loop
      vertex 40.2818 -16.8220 3.3000
      vertex 39.3526 -16.4206 3.3000
      vertex 39.3526 -16.4206 6.2000
    endloop
  endfacet
  facet normal 0.39652644508038526 0.9180232994602656 0
    outer loop
      vertex 40.2818 -16.8220 3.3000
      vertex 39.3526 -16.4206 6.2000
      vertex 40.2818 -16.8220 6.2000
    endloop
  endfacet
  facet normal 0 0 1
    outer loop
      vertex 6.7361 -15.9815 6.2000
      vertex 40.2818 -16.8220 6.2000
      vertex 39.3526 -16.4206 6.2000
    endloop
  endfacet
  facet normal 0 0 -1
    outer loop
      vertex 6.7361 -15.9815 3.3000
      vertex 39.3526 -16.4206 3.3000
      vertex 40.2818 -16.8220 3.3000
    endloop
  endfacet
  facet normal 0.3391989224682617 0.9407146703418472 0
    outer loop
      vertex 39.3526 -16.4206 3.3000
      vertex 38.4011 -16.0775 3.3000
      vertex 38.4011 -16.0775 6.2000
    endloop
  endfacet
  facet normal 0.3391989224682617 0.9407146703418472 0
    outer loop
      vertex 39.3526 -16.4206 3.3000
      vertex 38.4011 -16.0775 6.2000
      vertex 39.3526 -16.4206 6.2000
    endloop
  endfacet
  facet normal 0 0 1
    outer loop
      vertex 6.7361 -15.9815 6.2000
      vertex 39.3526 -16.4206 6.2000
      vertex 38.4011 -16.0775 6.2000
    endloop
  endfacet
  facet normal 0 0 -1
    outer loop
      vertex 6.7361 -15.9815 3.3000
      vertex 38.4011 -16.0775 3.3000
      vertex 39.3526 -16.4206 3.3000
    endloop
  endfacet
  facet normal 0.2825778786756513 0.9592443601518692 0
    outer loop
      vertex 38.4011 -16.0775 3.3000
      vertex 37.4251 -15.7900 3.3000
      vertex 37.4251 -15.7900 6.2000
    endloop
  endfacet
  facet normal 0.2825778786756513 0.9592443601518692 0
    outer loop
      vertex 38.4011 -16.0775 3.3000
      vertex 37.4251 -15.7900 6.2000
      vertex 38.4011 -16.0775 6.2000
    endloop
  endfacet
  facet normal 0 0 1
    outer loop
      vertex 6.7361 -15.9815 6.2000
      vertex 38.4011 -16.0775 6.2000
      vertex 37.4251 -15.7900 6.2000
    endloop
  endfacet
  facet normal 0 0 -1
    outer loop
      vertex 6.7361 -15.9815 3.3000
      vertex 37.4251 -15.7900 3.3000
      vertex 38.4011 -16.0775 3.3000
    endloop
  endfacet
  facet normal 0.22744495841064863 0.9737909379808268 0
    outer loop
      vertex 37.4251 -15.7900 3.3000
      vertex 36.4225 -15.5558 3.3000
      vertex 36.4225 -15.5558 6.2000
    endloop
  endfacet
  facet normal 0.22744495841064863 0.9737909379808268 0
    outer loop
      vertex 37.4251 -15.7900 3.3000
      vertex 36.4225 -15.5558 6.2000
      vertex 37.4251 -15.7900 6.2000
    endloop
  endfacet
  facet normal 0 0 1
    outer loop
      vertex 6.7361 -15.9815 6.2000
      vertex 37.4251 -15.7900 6.2000
      vertex 36.4225 -15.5558 6.2000
    endloop
  endfacet
  facet normal 0 0 -1
    outer loop
      vertex 6.7361 -15.9815 3.3000
      vertex 36.4225 -15.5558 3.3000
      vertex 37.4251 -15.7900 3.3000
    endloop
  endfacet
  facet normal 0.17445708100814664 0.9846647789405879 0
    outer loop
      vertex 36.4225 -15.5558 3.3000
      vertex 35.3918 -15.3732 3.3000
      vertex 35.3918 -15.3732 6.2000
    endloop
  endfacet
  facet normal 0.17445708100814664 0.9846647789405879 0
    outer loop
      vertex 36.4225 -15.5558 3.3000
      vertex 35.3918 -15.3732 6.2000
      vertex 36.4225 -15.5558 6.2000
    endloop
  endfacet
  facet normal 0 0 1
    outer loop
      vertex 6.7361 -15.9815 6.2000
      vertex 36.4225 -15.5558 6.2000
      vertex 35.3918 -15.3732 6.2000
    endloop
  endfacet
  facet normal 0 0 -1
    outer loop
      vertex 6.7361 -15.9815 3.3000
      vertex 35.3918 -15.3732 3.3000
      vertex 36.4225 -15.5558 3.3000
    endloop
  endfacet
  facet normal 0.12412710322171473 0.992266326268198 0
    outer loop
      vertex 35.3918 -15.3732 3.3000
      vertex 34.3322 -15.2407 3.3000
      vertex 34.3322 -15.2407 6.2000
    endloop
  endfacet
  facet normal 0.12412710322171473 0.992266326268198 0
    outer loop
      vertex 35.3918 -15.3732 3.3000
      vertex 34.3322 -15.2407 6.2000
      vertex 35.3918 -15.3732 6.2000
    endloop
  endfacet
  facet normal 0 0 1
    outer loop
      vertex 6.7361 -15.9815 6.2000
      vertex 35.3918 -15.3732 6.2000
      vertex 34.3322 -15.2407 6.2000
    endloop
  endfacet
  facet normal 0 0 -1
    outer loop
      vertex 6.7361 -15.9815 3.3000
      vertex 34.3322 -15.2407 3.3000
      vertex 35.3918 -15.3732 3.3000
    endloop
  endfacet
  facet normal 0.0768215548126555 0.9970448579257437 0
    outer loop
      vertex 34.3322 -15.2407 3.3000
      vertex 33.2431 -15.1568 3.3000
      vertex 33.2431 -15.1568 6.2000
    endloop
  endfacet
  facet normal 0.0768215548126555 0.9970448579257437 0
    outer loop
      vertex 34.3322 -15.2407 3.3000
      vertex 33.2431 -15.1568 6.2000
      vertex 34.3322 -15.2407 6.2000
    endloop
  endfacet
  facet normal 0 0 1
    outer loop
      vertex 6.7361 -15.9815 6.2000
      vertex 34.3322 -15.2407 6.2000
      vertex 33.2431 -15.1568 6.2000
    endloop
  endfacet
  facet normal 0 0 -1
    outer loop
      vertex 6.7361 -15.9815 3.3000
      vertex 33.2431 -15.1568 3.3000
      vertex 34.3322 -15.2407 3.3000
    endloop
  endfacet
  facet normal 0.03277144867968393 0.9994628718223778 0
    outer loop
      vertex 33.2431 -15.1568 3.3000
      vertex 32.1248 -15.1201 3.3000
      vertex 32.1248 -15.1201 6.2000
    endloop
  endfacet
  facet normal 0.03277144867968393 0.9994628718223778 0
    outer loop
      vertex 33.2431 -15.1568 3.3000
      vertex 32.1248 -15.1201 6.2000
      vertex 33.2431 -15.1568 6.2000
    endloop
  endfacet
  facet normal 0 0 1
    outer loop
      vertex 6.7361 -15.9815 6.2000
      vertex 33.2431 -15.1568 6.2000
      vertex 32.1248 -15.1201 6.2000
    endloop
  endfacet
  facet normal 0 0 -1
    outer loop
      vertex 6.7361 -15.9815 3.3000
      vertex 32.1248 -15.1201 3.3000
      vertex 33.2431 -15.1568 3.3000
    endloop
  endfacet
  facet normal -0.007908716315032106 0.9999687256140806 0
    outer loop
      vertex 32.1248 -15.1201 3.3000
      vertex 30.9776 -15.1292 3.3000
      vertex 30.9776 -15.1292 6.2000
    endloop
  endfacet
  facet normal -0.007908716315032106 0.9999687256140806 0
    outer loop
      vertex 32.1248 -15.1201 3.3000
      vertex 30.9776 -15.1292 6.2000
      vertex 32.1248 -15.1201 6.2000
    endloop
  endfacet
  facet normal 0 0 1
    outer loop
      vertex 6.7361 -15.9815 6.2000
      vertex 32.1248 -15.1201 6.2000
      vertex 30.9776 -15.1292 6.2000
    endloop
  endfacet
  facet normal 0 0 -1
    outer loop
      vertex 6.7361 -15.9815 3.3000
      vertex 30.9776 -15.1292 3.3000
      vertex 32.1248 -15.1201 3.3000
    endloop
  endfacet
  facet normal -0.04519826676550506 0.998978036135627 0
    outer loop
      vertex 30.9776 -15.1292 3.3000
      vertex 29.8024 -15.1823 3.3000
      vertex 29.8024 -15.1823 6.2000
    endloop
  endfacet
  facet normal -0.04519826676550506 0.998978036135627 0
    outer loop
      vertex 30.9776 -15.1292 3.3000
      vertex 29.8024 -15.1823 6.2000
      vertex 30.9776 -15.1292 6.2000
    endloop
  endfacet
  facet normal 0 0 -1
    outer loop
      vertex 6.7361 -15.9815 6.2000
      vertex 30.9776 -15.1292 6.2000
      vertex 29.8024 -15.1823 6.2000
    endloop
  endfacet
  facet normal 0 0 1
    outer loop
      vertex 6.7361 -15.9815 3.3000
      vertex 29.8024 -15.1823 3.3000
      vertex 30.9776 -15.1292 3.3000
    endloop
  endfacet
  facet normal -0.07914743202081251 0.9968629213710934 0
    outer loop
      vertex 29.8024 -15.1823 3.3000
      vertex 28.6001 -15.2778 3.3000
      vertex 28.6001 -15.2778 6.2000
    endloop
  endfacet
  facet normal -0.07914743202081251 0.9968629213710934 0
    outer loop
      vertex 29.8024 -15.1823 3.3000
      vertex 28.6001 -15.2778 6.2000
      vertex 29.8024 -15.1823 6.2000
    endloop
  endfacet
  facet normal 0 0 -1
    outer loop
      vertex 6.7361 -15.9815 6.2000
      vertex 29.8024 -15.1823 6.2000
      vertex 28.6001 -15.2778 6.2000
    endloop
  endfacet
  facet normal 0 0 1
    outer loop
      vertex 6.7361 -15.9815 3.3000
      vertex 28.6001 -15.2778 3.3000
      vertex 29.8024 -15.1823 3.3000
    endloop
  endfacet
  facet normal -0.10985641163950235 0.9939474678380604 0
    outer loop
      vertex 28.6001 -15.2778 3.3000
      vertex 27.3720 -15.4135 3.3000
      vertex 27.3720 -15.4135 6.2000
    endloop
  endfacet
  facet normal -0.10985641163950235 0.9939474678380604 0
    outer loop
      vertex 28.6001 -15.2778 3.3000
      vertex 27.3720 -15.4135 6.2000
      vertex 28.6001 -15.2778 6.2000
    endloop
  endfacet
  facet normal 0 0 -1
    outer loop
      vertex 6.7361 -15.9815 6.2000
      vertex 28.6001 -15.2778 6.2000
      vertex 27.3720 -15.4135 6.2000
    endloop
  endfacet
  facet normal 0 0 1
    outer loop
      vertex 6.7361 -15.9815 3.3000
      vertex 27.3720 -15.4135 3.3000
      vertex 28.6001 -15.2778 3.3000
    endloop
  endfacet
  facet normal -0.13745757779063875 0.9905076548457009 0
    outer loop
      vertex 27.3720 -15.4135 3.3000
      vertex 26.1193 -15.5874 3.3000
      vertex 26.1193 -15.5874 6.2000
    endloop
  endfacet
  facet normal -0.13745757779063875 0.9905076548457009 0
    outer loop
      vertex 27.3720 -15.4135 3.3000
      vertex 26.1193 -15.5874 6.2000
      vertex 27.3720 -15.4135 6.2000
    endloop
  endfacet
  facet normal 0 0 -1
    outer loop
      vertex 6.7361 -15.9815 6.2000
      vertex 27.3720 -15.4135 6.2000
      vertex 26.1193 -15.5874 6.2000
    endloop
  endfacet
  facet normal 0 0 1
    outer loop
      vertex 6.7361 -15.9815 3.3000
      vertex 26.1193 -15.5874 3.3000
      vertex 27.3720 -15.4135 3.3000
    endloop
  endfacet
  facet normal -0.16210116102182906 0.9867741451798254 0
    outer loop
      vertex 26.1193 -15.5874 3.3000
      vertex 24.8433 -15.7970 3.3000
      vertex 24.8433 -15.7970 6.2000
    endloop
  endfacet
  facet normal -0.16210116102182906 0.9867741451798254 0
    outer loop
      vertex 26.1193 -15.5874 3.3000
      vertex 24.8433 -15.7970 6.2000
      vertex 26.1193 -15.5874 6.2000
    endloop
  endfacet
  facet normal 0 0 -1
    outer loop
      vertex 6.7361 -15.9815 6.2000
      vertex 26.1193 -15.5874 6.2000
      vertex 24.8433 -15.7970 6.2000
    endloop
  endfacet
  facet normal 0 0 1
    outer loop
      vertex 6.7361 -15.9815 3.3000
      vertex 24.8433 -15.7970 3.3000
      vertex 26.1193 -15.5874 3.3000
    endloop
  endfacet
  facet normal -0.18394426360842575 0.9829366754199144 0
    outer loop
      vertex 24.8433 -15.7970 3.3000
      vertex 23.5453 -16.0399 3.3000
      vertex 23.5453 -16.0399 6.2000
    endloop
  endfacet
  facet normal -0.18394426360842575 0.9829366754199144 0
    outer loop
      vertex 24.8433 -15.7970 3.3000
      vertex 23.5453 -16.0399 6.2000
      vertex 24.8433 -15.7970 6.2000
    endloop
  endfacet
  facet normal 0 0 -1
    outer loop
      vertex 6.7361 -15.9815 6.2000
      vertex 24.8433 -15.7970 6.2000
      vertex 23.5453 -16.0399 6.2000
    endloop
  endfacet
  facet normal 0 0 1
    outer loop
      vertex 6.7361 -15.9815 3.3000
      vertex 23.5453 -16.0399 3.3000
      vertex 24.8433 -15.7970 3.3000
    endloop
  endfacet
  facet normal -0.20314277867980632 0.9791491262674177 0
    outer loop
      vertex 23.5453 -16.0399 3.3000
      vertex 22.2266 -16.3135 3.3000
      vertex 22.2266 -16.3135 6.2000
    endloop
  endfacet
  facet normal -0.20314277867980632 0.9791491262674177 0
    outer loop
      vertex 23.5453 -16.0399 3.3000
      vertex 22.2266 -16.3135 6.2000
      vertex 23.5453 -16.0399 6.2000
    endloop
  endfacet
  facet normal 0 0 -1
    outer loop
      vertex 6.7361 -15.9815 6.2000
      vertex 23.5453 -16.0399 6.2000
      vertex 22.2266 -16.3135 6.2000
    endloop
  endfacet
  facet normal 0 0 1
    outer loop
      vertex 6.7361 -15.9815 3.3000
      vertex 22.2266 -16.3135 3.3000
      vertex 23.5453 -16.0399 3.3000
    endloop
  endfacet
  facet normal -0.21984569388532627 0.9755346589845382 0
    outer loop
      vertex 22.2266 -16.3135 3.3000
      vertex 20.8884 -16.6150 3.3000
      vertex 20.8884 -16.6150 6.2000
    endloop
  endfacet
  facet normal -0.21984569388532627 0.9755346589845382 0
    outer loop
      vertex 22.2266 -16.3135 3.3000
      vertex 20.8884 -16.6150 6.2000
      vertex 22.2266 -16.3135 6.2000
    endloop
  endfacet
  facet normal 0 0 -1
    outer loop
      vertex 6.7361 -15.9815 6.2000
      vertex 22.2266 -16.3135 6.2000
      vertex 20.8884 -16.6150 6.2000
    endloop
  endfacet
  facet normal 0 0 1
    outer loop
      vertex 6.7361 -15.9815 3.3000
      vertex 20.8884 -16.6150 3.3000
      vertex 22.2266 -16.3135 3.3000
    endloop
  endfacet
  facet normal -0.2341912608474952 0.9721905437426659 0
    outer loop
      vertex 20.8884 -16.6150 3.3000
      vertex 19.5321 -16.9418 3.3000
      vertex 19.5321 -16.9418 6.2000
    endloop
  endfacet
  facet normal -0.2341912608474952 0.9721905437426659 0
    outer loop
      vertex 20.8884 -16.6150 3.3000
      vertex 19.5321 -16.9418 6.2000
      vertex 20.8884 -16.6150 6.2000
    endloop
  endfacet
  facet normal 0 0 -1
    outer loop
      vertex 6.7361 -15.9815 6.2000
      vertex 20.8884 -16.6150 6.2000
      vertex 19.5321 -16.9418 6.2000
    endloop
  endfacet
  facet normal 0 0 1
    outer loop
      vertex 6.7361 -15.9815 3.3000
      vertex 19.5321 -16.9418 3.3000
      vertex 20.8884 -16.6150 3.3000
    endloop
  endfacet
  facet normal -0.24630456745807938 0.9691924783288861 0
    outer loop
      vertex 19.5321 -16.9418 3.3000
      vertex 18.1587 -17.2908 3.3000
      vertex 18.1587 -17.2908 6.2000
    endloop
  endfacet
  facet normal -0.24630456745807938 0.9691924783288861 0
    outer loop
      vertex 19.5321 -16.9418 3.3000
      vertex 18.1587 -17.2908 6.2000
      vertex 19.5321 -16.9418 6.2000
    endloop
  endfacet
  facet normal 0 0 -1
    outer loop
      vertex 6.7361 -15.9815 6.2000
      vertex 19.5321 -16.9418 6.2000
      vertex 18.1587 -17.2908 6.2000
    endloop
  endfacet
  facet normal 0 0 1
    outer loop
      vertex 6.7361 -15.9815 3.3000
      vertex 18.1587 -17.2908 3.3000
      vertex 19.5321 -16.9418 3.3000
    endloop
  endfacet
  facet normal -0.2562961271019334 0.9665983112092372 0
    outer loop
      vertex 18.1587 -17.2908 3.3000
      vertex 16.7695 -17.6592 3.3000
      vertex 16.7695 -17.6592 6.2000
    endloop
  endfacet
  facet normal -0.2562961271019334 0.9665983112092372 0
    outer loop
      vertex 18.1587 -17.2908 3.3000
      vertex 16.7695 -17.6592 6.2000
      vertex 18.1587 -17.2908 6.2000
    endloop
  endfacet
  facet normal 0 0 -1
    outer loop
      vertex 6.7361 -15.9815 6.2000
      vertex 18.1587 -17.2908 6.2000
      vertex 16.7695 -17.6592 6.2000
    endloop
  endfacet
  facet normal 0 0 1
    outer loop
      vertex 6.7361 -15.9815 3.3000
      vertex 16.7695 -17.6592 3.3000
      vertex 18.1587 -17.2908 3.3000
    endloop
  endfacet
  facet normal -0.2642611782941589 0.9644511546193425 0
    outer loop
      vertex 16.7695 -17.6592 3.3000
      vertex 15.3653 -18.0439 3.3000
      vertex 15.3653 -18.0439 6.2000
    endloop
  endfacet
  facet normal -0.2642611782941589 0.9644511546193425 0
    outer loop
      vertex 16.7695 -17.6592 3.3000
      vertex 15.3653 -18.0439 6.2000
      vertex 16.7695 -17.6592 6.2000
    endloop
  endfacet
  facet normal 0 0 -1
    outer loop
      vertex 6.7361 -15.9815 6.2000
      vertex 16.7695 -17.6592 6.2000
      vertex 15.3653 -18.0439 6.2000
    endloop
  endfacet
  facet normal 0 0 1
    outer loop
      vertex 6.7361 -15.9815 3.3000
      vertex 15.3653 -18.0439 3.3000
      vertex 16.7695 -17.6592 3.3000
    endloop
  endfacet
  facet normal -0.2702794603999984 0.9627819136678283 0
    outer loop
      vertex 15.3653 -18.0439 3.3000
      vertex 13.9472 -18.4420 3.3000
      vertex 13.9472 -18.4420 6.2000
    endloop
  endfacet
  facet normal -0.2702794603999984 0.9627819136678283 0
    outer loop
      vertex 15.3653 -18.0439 3.3000
      vertex 13.9472 -18.4420 6.2000
      vertex 15.3653 -18.0439 6.2000
    endloop
  endfacet
  facet normal 0 0 -1
    outer loop
      vertex 6.7361 -15.9815 6.2000
      vertex 15.3653 -18.0439 6.2000
      vertex 13.9472 -18.4420 6.2000
    endloop
  endfacet
  facet normal 0 0 1
    outer loop
      vertex 6.7361 -15.9815 3.3000
      vertex 13.9472 -18.4420 3.3000
      vertex 15.3653 -18.0439 3.3000
    endloop
  endfacet
  facet normal -0.274415292310964 0.9616112766320329 0
    outer loop
      vertex 13.9472 -18.4420 3.3000
      vertex 12.5162 -18.8503 3.3000
      vertex 12.5162 -18.8503 6.2000
    endloop
  endfacet
  facet normal -0.274415292310964 0.9616112766320329 0
    outer loop
      vertex 13.9472 -18.4420 3.3000
      vertex 12.5162 -18.8503 6.2000
      vertex 13.9472 -18.4420 6.2000
    endloop
  endfacet
  facet normal 0 0 -1
    outer loop
      vertex 6.7361 -15.9815 6.2000
      vertex 13.9472 -18.4420 6.2000
      vertex 12.5162 -18.8503 6.2000
    endloop
  endfacet
  facet normal 0 0 1
    outer loop
      vertex 6.7361 -15.9815 3.3000
      vertex 12.5162 -18.8503 3.3000
      vertex 13.9472 -18.4420 3.3000
    endloop
  endfacet
  facet normal -0.27671783072727696 0.9609512173662043 0
    outer loop
      vertex 12.5162 -18.8503 3.3000
      vertex 11.0732 -19.2659 3.3000
      vertex 11.0732 -19.2659 6.2000
    endloop
  endfacet
  facet normal -0.27671783072727696 0.9609512173662043 0
    outer loop
      vertex 12.5162 -18.8503 3.3000
      vertex 11.0732 -19.2659 6.2000
      vertex 12.5162 -18.8503 6.2000
    endloop
  endfacet
  facet normal 0 0 -1
    outer loop
      vertex 6.7361 -15.9815 6.2000
      vertex 12.5162 -18.8503 6.2000
      vertex 11.0732 -19.2659 6.2000
    endloop
  endfacet
  facet normal 0 0 1
    outer loop
      vertex 6.7361 -15.9815 3.3000
      vertex 11.0732 -19.2659 3.3000
      vertex 12.5162 -18.8503 3.3000
    endloop
  endfacet
  facet normal -0.27722142427219776 0.9608060584345283 0
    outer loop
      vertex 11.0732 -19.2659 3.3000
      vertex 9.6189 -19.6855 3.3000
      vertex 9.6189 -19.6855 6.2000
    endloop
  endfacet
  facet normal -0.27722142427219776 0.9608060584345283 0
    outer loop
      vertex 11.0732 -19.2659 3.3000
      vertex 9.6189 -19.6855 6.2000
      vertex 11.0732 -19.2659 6.2000
    endloop
  endfacet
  facet normal 0 0 -1
    outer loop
      vertex 6.7361 -15.9815 6.2000
      vertex 11.0732 -19.2659 6.2000
      vertex 9.6189 -19.6855 6.2000
    endloop
  endfacet
  facet normal 0 0 1
    outer loop
      vertex 6.7361 -15.9815 3.3000
      vertex 9.6189 -19.6855 3.3000
      vertex 11.0732 -19.2659 3.3000
    endloop
  endfacet
  facet normal -0.27594601095500393 0.961173136868702 0
    outer loop
      vertex 9.6189 -19.6855 3.3000
      vertex 8.1541 -20.1060 3.3000
      vertex 8.1541 -20.1060 6.2000
    endloop
  endfacet
  facet normal -0.27594601095500393 0.961173136868702 0
    outer loop
      vertex 9.6189 -19.6855 3.3000
      vertex 8.1541 -20.1060 6.2000
      vertex 9.6189 -19.6855 6.2000
    endloop
  endfacet
  facet normal 0 0 -1
    outer loop
      vertex 6.7361 -15.9815 6.2000
      vertex 9.6189 -19.6855 6.2000
      vertex 8.1541 -20.1060 6.2000
    endloop
  endfacet
  facet normal 0 0 1
    outer loop
      vertex 6.7361 -15.9815 3.3000
      vertex 8.1541 -20.1060 3.3000
      vertex 9.6189 -19.6855 3.3000
    endloop
  endfacet
  facet normal -0.2728975315786233 0.9620431057173551 0
    outer loop
      vertex 8.1541 -20.1060 3.3000
      vertex 6.6796 -20.5243 3.3000
      vertex 6.6796 -20.5243 6.2000
    endloop
  endfacet
  facet normal -0.2728975315786233 0.9620431057173551 0
    outer loop
      vertex 8.1541 -20.1060 3.3000
      vertex 6.6796 -20.5243 6.2000
      vertex 8.1541 -20.1060 6.2000
    endloop
  endfacet
  facet normal 0 0 -1
    outer loop
      vertex 6.7361 -15.9815 6.2000
      vertex 8.1541 -20.1060 6.2000
      vertex 6.6796 -20.5243 6.2000
    endloop
  endfacet
  facet normal 0 0 1
    outer loop
      vertex 6.7361 -15.9815 3.3000
      vertex 6.6796 -20.5243 3.3000
      vertex 8.1541 -20.1060 3.3000
    endloop
  endfacet
  facet normal -0.2680683525234497 0.9633998953577708 0
    outer loop
      vertex 6.6796 -20.5243 3.3000
      vertex 5.1960 -20.9371 3.3000
      vertex 5.1960 -20.9371 6.2000
    endloop
  endfacet
  facet normal -0.2680683525234497 0.9633998953577708 0
    outer loop
      vertex 6.6796 -20.5243 3.3000
      vertex 5.1960 -20.9371 6.2000
      vertex 6.6796 -20.5243 6.2000
    endloop
  endfacet
  facet normal 0 0 -1
    outer loop
      vertex 6.7361 -15.9815 6.2000
      vertex 6.6796 -20.5243 6.2000
      vertex 5.1960 -20.9371 6.2000
    endloop
  endfacet
  facet normal 0 0 1
    outer loop
      vertex 6.7361 -15.9815 3.3000
      vertex 5.1960 -20.9371 3.3000
      vertex 6.6796 -20.5243 3.3000
    endloop
  endfacet
  facet normal -0.2614377096920758 0.9652203499465611 0
    outer loop
      vertex 5.1960 -20.9371 3.3000
      vertex 3.7039 -21.3412 3.3000
      vertex 3.7039 -21.3412 6.2000
    endloop
  endfacet
  facet normal -0.2614377096920758 0.9652203499465611 0
    outer loop
      vertex 5.1960 -20.9371 3.3000
      vertex 3.7039 -21.3412 6.2000
      vertex 5.1960 -20.9371 6.2000
    endloop
  endfacet
  facet normal 0 0 -1
    outer loop
      vertex 6.7361 -15.9815 6.2000
      vertex 5.1960 -20.9371 6.2000
      vertex 3.7039 -21.3412 6.2000
    endloop
  endfacet
  facet normal 0 0 1
    outer loop
      vertex 6.7361 -15.9815 3.3000
      vertex 3.7039 -21.3412 3.3000
      vertex 5.1960 -20.9371 3.3000
    endloop
  endfacet
  facet normal -0.2529722027943389 0.9674735472421866 0
    outer loop
      vertex 3.7039 -21.3412 3.3000
      vertex 2.2040 -21.7334 3.3000
      vertex 2.2040 -21.7334 6.2000
    endloop
  endfacet
  facet normal -0.2529722027943389 0.9674735472421866 0
    outer loop
      vertex 3.7039 -21.3412 3.3000
      vertex 2.2040 -21.7334 6.2000
      vertex 3.7039 -21.3412 6.2000
    endloop
  endfacet
  facet normal 0 0 -1
    outer loop
      vertex 6.7361 -15.9815 6.2000
      vertex 3.7039 -21.3412 6.2000
      vertex 2.2040 -21.7334 6.2000
    endloop
  endfacet
  facet normal 0 0 1
    outer loop
      vertex 6.7361 -15.9815 3.3000
      vertex 2.2040 -21.7334 3.3000
      vertex 3.7039 -21.3412 3.3000
    endloop
  endfacet
  facet normal -0.2426263868649398 0.9701198051771053 0
    outer loop
      vertex 2.2040 -21.7334 3.3000
      vertex 0.6968 -22.1104 3.3000
      vertex 0.6968 -22.1104 6.2000
    endloop
  endfacet
  facet normal -0.2426263868649398 0.9701198051771053 0
    outer loop
      vertex 2.2040 -21.7334 3.3000
      vertex 0.6968 -22.1104 6.2000
      vertex 2.2040 -21.7334 6.2000
    endloop
  endfacet
  facet normal 0 0 -1
    outer loop
      vertex 6.7361 -15.9815 6.2000
      vertex 2.2040 -21.7334 6.2000
      vertex 0.6968 -22.1104 6.2000
    endloop
  endfacet
  facet normal 0 0 1
    outer loop
      vertex 6.7361 -15.9815 3.3000
      vertex 0.6968 -22.1104 3.3000
      vertex 2.2040 -21.7334 3.3000
    endloop
  endfacet
  facet normal -0.23034352693814206 0.9731093769960791 0
    outer loop
      vertex 0.6968 -22.1104 3.3000
      vertex -0.8173 -22.4688 3.3000
      vertex -0.8173 -22.4688 6.2000
    endloop
  endfacet
  facet normal -0.23034352693814206 0.9731093769960791 0
    outer loop
      vertex 0.6968 -22.1104 3.3000
      vertex -0.8173 -22.4688 6.2000
      vertex 0.6968 -22.1104 6.2000
    endloop
  endfacet
  facet normal 0 0 -1
    outer loop
      vertex 6.7361 -15.9815 6.2000
      vertex 0.6968 -22.1104 6.2000
      vertex -0.8173 -22.4688 6.2000
    endloop
  endfacet
  facet normal 0 0 1
    outer loop
      vertex 6.7361 -15.9815 3.3000
      vertex -0.8173 -22.4688 3.3000
      vertex 0.6968 -22.1104 3.3000
    endloop
  endfacet
  facet normal -0.21605660280202035 0.9763808398292391 0
    outer loop
      vertex -0.8173 -22.4688 3.3000
      vertex -2.3379 -22.8053 3.3000
      vertex -2.3379 -22.8053 6.2000
    endloop
  endfacet
  facet normal -0.21605660280202035 0.9763808398292391 0
    outer loop
      vertex -0.8173 -22.4688 3.3000
      vertex -2.3379 -22.8053 6.2000
      vertex -0.8173 -22.4688 6.2000
    endloop
  endfacet
  facet normal 0 0 -1
    outer loop
      vertex 6.7361 -15.9815 6.2000
      vertex -0.8173 -22.4688 6.2000
      vertex -2.3379 -22.8053 6.2000
    endloop
  endfacet
  facet normal 0 0 1
    outer loop
      vertex 6.7361 -15.9815 3.3000
      vertex -2.3379 -22.8053 3.3000
      vertex -0.8173 -22.4688 3.3000
    endloop
  endfacet
  facet normal -0.19968967385279496 0.9798591909843802 0
    outer loop
      vertex -2.3379 -22.8053 3.3000
      vertex -3.8643 -23.1164 3.3000
      vertex -3.8643 -23.1164 6.2000
    endloop
  endfacet
  facet normal -0.19968967385279496 0.9798591909843802 0
    outer loop
      vertex -2.3379 -22.8053 3.3000
      vertex -3.8643 -23.1164 6.2000
      vertex -2.3379 -22.8053 6.2000
    endloop
  endfacet
  facet normal 0 0 -1
    outer loop
      vertex 6.7361 -15.9815 6.2000
      vertex -2.3379 -22.8053 6.2000
      vertex -3.8643 -23.1164 6.2000
    endloop
  endfacet
  facet normal 0 0 1
    outer loop
      vertex 6.7361 -15.9815 3.3000
      vertex -3.8643 -23.1164 3.3000
      vertex -2.3379 -22.8053 3.3000
    endloop
  endfacet
  facet normal -0.1811597386162879 0.9834536842701227 0
    outer loop
      vertex -3.8643 -23.1164 3.3000
      vertex -5.3964 -23.3986 3.3000
      vertex -5.3964 -23.3986 6.2000
    endloop
  endfacet
  facet normal -0.1811597386162879 0.9834536842701227 0
    outer loop
      vertex -3.8643 -23.1164 3.3000
      vertex -5.3964 -23.3986 6.2000
      vertex -3.8643 -23.1164 6.2000
    endloop
  endfacet
  facet normal 0 0 -1
    outer loop
      vertex 6.7361 -15.9815 6.2000
      vertex -3.8643 -23.1164 6.2000
      vertex -5.3964 -23.3986 6.2000
    endloop
  endfacet
  facet normal 0 0 1
    outer loop
      vertex 6.7361 -15.9815 3.3000
      vertex -5.3964 -23.3986 3.3000
      vertex -3.8643 -23.1164 3.3000
    endloop
  endfacet
  facet normal -0.16037924766401251 0.9870554680050787 0
    outer loop
      vertex -5.3964 -23.3986 3.3000
      vertex -6.9336 -23.6483 3.3000
      vertex -6.9336 -23.6483 6.2000
    endloop
  endfacet
  facet normal -0.16037924766401251 0.9870554680050787 0
    outer loop
      vertex -5.3964 -23.3986 3.3000
      vertex -6.9336 -23.6483 6.2000
      vertex -5.3964 -23.3986 6.2000
    endloop
  endfacet
  facet normal 0 0 -1
    outer loop
      vertex 6.7361 -15.9815 6.2000
      vertex -5.3964 -23.3986 6.2000
      vertex -6.9336 -23.6483 6.2000
    endloop
  endfacet
  facet normal 0 0 1
    outer loop
      vertex 6.7361 -15.9815 3.3000
      vertex -6.9336 -23.6483 3.3000
      vertex -5.3964 -23.3986 3.3000
    endloop
  endfacet
  facet normal -0.13725944885001948 0.9905351299683361 0
    outer loop
      vertex -6.9336 -23.6483 3.3000
      vertex -8.4756 -23.8620 3.3000
      vertex -8.4756 -23.8620 6.2000
    endloop
  endfacet
  facet normal -0.13725944885001948 0.9905351299683361 0
    outer loop
      vertex -6.9336 -23.6483 3.3000
      vertex -8.4756 -23.8620 6.2000
      vertex -6.9336 -23.6483 6.2000
    endloop
  endfacet
  facet normal 0 0 -1
    outer loop
      vertex 6.7361 -15.9815 6.2000
      vertex -6.9336 -23.6483 6.2000
      vertex -8.4756 -23.8620 6.2000
    endloop
  endfacet
  facet normal 0 0 1
    outer loop
      vertex 6.7361 -15.9815 3.3000
      vertex -8.4756 -23.8620 3.3000
      vertex -6.9336 -23.6483 3.3000
    endloop
  endfacet
  facet normal -0.11171475407063111 0.9937403150335293 0
    outer loop
      vertex -8.4756 -23.8620 3.3000
      vertex -10.0220 -24.0359 3.3000
      vertex -10.0220 -24.0359 6.2000
    endloop
  endfacet
  facet normal -0.11171475407063111 0.9937403150335293 0
    outer loop
      vertex -8.4756 -23.8620 3.3000
      vertex -10.0220 -24.0359 6.2000
      vertex -8.4756 -23.8620 6.2000
    endloop
  endfacet
  facet normal 0 0 -1
    outer loop
      vertex 6.7361 -15.9815 6.2000
      vertex -8.4756 -23.8620 6.2000
      vertex -10.0220 -24.0359 6.2000
    endloop
  endfacet
  facet normal 0 0 1
    outer loop
      vertex 6.7361 -15.9815 3.3000
      vertex -10.0220 -24.0359 3.3000
      vertex -8.4756 -23.8620 3.3000
    endloop
  endfacet
  facet normal -0.08366830812469098 0.9964936598973182 0
    outer loop
      vertex -10.0220 -24.0359 3.3000
      vertex -11.5723 -24.1660 3.3000
      vertex -11.5723 -24.1660 6.2000
    endloop
  endfacet
  facet normal -0.08366830812469098 0.9964936598973182 0
    outer loop
      vertex -10.0220 -24.0359 3.3000
      vertex -11.5723 -24.1660 6.2000
      vertex -10.0220 -24.0359 6.2000
    endloop
  endfacet
  facet normal 0 0 -1
    outer loop
      vertex 6.7361 -15.9815 6.2000
      vertex -10.0220 -24.0359 6.2000
      vertex -11.5723 -24.1660 6.2000
    endloop
  endfacet
  facet normal 0 0 1
    outer loop
      vertex 6.7361 -15.9815 3.3000
      vertex -11.5723 -24.1660 3.3000
      vertex -10.0220 -24.0359 3.3000
    endloop
  endfacet
  facet normal -0.05305890041079216 0.9985913844447075 0
    outer loop
      vertex -11.5723 -24.1660 3.3000
      vertex -13.1259 -24.2486 3.3000
      vertex -13.1259 -24.2486 6.2000
    endloop
  endfacet
  facet normal -0.05305890041079216 0.9985913844447075 0
    outer loop
      vertex -11.5723 -24.1660 3.3000
      vertex -13.1259 -24.2486 6.2000
      vertex -11.5723 -24.1660 6.2000
    endloop
  endfacet
  facet normal 0 0 -1
    outer loop
      vertex 6.7361 -15.9815 6.2000
      vertex -11.5723 -24.1660 6.2000
      vertex -13.1259 -24.2486 6.2000
    endloop
  endfacet
  facet normal 0 0 1
    outer loop
      vertex 6.7361 -15.9815 3.3000
      vertex -13.1259 -24.2486 3.3000
      vertex -11.5723 -24.1660 3.3000
    endloop
  endfacet
  facet normal -0.019849273984017438 0.999802983753453 0
    outer loop
      vertex -13.1259 -24.2486 3.3000
      vertex -14.6823 -24.2795 3.3000
      vertex -14.6823 -24.2795 6.2000
    endloop
  endfacet
  facet normal -0.019849273984017438 0.999802983753453 0
    outer loop
      vertex -13.1259 -24.2486 3.3000
      vertex -14.6823 -24.2795 6.2000
      vertex -13.1259 -24.2486 6.2000
    endloop
  endfacet
  facet normal 0 0 -1
    outer loop
      vertex 6.7361 -15.9815 6.2000
      vertex -13.1259 -24.2486 6.2000
      vertex -14.6823 -24.2795 6.2000
    endloop
  endfacet
  facet normal 0 0 1
    outer loop
      vertex 6.7361 -15.9815 3.3000
      vertex -14.6823 -24.2795 3.3000
      vertex -13.1259 -24.2486 3.3000
    endloop
  endfacet
  facet normal 0.01596426204522037 0.9998725630485874 0
    outer loop
      vertex -14.6823 -24.2795 3.3000
      vertex -16.2406 -24.2546 3.3000
      vertex -16.2406 -24.2546 6.2000
    endloop
  endfacet
  facet normal 0.01596426204522037 0.9998725630485874 0
    outer loop
      vertex -14.6823 -24.2795 3.3000
      vertex -16.2406 -24.2546 6.2000
      vertex -14.6823 -24.2795 6.2000
    endloop
  endfacet
  facet normal 0 0 -1
    outer loop
      vertex 6.7361 -15.9815 6.2000
      vertex -14.6823 -24.2795 6.2000
      vertex -16.2406 -24.2546 6.2000
    endloop
  endfacet
  facet normal 0 0 1
    outer loop
      vertex 6.7361 -15.9815 3.3000
      vertex -16.2406 -24.2546 3.3000
      vertex -14.6823 -24.2795 3.3000
    endloop
  endfacet
  facet normal 0.0543412339126846 0.9985224235323145 0
    outer loop
      vertex -16.2406 -24.2546 3.3000
      vertex -17.7999 -24.1697 3.3000
      vertex -17.7999 -24.1697 6.2000
    endloop
  endfacet
  facet normal 0.0543412339126846 0.9985224235323145 0
    outer loop
      vertex -16.2406 -24.2546 3.3000
      vertex -17.7999 -24.1697 6.2000
      vertex -16.2406 -24.2546 6.2000
    endloop
  endfacet
  facet normal 0 0 -1
    outer loop
      vertex 6.7361 -15.9815 6.2000
      vertex -16.2406 -24.2546 6.2000
      vertex -17.7999 -24.1697 6.2000
    endloop
  endfacet
  facet normal 0 0 1
    outer loop
      vertex 6.7361 -15.9815 3.3000
      vertex -17.7999 -24.1697 3.3000
      vertex -16.2406 -24.2546 3.3000
    endloop
  endfacet
  facet normal 0.09518603426181084 0.9954595013768814 0
    outer loop
      vertex -17.7999 -24.1697 3.3000
      vertex -19.3589 -24.0207 3.3000
      vertex -19.3589 -24.0207 6.2000
    endloop
  endfacet
  facet normal 0.09518603426181084 0.9954595013768814 0
    outer loop
      vertex -17.7999 -24.1697 3.3000
      vertex -19.3589 -24.0207 6.2000
      vertex -17.7999 -24.1697 6.2000
    endloop
  endfacet
  facet normal 0 0 -1
    outer loop
      vertex 6.7361 -15.9815 6.2000
      vertex -17.7999 -24.1697 6.2000
      vertex -19.3589 -24.0207 6.2000
    endloop
  endfacet
  facet normal 0 0 1
    outer loop
      vertex 6.7361 -15.9815 3.3000
      vertex -19.3589 -24.0207 3.3000
      vertex -17.7999 -24.1697 3.3000
    endloop
  endfacet
  facet normal 0.1383375525250897 0.9903851379949964 0
    outer loop
      vertex -19.3589 -24.0207 3.3000
      vertex -20.9163 -23.8031 3.3000
      vertex -20.9163 -23.8031 6.2000
    endloop
  endfacet
  facet normal 0.1383375525250897 0.9903851379949964 0
    outer loop
      vertex -19.3589 -24.0207 3.3000
      vertex -20.9163 -23.8031 6.2000
      vertex -19.3589 -24.0207 6.2000
    endloop
  endfacet
  facet normal 0 0 -1
    outer loop
      vertex 6.7361 -15.9815 6.2000
      vertex -19.3589 -24.0207 6.2000
      vertex -20.9163 -23.8031 6.2000
    endloop
  endfacet
  facet normal 0 0 1
    outer loop
      vertex 6.7361 -15.9815 3.3000
      vertex -20.9163 -23.8031 3.3000
      vertex -19.3589 -24.0207 3.3000
    endloop
  endfacet
  facet normal 0.18356073060705175 0.9830083713677139 0
    outer loop
      vertex -20.9163 -23.8031 3.3000
      vertex -22.4702 -23.5130 3.3000
      vertex -22.4702 -23.5130 6.2000
    endloop
  endfacet
  facet normal 0.18356073060705175 0.9830083713677139 0
    outer loop
      vertex -20.9163 -23.8031 3.3000
      vertex -22.4702 -23.5130 6.2000
      vertex -20.9163 -23.8031 6.2000
    endloop
  endfacet
  facet normal 0 0 -1
    outer loop
      vertex 6.7361 -15.9815 6.2000
      vertex -20.9163 -23.8031 6.2000
      vertex -22.4702 -23.5130 6.2000
    endloop
  endfacet
  facet normal 0 0 1
    outer loop
      vertex 6.7361 -15.9815 3.3000
      vertex -22.4702 -23.5130 3.3000
      vertex -20.9163 -23.8031 3.3000
    endloop
  endfacet
  facet normal 0.2305416386883253 0.97306246090932 0
    outer loop
      vertex -22.4702 -23.5130 3.3000
      vertex -24.0186 -23.1461 3.3000
      vertex -24.0186 -23.1461 6.2000
    endloop
  endfacet
  facet normal 0.2305416386883253 0.97306246090932 0
    outer loop
      vertex -22.4702 -23.5130 3.3000
      vertex -24.0186 -23.1461 6.2000
      vertex -22.4702 -23.5130 6.2000
    endloop
  endfacet
  facet normal 0 0 -1
    outer loop
      vertex 6.7361 -15.9815 6.2000
      vertex -22.4702 -23.5130 6.2000
      vertex -24.0186 -23.1461 6.2000
    endloop
  endfacet
  facet normal 0 0 1
    outer loop
      vertex 6.7361 -15.9815 3.3000
      vertex -24.0186 -23.1461 3.3000
      vertex -22.4702 -23.5130 3.3000
    endloop
  endfacet
  facet normal 0.27888772759715347 0.960323713856789 0
    outer loop
      vertex -24.0186 -23.1461 3.3000
      vertex -25.5591 -22.6987 3.3000
      vertex -25.5591 -22.6987 6.2000
    endloop
  endfacet
  facet normal 0.27888772759715347 0.960323713856789 0
    outer loop
      vertex -24.0186 -23.1461 3.3000
      vertex -25.5591 -22.6987 6.2000
      vertex -24.0186 -23.1461 6.2000
    endloop
  endfacet
  facet normal 0 0 -1
    outer loop
      vertex 6.7361 -15.9815 6.2000
      vertex -24.0186 -23.1461 6.2000
      vertex -25.5591 -22.6987 6.2000
    endloop
  endfacet
  facet normal 0 0 1
    outer loop
      vertex 6.7361 -15.9815 3.3000
      vertex -25.5591 -22.6987 3.3000
      vertex -24.0186 -23.1461 3.3000
    endloop
  endfacet
  facet normal 0.32813464737867243 0.9446309613757501 0
    outer loop
      vertex -25.5591 -22.6987 3.3000
      vertex -27.0892 -22.1672 3.3000
      vertex -27.0892 -22.1672 6.2000
    endloop
  endfacet
  facet normal 0.32813464737867243 0.9446309613757501 0
    outer loop
      vertex -25.5591 -22.6987 3.3000
      vertex -27.0892 -22.1672 6.2000
      vertex -25.5591 -22.6987 6.2000
    endloop
  endfacet
  facet normal 0 0 -1
    outer loop
      vertex 6.7361 -15.9815 6.2000
      vertex -25.5591 -22.6987 6.2000
      vertex -27.0892 -22.1672 6.2000
    endloop
  endfacet
  facet normal 0 0 1
    outer loop
      vertex 6.7361 -15.9815 3.3000
      vertex -27.0892 -22.1672 3.3000
      vertex -25.5591 -22.6987 3.3000
    endloop
  endfacet
  facet normal 0.3777603529340269 0.9259034051947099 0
    outer loop
      vertex -27.0892 -22.1672 3.3000
      vertex -28.6062 -21.5483 3.3000
      vertex -28.6062 -21.5483 6.2000
    endloop
  endfacet
  facet normal 0.3777603529340269 0.9259034051947099 0
    outer loop
      vertex -27.0892 -22.1672 3.3000
      vertex -28.6062 -21.5483 6.2000
      vertex -27.0892 -22.1672 6.2000
    endloop
  endfacet
  facet normal 0 0 -1
    outer loop
      vertex 6.7361 -15.9815 6.2000
      vertex -27.0892 -22.1672 6.2000
      vertex -28.6062 -21.5483 6.2000
    endloop
  endfacet
  facet normal 0 0 1
    outer loop
      vertex 6.7361 -15.9815 3.3000
      vertex -28.6062 -21.5483 3.3000
      vertex -27.0892 -22.1672 3.3000
    endloop
  endfacet
  facet normal 0.42720617807526623 0.9041542354124787 0
    outer loop
      vertex -28.6062 -21.5483 3.3000
      vertex -30.1071 -20.8392 3.3000
      vertex -30.1071 -20.8392 6.2000
    endloop
  endfacet
  facet normal 0.42720617807526623 0.9041542354124787 0
    outer loop
      vertex -28.6062 -21.5483 3.3000
      vertex -30.1071 -20.8392 6.2000
      vertex -28.6062 -21.5483 6.2000
    endloop
  endfacet
  facet normal 0 0 -1
    outer loop
      vertex 6.7361 -15.9815 6.2000
      vertex -28.6062 -21.5483 6.2000
      vertex -30.1071 -20.8392 6.2000
    endloop
  endfacet
  facet normal 0 0 1
    outer loop
      vertex 6.7361 -15.9815 3.3000
      vertex -30.1071 -20.8392 3.3000
      vertex -28.6062 -21.5483 3.3000
    endloop
  endfacet
  facet normal 0.4759033210839237 0.8794976003271936 0
    outer loop
      vertex -30.1071 -20.8392 3.3000
      vertex -31.5891 -20.0372 3.3000
      vertex -31.5891 -20.0372 6.2000
    endloop
  endfacet
  facet normal 0.4759033210839237 0.8794976003271936 0
    outer loop
      vertex -30.1071 -20.8392 3.3000
      vertex -31.5891 -20.0372 6.2000
      vertex -30.1071 -20.8392 6.2000
    endloop
  endfacet
  facet normal 0 0 -1
    outer loop
      vertex 6.7361 -15.9815 6.2000
      vertex -30.1071 -20.8392 6.2000
      vertex -31.5891 -20.0372 6.2000
    endloop
  endfacet
  facet normal 0 0 1
    outer loop
      vertex 6.7361 -15.9815 3.3000
      vertex -31.5891 -20.0372 3.3000
      vertex -30.1071 -20.8392 3.3000
    endloop
  endfacet
  facet normal 0.5225511295508513 0.8526079503529916 0
    outer loop
      vertex -31.5891 -20.0372 3.3000
      vertex -32.9623 -19.1956 3.3000
      vertex -32.9623 -19.1956 6.2000
    endloop
  endfacet
  facet normal 0.5225511295508513 0.8526079503529916 0
    outer loop
      vertex -31.5891 -20.0372 3.3000
      vertex -32.9623 -19.1956 6.2000
      vertex -31.5891 -20.0372 6.2000
    endloop
  endfacet
  facet normal 0 0 -1
    outer loop
      vertex 6.7361 -15.9815 6.2000
      vertex -31.5891 -20.0372 6.2000
      vertex -32.9623 -19.1956 6.2000
    endloop
  endfacet
  facet normal 0 0 1
    outer loop
      vertex 6.7361 -15.9815 3.3000
      vertex -32.9623 -19.1956 3.3000
      vertex -31.5891 -20.0372 3.3000
    endloop
  endfacet
  facet normal 0.8521607887199503 -0.5232800303548688 0
    outer loop
      vertex -32.9623 -19.1956 3.3000
      vertex -29.0377 -12.8044 3.3000
      vertex -29.0377 -12.8044 6.2000
    endloop
  endfacet
  facet normal 0.8521607887199503 -0.5232800303548688 0
    outer loop
      vertex -32.9623 -19.1956 3.3000
      vertex -29.0377 -12.8044 6.2000
      vertex -32.9623 -19.1956 6.2000
    endloop
  endfacet
  facet normal 0 0 -1
    outer loop
      vertex 6.7361 -15.9815 6.2000
      vertex -32.9623 -19.1956 6.2000
      vertex -29.0377 -12.8044 6.2000
    endloop
  endfacet
  facet normal 0 0 1
    outer loop
      vertex 6.7361 -15.9815 3.3000
      vertex -29.0377 -12.8044 3.3000
      vertex -32.9623 -19.1956 3.3000
    endloop
  endfacet
endsolid reeftools-logo-02-cyan-coral-wave
