solid reeftools-logo-05-dark-blue-grid-tiles
  facet normal 0.9876883405951371 0.15643446504023467 0
    outer loop
      vertex 14.9500 28.0500 3.3500
      vertex 14.8864 28.4517 3.3500
      vertex 14.8864 28.4517 5.6000
    endloop
  endfacet
  facet normal 0.9876883405951371 0.15643446504023467 0
    outer loop
      vertex 14.9500 28.0500 3.3500
      vertex 14.8864 28.4517 5.6000
      vertex 14.9500 28.0500 5.6000
    endloop
  endfacet
  facet normal 0 0 1
    outer loop
      vertex 11.8000 26.2000 5.6000
      vertex 14.9500 28.0500 5.6000
      vertex 14.8864 28.4517 5.6000
    endloop
  endfacet
  facet normal 0 0 -1
    outer loop
      vertex 11.8000 26.2000 3.3500
      vertex 14.8864 28.4517 3.3500
      vertex 14.9500 28.0500 3.3500
    endloop
  endfacet
  facet normal 0.8910065241883691 0.45399049973954436 0
    outer loop
      vertex 14.8864 28.4517 3.3500
      vertex 14.7017 28.8141 3.3500
      vertex 14.7017 28.8141 5.6000
    endloop
  endfacet
  facet normal 0.8910065241883691 0.45399049973954436 0
    outer loop
      vertex 14.8864 28.4517 3.3500
      vertex 14.7017 28.8141 5.6000
      vertex 14.8864 28.4517 5.6000
    endloop
  endfacet
  facet normal 0 0 1
    outer loop
      vertex 11.8000 26.2000 5.6000
      vertex 14.8864 28.4517 5.6000
      vertex 14.7017 28.8141 5.6000
    endloop
  endfacet
  facet normal 0 0 -1
    outer loop
      vertex 11.8000 26.2000 3.3500
      vertex 14.7017 28.8141 3.3500
      vertex 14.8864 28.4517 3.3500
    endloop
  endfacet
  facet normal 0.7071067811865454 0.7071067811865497 0
    outer loop
      vertex 14.7017 28.8141 3.3500
      vertex 14.4141 29.1017 3.3500
      vertex 14.4141 29.1017 5.6000
    endloop
  endfacet
  facet normal 0.7071067811865454 0.7071067811865497 0
    outer loop
      vertex 14.7017 28.8141 3.3500
      vertex 14.4141 29.1017 5.6000
      vertex 14.7017 28.8141 5.6000
    endloop
  endfacet
  facet normal 0 0 1
    outer loop
      vertex 11.8000 26.2000 5.6000
      vertex 14.7017 28.8141 5.6000
      vertex 14.4141 29.1017 5.6000
    endloop
  endfacet
  facet normal 0 0 -1
    outer loop
      vertex 11.8000 26.2000 3.3500
      vertex 14.4141 29.1017 3.3500
      vertex 14.7017 28.8141 3.3500
    endloop
  endfacet
  facet normal 0.45399049973955125 0.8910065241883656 0
    outer loop
      vertex 14.4141 29.1017 3.3500
      vertex 14.0517 29.2864 3.3500
      vertex 14.0517 29.2864 5.6000
    endloop
  endfacet
  facet normal 0.45399049973955125 0.8910065241883656 0
    outer loop
      vertex 14.4141 29.1017 3.3500
      vertex 14.0517 29.2864 5.6000
      vertex 14.4141 29.1017 5.6000
    endloop
  endfacet
  facet normal 0 0 1
    outer loop
      vertex 11.8000 26.2000 5.6000
      vertex 14.4141 29.1017 5.6000
      vertex 14.0517 29.2864 5.6000
    endloop
  endfacet
  facet normal 0 0 -1
    outer loop
      vertex 11.8000 26.2000 3.3500
      vertex 14.0517 29.2864 3.3500
      vertex 14.4141 29.1017 3.3500
    endloop
  endfacet
  facet normal 0.15643446504023042 0.9876883405951379 0
    outer loop
      vertex 14.0517 29.2864 3.3500
      vertex 13.6500 29.3500 3.3500
      vertex 13.6500 29.3500 5.6000
    endloop
  endfacet
  facet normal 0.15643446504023042 0.9876883405951379 0
    outer loop
      vertex 14.0517 29.2864 3.3500
      vertex 13.6500 29.3500 5.6000
      vertex 14.0517 29.2864 5.6000
    endloop
  endfacet
  facet normal 0 0 1
    outer loop
      vertex 11.8000 26.2000 5.6000
      vertex 14.0517 29.2864 5.6000
      vertex 13.6500 29.3500 5.6000
    endloop
  endfacet
  facet normal 0 0 -1
    outer loop
      vertex 11.8000 26.2000 3.3500
      vertex 13.6500 29.3500 3.3500
      vertex 14.0517 29.2864 3.3500
    endloop
  endfacet
  facet normal 0 1 0
    outer loop
      vertex 13.6500 29.3500 3.3500
      vertex 9.9500 29.3500 3.3500
      vertex 9.9500 29.3500 5.6000
    endloop
  endfacet
  facet normal 0 1 0
    outer loop
      vertex 13.6500 29.3500 3.3500
      vertex 9.9500 29.3500 5.6000
      vertex 13.6500 29.3500 5.6000
    endloop
  endfacet
  facet normal 0 0 1
    outer loop
      vertex 11.8000 26.2000 5.6000
      vertex 13.6500 29.3500 5.6000
      vertex 9.9500 29.3500 5.6000
    endloop
  endfacet
  facet normal 0 0 -1
    outer loop
      vertex 11.8000 26.2000 3.3500
      vertex 9.9500 29.3500 3.3500
      vertex 13.6500 29.3500 3.3500
    endloop
  endfacet
  facet normal -0.15643446504023042 0.9876883405951379 0
    outer loop
      vertex 9.9500 29.3500 3.3500
      vertex 9.5483 29.2864 3.3500
      vertex 9.5483 29.2864 5.6000
    endloop
  endfacet
  facet normal -0.15643446504023042 0.9876883405951379 0
    outer loop
      vertex 9.9500 29.3500 3.3500
      vertex 9.5483 29.2864 5.6000
      vertex 9.9500 29.3500 5.6000
    endloop
  endfacet
  facet normal 0 0 1
    outer loop
      vertex 11.8000 26.2000 5.6000
      vertex 9.9500 29.3500 5.6000
      vertex 9.5483 29.2864 5.6000
    endloop
  endfacet
  facet normal 0 0 -1
    outer loop
      vertex 11.8000 26.2000 3.3500
      vertex 9.5483 29.2864 3.3500
      vertex 9.9500 29.3500 3.3500
    endloop
  endfacet
  facet normal -0.45399049973955125 0.8910065241883656 0
    outer loop
      vertex 9.5483 29.2864 3.3500
      vertex 9.1859 29.1017 3.3500
      vertex 9.1859 29.1017 5.6000
    endloop
  endfacet
  facet normal -0.45399049973955125 0.8910065241883656 0
    outer loop
      vertex 9.5483 29.2864 3.3500
      vertex 9.1859 29.1017 5.6000
      vertex 9.5483 29.2864 5.6000
    endloop
  endfacet
  facet normal 0 0 1
    outer loop
      vertex 11.8000 26.2000 5.6000
      vertex 9.5483 29.2864 5.6000
      vertex 9.1859 29.1017 5.6000
    endloop
  endfacet
  facet normal 0 0 -1
    outer loop
      vertex 11.8000 26.2000 3.3500
      vertex 9.1859 29.1017 3.3500
      vertex 9.5483 29.2864 3.3500
    endloop
  endfacet
  facet normal -0.7071067811865475 0.7071067811865475 0
    outer loop
      vertex 9.1859 29.1017 3.3500
      vertex 8.8983 28.8141 3.3500
      vertex 8.8983 28.8141 5.6000
    endloop
  endfacet
  facet normal -0.7071067811865475 0.7071067811865475 0
    outer loop
      vertex 9.1859 29.1017 3.3500
      vertex 8.8983 28.8141 5.6000
      vertex 9.1859 29.1017 5.6000
    endloop
  endfacet
  facet normal 0 0 1
    outer loop
      vertex 11.8000 26.2000 5.6000
      vertex 9.1859 29.1017 5.6000
      vertex 8.8983 28.8141 5.6000
    endloop
  endfacet
  facet normal 0 0 -1
    outer loop
      vertex 11.8000 26.2000 3.3500
      vertex 8.8983 28.8141 3.3500
      vertex 9.1859 29.1017 3.3500
    endloop
  endfacet
  facet normal -0.8910065241883673 0.4539904997395478 0
    outer loop
      vertex 8.8983 28.8141 3.3500
      vertex 8.7136 28.4517 3.3500
      vertex 8.7136 28.4517 5.6000
    endloop
  endfacet
  facet normal -0.8910065241883673 0.4539904997395478 0
    outer loop
      vertex 8.8983 28.8141 3.3500
      vertex 8.7136 28.4517 5.6000
      vertex 8.8983 28.8141 5.6000
    endloop
  endfacet
  facet normal 0 0 1
    outer loop
      vertex 11.8000 26.2000 5.6000
      vertex 8.8983 28.8141 5.6000
      vertex 8.7136 28.4517 5.6000
    endloop
  endfacet
  facet normal 0 0 -1
    outer loop
      vertex 11.8000 26.2000 3.3500
      vertex 8.7136 28.4517 3.3500
      vertex 8.8983 28.8141 3.3500
    endloop
  endfacet
  facet normal -0.9876883405951371 0.15643446504023467 0
    outer loop
      vertex 8.7136 28.4517 3.3500
      vertex 8.6500 28.0500 3.3500
      vertex 8.6500 28.0500 5.6000
    endloop
  endfacet
  facet normal -0.9876883405951371 0.15643446504023467 0
    outer loop
      vertex 8.7136 28.4517 3.3500
      vertex 8.6500 28.0500 5.6000
      vertex 8.7136 28.4517 5.6000
    endloop
  endfacet
  facet normal 0 0 1
    outer loop
      vertex 11.8000 26.2000 5.6000
      vertex 8.7136 28.4517 5.6000
      vertex 8.6500 28.0500 5.6000
    endloop
  endfacet
  facet normal 0 0 -1
    outer loop
      vertex 11.8000 26.2000 3.3500
      vertex 8.6500 28.0500 3.3500
      vertex 8.7136 28.4517 3.3500
    endloop
  endfacet
  facet normal -1 0 0
    outer loop
      vertex 8.6500 28.0500 3.3500
      vertex 8.6500 24.3500 3.3500
      vertex 8.6500 24.3500 5.6000
    endloop
  endfacet
  facet normal -1 0 0
    outer loop
      vertex 8.6500 28.0500 3.3500
      vertex 8.6500 24.3500 5.6000
      vertex 8.6500 28.0500 5.6000
    endloop
  endfacet
  facet normal 0 0 1
    outer loop
      vertex 11.8000 26.2000 5.6000
      vertex 8.6500 28.0500 5.6000
      vertex 8.6500 24.3500 5.6000
    endloop
  endfacet
  facet normal 0 0 -1
    outer loop
      vertex 11.8000 26.2000 3.3500
      vertex 8.6500 24.3500 3.3500
      vertex 8.6500 28.0500 3.3500
    endloop
  endfacet
  facet normal -0.9876883405951379 -0.15643446504023042 0
    outer loop
      vertex 8.6500 24.3500 3.3500
      vertex 8.7136 23.9483 3.3500
      vertex 8.7136 23.9483 5.6000
    endloop
  endfacet
  facet normal -0.9876883405951379 -0.15643446504023042 0
    outer loop
      vertex 8.6500 24.3500 3.3500
      vertex 8.7136 23.9483 5.6000
      vertex 8.6500 24.3500 5.6000
    endloop
  endfacet
  facet normal 0 0 1
    outer loop
      vertex 11.8000 26.2000 5.6000
      vertex 8.6500 24.3500 5.6000
      vertex 8.7136 23.9483 5.6000
    endloop
  endfacet
  facet normal 0 0 -1
    outer loop
      vertex 11.8000 26.2000 3.3500
      vertex 8.7136 23.9483 3.3500
      vertex 8.6500 24.3500 3.3500
    endloop
  endfacet
  facet normal -0.8910065241883673 -0.4539904997395478 0
    outer loop
      vertex 8.7136 23.9483 3.3500
      vertex 8.8983 23.5859 3.3500
      vertex 8.8983 23.5859 5.6000
    endloop
  endfacet
  facet normal -0.8910065241883673 -0.4539904997395478 0
    outer loop
      vertex 8.7136 23.9483 3.3500
      vertex 8.8983 23.5859 5.6000
      vertex 8.7136 23.9483 5.6000
    endloop
  endfacet
  facet normal 0 0 1
    outer loop
      vertex 11.8000 26.2000 5.6000
      vertex 8.7136 23.9483 5.6000
      vertex 8.8983 23.5859 5.6000
    endloop
  endfacet
  facet normal 0 0 -1
    outer loop
      vertex 11.8000 26.2000 3.3500
      vertex 8.8983 23.5859 3.3500
      vertex 8.7136 23.9483 3.3500
    endloop
  endfacet
  facet normal -0.7071067811865475 -0.7071067811865475 0
    outer loop
      vertex 8.8983 23.5859 3.3500
      vertex 9.1859 23.2983 3.3500
      vertex 9.1859 23.2983 5.6000
    endloop
  endfacet
  facet normal -0.7071067811865475 -0.7071067811865475 0
    outer loop
      vertex 8.8983 23.5859 3.3500
      vertex 9.1859 23.2983 5.6000
      vertex 8.8983 23.5859 5.6000
    endloop
  endfacet
  facet normal 0 0 1
    outer loop
      vertex 11.8000 26.2000 5.6000
      vertex 8.8983 23.5859 5.6000
      vertex 9.1859 23.2983 5.6000
    endloop
  endfacet
  facet normal 0 0 -1
    outer loop
      vertex 11.8000 26.2000 3.3500
      vertex 9.1859 23.2983 3.3500
      vertex 8.8983 23.5859 3.3500
    endloop
  endfacet
  facet normal -0.4539904997395495 -0.8910065241883665 0
    outer loop
      vertex 9.1859 23.2983 3.3500
      vertex 9.5483 23.1136 3.3500
      vertex 9.5483 23.1136 5.6000
    endloop
  endfacet
  facet normal -0.4539904997395495 -0.8910065241883665 0
    outer loop
      vertex 9.1859 23.2983 3.3500
      vertex 9.5483 23.1136 5.6000
      vertex 9.1859 23.2983 5.6000
    endloop
  endfacet
  facet normal 0 0 1
    outer loop
      vertex 11.8000 26.2000 5.6000
      vertex 9.1859 23.2983 5.6000
      vertex 9.5483 23.1136 5.6000
    endloop
  endfacet
  facet normal 0 0 -1
    outer loop
      vertex 11.8000 26.2000 3.3500
      vertex 9.5483 23.1136 3.3500
      vertex 9.1859 23.2983 3.3500
    endloop
  endfacet
  facet normal -0.15643446504023042 -0.9876883405951379 0
    outer loop
      vertex 9.5483 23.1136 3.3500
      vertex 9.9500 23.0500 3.3500
      vertex 9.9500 23.0500 5.6000
    endloop
  endfacet
  facet normal -0.15643446504023042 -0.9876883405951379 0
    outer loop
      vertex 9.5483 23.1136 3.3500
      vertex 9.9500 23.0500 5.6000
      vertex 9.5483 23.1136 5.6000
    endloop
  endfacet
  facet normal 0 0 1
    outer loop
      vertex 11.8000 26.2000 5.6000
      vertex 9.5483 23.1136 5.6000
      vertex 9.9500 23.0500 5.6000
    endloop
  endfacet
  facet normal 0 0 -1
    outer loop
      vertex 11.8000 26.2000 3.3500
      vertex 9.9500 23.0500 3.3500
      vertex 9.5483 23.1136 3.3500
    endloop
  endfacet
  facet normal 0 -1 0
    outer loop
      vertex 9.9500 23.0500 3.3500
      vertex 13.6500 23.0500 3.3500
      vertex 13.6500 23.0500 5.6000
    endloop
  endfacet
  facet normal 0 -1 0
    outer loop
      vertex 9.9500 23.0500 3.3500
      vertex 13.6500 23.0500 5.6000
      vertex 9.9500 23.0500 5.6000
    endloop
  endfacet
  facet normal 0 0 1
    outer loop
      vertex 11.8000 26.2000 5.6000
      vertex 9.9500 23.0500 5.6000
      vertex 13.6500 23.0500 5.6000
    endloop
  endfacet
  facet normal 0 0 -1
    outer loop
      vertex 11.8000 26.2000 3.3500
      vertex 13.6500 23.0500 3.3500
      vertex 9.9500 23.0500 3.3500
    endloop
  endfacet
  facet normal 0.15643446504023106 -0.9876883405951375 0
    outer loop
      vertex 13.6500 23.0500 3.3500
      vertex 14.0517 23.1136 3.3500
      vertex 14.0517 23.1136 5.6000
    endloop
  endfacet
  facet normal 0.15643446504023106 -0.9876883405951375 0
    outer loop
      vertex 13.6500 23.0500 3.3500
      vertex 14.0517 23.1136 5.6000
      vertex 13.6500 23.0500 5.6000
    endloop
  endfacet
  facet normal 0 0 1
    outer loop
      vertex 11.8000 26.2000 5.6000
      vertex 13.6500 23.0500 5.6000
      vertex 14.0517 23.1136 5.6000
    endloop
  endfacet
  facet normal 0 0 -1
    outer loop
      vertex 11.8000 26.2000 3.3500
      vertex 14.0517 23.1136 3.3500
      vertex 13.6500 23.0500 3.3500
    endloop
  endfacet
  facet normal 0.4539904997395495 -0.8910065241883665 0
    outer loop
      vertex 14.0517 23.1136 3.3500
      vertex 14.4141 23.2983 3.3500
      vertex 14.4141 23.2983 5.6000
    endloop
  endfacet
  facet normal 0.4539904997395495 -0.8910065241883665 0
    outer loop
      vertex 14.0517 23.1136 3.3500
      vertex 14.4141 23.2983 5.6000
      vertex 14.0517 23.1136 5.6000
    endloop
  endfacet
  facet normal 0 0 1
    outer loop
      vertex 11.8000 26.2000 5.6000
      vertex 14.0517 23.1136 5.6000
      vertex 14.4141 23.2983 5.6000
    endloop
  endfacet
  facet normal 0 0 -1
    outer loop
      vertex 11.8000 26.2000 3.3500
      vertex 14.4141 23.2983 3.3500
      vertex 14.0517 23.1136 3.3500
    endloop
  endfacet
  facet normal 0.7071067811865475 -0.7071067811865475 0
    outer loop
      vertex 14.4141 23.2983 3.3500
      vertex 14.7017 23.5859 3.3500
      vertex 14.7017 23.5859 5.6000
    endloop
  endfacet
  facet normal 0.7071067811865475 -0.7071067811865475 0
    outer loop
      vertex 14.4141 23.2983 3.3500
      vertex 14.7017 23.5859 5.6000
      vertex 14.4141 23.2983 5.6000
    endloop
  endfacet
  facet normal 0 0 1
    outer loop
      vertex 11.8000 26.2000 5.6000
      vertex 14.4141 23.2983 5.6000
      vertex 14.7017 23.5859 5.6000
    endloop
  endfacet
  facet normal 0 0 -1
    outer loop
      vertex 11.8000 26.2000 3.3500
      vertex 14.7017 23.5859 3.3500
      vertex 14.4141 23.2983 3.3500
    endloop
  endfacet
  facet normal 0.8910065241883673 -0.4539904997395478 0
    outer loop
      vertex 14.7017 23.5859 3.3500
      vertex 14.8864 23.9483 3.3500
      vertex 14.8864 23.9483 5.6000
    endloop
  endfacet
  facet normal 0.8910065241883673 -0.4539904997395478 0
    outer loop
      vertex 14.7017 23.5859 3.3500
      vertex 14.8864 23.9483 5.6000
      vertex 14.7017 23.5859 5.6000
    endloop
  endfacet
  facet normal 0 0 1
    outer loop
      vertex 11.8000 26.2000 5.6000
      vertex 14.7017 23.5859 5.6000
      vertex 14.8864 23.9483 5.6000
    endloop
  endfacet
  facet normal 0 0 -1
    outer loop
      vertex 11.8000 26.2000 3.3500
      vertex 14.8864 23.9483 3.3500
      vertex 14.7017 23.5859 3.3500
    endloop
  endfacet
  facet normal 0.9876883405951371 -0.15643446504023467 0
    outer loop
      vertex 14.8864 23.9483 3.3500
      vertex 14.9500 24.3500 3.3500
      vertex 14.9500 24.3500 5.6000
    endloop
  endfacet
  facet normal 0.9876883405951371 -0.15643446504023467 0
    outer loop
      vertex 14.8864 23.9483 3.3500
      vertex 14.9500 24.3500 5.6000
      vertex 14.8864 23.9483 5.6000
    endloop
  endfacet
  facet normal 0 0 1
    outer loop
      vertex 11.8000 26.2000 5.6000
      vertex 14.8864 23.9483 5.6000
      vertex 14.9500 24.3500 5.6000
    endloop
  endfacet
  facet normal 0 0 -1
    outer loop
      vertex 11.8000 26.2000 3.3500
      vertex 14.9500 24.3500 3.3500
      vertex 14.8864 23.9483 3.3500
    endloop
  endfacet
  facet normal 1 0 0
    outer loop
      vertex 14.9500 24.3500 3.3500
      vertex 14.9500 28.0500 3.3500
      vertex 14.9500 28.0500 5.6000
    endloop
  endfacet
  facet normal 1 0 0
    outer loop
      vertex 14.9500 24.3500 3.3500
      vertex 14.9500 28.0500 5.6000
      vertex 14.9500 24.3500 5.6000
    endloop
  endfacet
  facet normal 0 0 1
    outer loop
      vertex 11.8000 26.2000 5.6000
      vertex 14.9500 24.3500 5.6000
      vertex 14.9500 28.0500 5.6000
    endloop
  endfacet
  facet normal 0 0 -1
    outer loop
      vertex 11.8000 26.2000 3.3500
      vertex 14.9500 28.0500 3.3500
      vertex 14.9500 24.3500 3.3500
    endloop
  endfacet
  facet normal 0.9876883405951379 0.15643446504023042 0
    outer loop
      vertex 23.1500 28.0500 3.3500
      vertex 23.0864 28.4517 3.3500
      vertex 23.0864 28.4517 5.6000
    endloop
  endfacet
  facet normal 0.9876883405951379 0.15643446504023042 0
    outer loop
      vertex 23.1500 28.0500 3.3500
      vertex 23.0864 28.4517 5.6000
      vertex 23.1500 28.0500 5.6000
    endloop
  endfacet
  facet normal 0 0 1
    outer loop
      vertex 20.0000 26.2000 5.6000
      vertex 23.1500 28.0500 5.6000
      vertex 23.0864 28.4517 5.6000
    endloop
  endfacet
  facet normal 0 0 -1
    outer loop
      vertex 20.0000 26.2000 3.3500
      vertex 23.0864 28.4517 3.3500
      vertex 23.1500 28.0500 3.3500
    endloop
  endfacet
  facet normal 0.8910065241883656 0.45399049973955125 0
    outer loop
      vertex 23.0864 28.4517 3.3500
      vertex 22.9017 28.8141 3.3500
      vertex 22.9017 28.8141 5.6000
    endloop
  endfacet
  facet normal 0.8910065241883656 0.45399049973955125 0
    outer loop
      vertex 23.0864 28.4517 3.3500
      vertex 22.9017 28.8141 5.6000
      vertex 23.0864 28.4517 5.6000
    endloop
  endfacet
  facet normal 0 0 1
    outer loop
      vertex 20.0000 26.2000 5.6000
      vertex 23.0864 28.4517 5.6000
      vertex 22.9017 28.8141 5.6000
    endloop
  endfacet
  facet normal 0 0 -1
    outer loop
      vertex 20.0000 26.2000 3.3500
      vertex 22.9017 28.8141 3.3500
      vertex 23.0864 28.4517 3.3500
    endloop
  endfacet
  facet normal 0.7071067811865475 0.7071067811865475 0
    outer loop
      vertex 22.9017 28.8141 3.3500
      vertex 22.6141 29.1017 3.3500
      vertex 22.6141 29.1017 5.6000
    endloop
  endfacet
  facet normal 0.7071067811865475 0.7071067811865475 0
    outer loop
      vertex 22.9017 28.8141 3.3500
      vertex 22.6141 29.1017 5.6000
      vertex 22.9017 28.8141 5.6000
    endloop
  endfacet
  facet normal 0 0 1
    outer loop
      vertex 20.0000 26.2000 5.6000
      vertex 22.9017 28.8141 5.6000
      vertex 22.6141 29.1017 5.6000
    endloop
  endfacet
  facet normal 0 0 -1
    outer loop
      vertex 20.0000 26.2000 3.3500
      vertex 22.6141 29.1017 3.3500
      vertex 22.9017 28.8141 3.3500
    endloop
  endfacet
  facet normal 0.45399049973955125 0.8910065241883656 0
    outer loop
      vertex 22.6141 29.1017 3.3500
      vertex 22.2517 29.2864 3.3500
      vertex 22.2517 29.2864 5.6000
    endloop
  endfacet
  facet normal 0.45399049973955125 0.8910065241883656 0
    outer loop
      vertex 22.6141 29.1017 3.3500
      vertex 22.2517 29.2864 5.6000
      vertex 22.6141 29.1017 5.6000
    endloop
  endfacet
  facet normal 0 0 1
    outer loop
      vertex 20.0000 26.2000 5.6000
      vertex 22.6141 29.1017 5.6000
      vertex 22.2517 29.2864 5.6000
    endloop
  endfacet
  facet normal 0 0 -1
    outer loop
      vertex 20.0000 26.2000 3.3500
      vertex 22.2517 29.2864 3.3500
      vertex 22.6141 29.1017 3.3500
    endloop
  endfacet
  facet normal 0.15643446504023042 0.9876883405951379 0
    outer loop
      vertex 22.2517 29.2864 3.3500
      vertex 21.8500 29.3500 3.3500
      vertex 21.8500 29.3500 5.6000
    endloop
  endfacet
  facet normal 0.15643446504023042 0.9876883405951379 0
    outer loop
      vertex 22.2517 29.2864 3.3500
      vertex 21.8500 29.3500 5.6000
      vertex 22.2517 29.2864 5.6000
    endloop
  endfacet
  facet normal 0 0 1
    outer loop
      vertex 20.0000 26.2000 5.6000
      vertex 22.2517 29.2864 5.6000
      vertex 21.8500 29.3500 5.6000
    endloop
  endfacet
  facet normal 0 0 -1
    outer loop
      vertex 20.0000 26.2000 3.3500
      vertex 21.8500 29.3500 3.3500
      vertex 22.2517 29.2864 3.3500
    endloop
  endfacet
  facet normal 0 1 0
    outer loop
      vertex 21.8500 29.3500 3.3500
      vertex 18.1500 29.3500 3.3500
      vertex 18.1500 29.3500 5.6000
    endloop
  endfacet
  facet normal 0 1 0
    outer loop
      vertex 21.8500 29.3500 3.3500
      vertex 18.1500 29.3500 5.6000
      vertex 21.8500 29.3500 5.6000
    endloop
  endfacet
  facet normal 0 0 1
    outer loop
      vertex 20.0000 26.2000 5.6000
      vertex 21.8500 29.3500 5.6000
      vertex 18.1500 29.3500 5.6000
    endloop
  endfacet
  facet normal 0 0 -1
    outer loop
      vertex 20.0000 26.2000 3.3500
      vertex 18.1500 29.3500 3.3500
      vertex 21.8500 29.3500 3.3500
    endloop
  endfacet
  facet normal -0.15643446504023042 0.9876883405951379 0
    outer loop
      vertex 18.1500 29.3500 3.3500
      vertex 17.7483 29.2864 3.3500
      vertex 17.7483 29.2864 5.6000
    endloop
  endfacet
  facet normal -0.15643446504023042 0.9876883405951379 0
    outer loop
      vertex 18.1500 29.3500 3.3500
      vertex 17.7483 29.2864 5.6000
      vertex 18.1500 29.3500 5.6000
    endloop
  endfacet
  facet normal 0 0 1
    outer loop
      vertex 20.0000 26.2000 5.6000
      vertex 18.1500 29.3500 5.6000
      vertex 17.7483 29.2864 5.6000
    endloop
  endfacet
  facet normal 0 0 -1
    outer loop
      vertex 20.0000 26.2000 3.3500
      vertex 17.7483 29.2864 3.3500
      vertex 18.1500 29.3500 3.3500
    endloop
  endfacet
  facet normal -0.45399049973955125 0.8910065241883656 0
    outer loop
      vertex 17.7483 29.2864 3.3500
      vertex 17.3859 29.1017 3.3500
      vertex 17.3859 29.1017 5.6000
    endloop
  endfacet
  facet normal -0.45399049973955125 0.8910065241883656 0
    outer loop
      vertex 17.7483 29.2864 3.3500
      vertex 17.3859 29.1017 5.6000
      vertex 17.7483 29.2864 5.6000
    endloop
  endfacet
  facet normal 0 0 1
    outer loop
      vertex 20.0000 26.2000 5.6000
      vertex 17.7483 29.2864 5.6000
      vertex 17.3859 29.1017 5.6000
    endloop
  endfacet
  facet normal 0 0 -1
    outer loop
      vertex 20.0000 26.2000 3.3500
      vertex 17.3859 29.1017 3.3500
      vertex 17.7483 29.2864 3.3500
    endloop
  endfacet
  facet normal -0.7071067811865475 0.7071067811865475 0
    outer loop
      vertex 17.3859 29.1017 3.3500
      vertex 17.0983 28.8141 3.3500
      vertex 17.0983 28.8141 5.6000
    endloop
  endfacet
  facet normal -0.7071067811865475 0.7071067811865475 0
    outer loop
      vertex 17.3859 29.1017 3.3500
      vertex 17.0983 28.8141 5.6000
      vertex 17.3859 29.1017 5.6000
    endloop
  endfacet
  facet normal 0 0 1
    outer loop
      vertex 20.0000 26.2000 5.6000
      vertex 17.3859 29.1017 5.6000
      vertex 17.0983 28.8141 5.6000
    endloop
  endfacet
  facet normal 0 0 -1
    outer loop
      vertex 20.0000 26.2000 3.3500
      vertex 17.0983 28.8141 3.3500
      vertex 17.3859 29.1017 3.3500
    endloop
  endfacet
  facet normal -0.8910065241883656 0.45399049973955125 0
    outer loop
      vertex 17.0983 28.8141 3.3500
      vertex 16.9136 28.4517 3.3500
      vertex 16.9136 28.4517 5.6000
    endloop
  endfacet
  facet normal -0.8910065241883656 0.45399049973955125 0
    outer loop
      vertex 17.0983 28.8141 3.3500
      vertex 16.9136 28.4517 5.6000
      vertex 17.0983 28.8141 5.6000
    endloop
  endfacet
  facet normal 0 0 1
    outer loop
      vertex 20.0000 26.2000 5.6000
      vertex 17.0983 28.8141 5.6000
      vertex 16.9136 28.4517 5.6000
    endloop
  endfacet
  facet normal 0 0 -1
    outer loop
      vertex 20.0000 26.2000 3.3500
      vertex 16.9136 28.4517 3.3500
      vertex 17.0983 28.8141 3.3500
    endloop
  endfacet
  facet normal -0.9876883405951379 0.15643446504023042 0
    outer loop
      vertex 16.9136 28.4517 3.3500
      vertex 16.8500 28.0500 3.3500
      vertex 16.8500 28.0500 5.6000
    endloop
  endfacet
  facet normal -0.9876883405951379 0.15643446504023042 0
    outer loop
      vertex 16.9136 28.4517 3.3500
      vertex 16.8500 28.0500 5.6000
      vertex 16.9136 28.4517 5.6000
    endloop
  endfacet
  facet normal 0 0 1
    outer loop
      vertex 20.0000 26.2000 5.6000
      vertex 16.9136 28.4517 5.6000
      vertex 16.8500 28.0500 5.6000
    endloop
  endfacet
  facet normal 0 0 -1
    outer loop
      vertex 20.0000 26.2000 3.3500
      vertex 16.8500 28.0500 3.3500
      vertex 16.9136 28.4517 3.3500
    endloop
  endfacet
  facet normal -1 0 0
    outer loop
      vertex 16.8500 28.0500 3.3500
      vertex 16.8500 24.3500 3.3500
      vertex 16.8500 24.3500 5.6000
    endloop
  endfacet
  facet normal -1 0 0
    outer loop
      vertex 16.8500 28.0500 3.3500
      vertex 16.8500 24.3500 5.6000
      vertex 16.8500 28.0500 5.6000
    endloop
  endfacet
  facet normal 0 0 1
    outer loop
      vertex 20.0000 26.2000 5.6000
      vertex 16.8500 28.0500 5.6000
      vertex 16.8500 24.3500 5.6000
    endloop
  endfacet
  facet normal 0 0 -1
    outer loop
      vertex 20.0000 26.2000 3.3500
      vertex 16.8500 24.3500 3.3500
      vertex 16.8500 28.0500 3.3500
    endloop
  endfacet
  facet normal -0.9876883405951379 -0.15643446504023042 0
    outer loop
      vertex 16.8500 24.3500 3.3500
      vertex 16.9136 23.9483 3.3500
      vertex 16.9136 23.9483 5.6000
    endloop
  endfacet
  facet normal -0.9876883405951379 -0.15643446504023042 0
    outer loop
      vertex 16.8500 24.3500 3.3500
      vertex 16.9136 23.9483 5.6000
      vertex 16.8500 24.3500 5.6000
    endloop
  endfacet
  facet normal 0 0 1
    outer loop
      vertex 20.0000 26.2000 5.6000
      vertex 16.8500 24.3500 5.6000
      vertex 16.9136 23.9483 5.6000
    endloop
  endfacet
  facet normal 0 0 -1
    outer loop
      vertex 20.0000 26.2000 3.3500
      vertex 16.9136 23.9483 3.3500
      vertex 16.8500 24.3500 3.3500
    endloop
  endfacet
  facet normal -0.8910065241883656 -0.45399049973955125 0
    outer loop
      vertex 16.9136 23.9483 3.3500
      vertex 17.0983 23.5859 3.3500
      vertex 17.0983 23.5859 5.6000
    endloop
  endfacet
  facet normal -0.8910065241883656 -0.45399049973955125 0
    outer loop
      vertex 16.9136 23.9483 3.3500
      vertex 17.0983 23.5859 5.6000
      vertex 16.9136 23.9483 5.6000
    endloop
  endfacet
  facet normal 0 0 1
    outer loop
      vertex 20.0000 26.2000 5.6000
      vertex 16.9136 23.9483 5.6000
      vertex 17.0983 23.5859 5.6000
    endloop
  endfacet
  facet normal 0 0 -1
    outer loop
      vertex 20.0000 26.2000 3.3500
      vertex 17.0983 23.5859 3.3500
      vertex 16.9136 23.9483 3.3500
    endloop
  endfacet
  facet normal -0.7071067811865475 -0.7071067811865475 0
    outer loop
      vertex 17.0983 23.5859 3.3500
      vertex 17.3859 23.2983 3.3500
      vertex 17.3859 23.2983 5.6000
    endloop
  endfacet
  facet normal -0.7071067811865475 -0.7071067811865475 0
    outer loop
      vertex 17.0983 23.5859 3.3500
      vertex 17.3859 23.2983 5.6000
      vertex 17.0983 23.5859 5.6000
    endloop
  endfacet
  facet normal 0 0 1
    outer loop
      vertex 20.0000 26.2000 5.6000
      vertex 17.0983 23.5859 5.6000
      vertex 17.3859 23.2983 5.6000
    endloop
  endfacet
  facet normal 0 0 -1
    outer loop
      vertex 20.0000 26.2000 3.3500
      vertex 17.3859 23.2983 3.3500
      vertex 17.0983 23.5859 3.3500
    endloop
  endfacet
  facet normal -0.45399049973955125 -0.8910065241883656 0
    outer loop
      vertex 17.3859 23.2983 3.3500
      vertex 17.7483 23.1136 3.3500
      vertex 17.7483 23.1136 5.6000
    endloop
  endfacet
  facet normal -0.45399049973955125 -0.8910065241883656 0
    outer loop
      vertex 17.3859 23.2983 3.3500
      vertex 17.7483 23.1136 5.6000
      vertex 17.3859 23.2983 5.6000
    endloop
  endfacet
  facet normal 0 0 1
    outer loop
      vertex 20.0000 26.2000 5.6000
      vertex 17.3859 23.2983 5.6000
      vertex 17.7483 23.1136 5.6000
    endloop
  endfacet
  facet normal 0 0 -1
    outer loop
      vertex 20.0000 26.2000 3.3500
      vertex 17.7483 23.1136 3.3500
      vertex 17.3859 23.2983 3.3500
    endloop
  endfacet
  facet normal -0.15643446504023042 -0.9876883405951379 0
    outer loop
      vertex 17.7483 23.1136 3.3500
      vertex 18.1500 23.0500 3.3500
      vertex 18.1500 23.0500 5.6000
    endloop
  endfacet
  facet normal -0.15643446504023042 -0.9876883405951379 0
    outer loop
      vertex 17.7483 23.1136 3.3500
      vertex 18.1500 23.0500 5.6000
      vertex 17.7483 23.1136 5.6000
    endloop
  endfacet
  facet normal 0 0 1
    outer loop
      vertex 20.0000 26.2000 5.6000
      vertex 17.7483 23.1136 5.6000
      vertex 18.1500 23.0500 5.6000
    endloop
  endfacet
  facet normal 0 0 -1
    outer loop
      vertex 20.0000 26.2000 3.3500
      vertex 18.1500 23.0500 3.3500
      vertex 17.7483 23.1136 3.3500
    endloop
  endfacet
  facet normal 0 -1 0
    outer loop
      vertex 18.1500 23.0500 3.3500
      vertex 21.8500 23.0500 3.3500
      vertex 21.8500 23.0500 5.6000
    endloop
  endfacet
  facet normal 0 -1 0
    outer loop
      vertex 18.1500 23.0500 3.3500
      vertex 21.8500 23.0500 5.6000
      vertex 18.1500 23.0500 5.6000
    endloop
  endfacet
  facet normal 0 0 1
    outer loop
      vertex 20.0000 26.2000 5.6000
      vertex 18.1500 23.0500 5.6000
      vertex 21.8500 23.0500 5.6000
    endloop
  endfacet
  facet normal 0 0 -1
    outer loop
      vertex 20.0000 26.2000 3.3500
      vertex 21.8500 23.0500 3.3500
      vertex 18.1500 23.0500 3.3500
    endloop
  endfacet
  facet normal 0.15643446504023042 -0.9876883405951379 0
    outer loop
      vertex 21.8500 23.0500 3.3500
      vertex 22.2517 23.1136 3.3500
      vertex 22.2517 23.1136 5.6000
    endloop
  endfacet
  facet normal 0.15643446504023042 -0.9876883405951379 0
    outer loop
      vertex 21.8500 23.0500 3.3500
      vertex 22.2517 23.1136 5.6000
      vertex 21.8500 23.0500 5.6000
    endloop
  endfacet
  facet normal 0 0 1
    outer loop
      vertex 20.0000 26.2000 5.6000
      vertex 21.8500 23.0500 5.6000
      vertex 22.2517 23.1136 5.6000
    endloop
  endfacet
  facet normal 0 0 -1
    outer loop
      vertex 20.0000 26.2000 3.3500
      vertex 22.2517 23.1136 3.3500
      vertex 21.8500 23.0500 3.3500
    endloop
  endfacet
  facet normal 0.45399049973955125 -0.8910065241883656 0
    outer loop
      vertex 22.2517 23.1136 3.3500
      vertex 22.6141 23.2983 3.3500
      vertex 22.6141 23.2983 5.6000
    endloop
  endfacet
  facet normal 0.45399049973955125 -0.8910065241883656 0
    outer loop
      vertex 22.2517 23.1136 3.3500
      vertex 22.6141 23.2983 5.6000
      vertex 22.2517 23.1136 5.6000
    endloop
  endfacet
  facet normal 0 0 1
    outer loop
      vertex 20.0000 26.2000 5.6000
      vertex 22.2517 23.1136 5.6000
      vertex 22.6141 23.2983 5.6000
    endloop
  endfacet
  facet normal 0 0 -1
    outer loop
      vertex 20.0000 26.2000 3.3500
      vertex 22.6141 23.2983 3.3500
      vertex 22.2517 23.1136 3.3500
    endloop
  endfacet
  facet normal 0.7071067811865475 -0.7071067811865475 0
    outer loop
      vertex 22.6141 23.2983 3.3500
      vertex 22.9017 23.5859 3.3500
      vertex 22.9017 23.5859 5.6000
    endloop
  endfacet
  facet normal 0.7071067811865475 -0.7071067811865475 0
    outer loop
      vertex 22.6141 23.2983 3.3500
      vertex 22.9017 23.5859 5.6000
      vertex 22.6141 23.2983 5.6000
    endloop
  endfacet
  facet normal 0 0 1
    outer loop
      vertex 20.0000 26.2000 5.6000
      vertex 22.6141 23.2983 5.6000
      vertex 22.9017 23.5859 5.6000
    endloop
  endfacet
  facet normal 0 0 -1
    outer loop
      vertex 20.0000 26.2000 3.3500
      vertex 22.9017 23.5859 3.3500
      vertex 22.6141 23.2983 3.3500
    endloop
  endfacet
  facet normal 0.8910065241883656 -0.45399049973955125 0
    outer loop
      vertex 22.9017 23.5859 3.3500
      vertex 23.0864 23.9483 3.3500
      vertex 23.0864 23.9483 5.6000
    endloop
  endfacet
  facet normal 0.8910065241883656 -0.45399049973955125 0
    outer loop
      vertex 22.9017 23.5859 3.3500
      vertex 23.0864 23.9483 5.6000
      vertex 22.9017 23.5859 5.6000
    endloop
  endfacet
  facet normal 0 0 1
    outer loop
      vertex 20.0000 26.2000 5.6000
      vertex 22.9017 23.5859 5.6000
      vertex 23.0864 23.9483 5.6000
    endloop
  endfacet
  facet normal 0 0 -1
    outer loop
      vertex 20.0000 26.2000 3.3500
      vertex 23.0864 23.9483 3.3500
      vertex 22.9017 23.5859 3.3500
    endloop
  endfacet
  facet normal 0.9876883405951379 -0.15643446504023042 0
    outer loop
      vertex 23.0864 23.9483 3.3500
      vertex 23.1500 24.3500 3.3500
      vertex 23.1500 24.3500 5.6000
    endloop
  endfacet
  facet normal 0.9876883405951379 -0.15643446504023042 0
    outer loop
      vertex 23.0864 23.9483 3.3500
      vertex 23.1500 24.3500 5.6000
      vertex 23.0864 23.9483 5.6000
    endloop
  endfacet
  facet normal 0 0 1
    outer loop
      vertex 20.0000 26.2000 5.6000
      vertex 23.0864 23.9483 5.6000
      vertex 23.1500 24.3500 5.6000
    endloop
  endfacet
  facet normal 0 0 -1
    outer loop
      vertex 20.0000 26.2000 3.3500
      vertex 23.1500 24.3500 3.3500
      vertex 23.0864 23.9483 3.3500
    endloop
  endfacet
  facet normal 1 0 0
    outer loop
      vertex 23.1500 24.3500 3.3500
      vertex 23.1500 28.0500 3.3500
      vertex 23.1500 28.0500 5.6000
    endloop
  endfacet
  facet normal 1 0 0
    outer loop
      vertex 23.1500 24.3500 3.3500
      vertex 23.1500 28.0500 5.6000
      vertex 23.1500 24.3500 5.6000
    endloop
  endfacet
  facet normal 0 0 1
    outer loop
      vertex 20.0000 26.2000 5.6000
      vertex 23.1500 24.3500 5.6000
      vertex 23.1500 28.0500 5.6000
    endloop
  endfacet
  facet normal 0 0 -1
    outer loop
      vertex 20.0000 26.2000 3.3500
      vertex 23.1500 28.0500 3.3500
      vertex 23.1500 24.3500 3.3500
    endloop
  endfacet
  facet normal 0.9876883405951379 0.15643446504023042 0
    outer loop
      vertex 31.3500 28.0500 3.3500
      vertex 31.2864 28.4517 3.3500
      vertex 31.2864 28.4517 5.6000
    endloop
  endfacet
  facet normal 0.9876883405951379 0.15643446504023042 0
    outer loop
      vertex 31.3500 28.0500 3.3500
      vertex 31.2864 28.4517 5.6000
      vertex 31.3500 28.0500 5.6000
    endloop
  endfacet
  facet normal 0 0 1
    outer loop
      vertex 28.2000 26.2000 5.6000
      vertex 31.3500 28.0500 5.6000
      vertex 31.2864 28.4517 5.6000
    endloop
  endfacet
  facet normal 0 0 -1
    outer loop
      vertex 28.2000 26.2000 3.3500
      vertex 31.2864 28.4517 3.3500
      vertex 31.3500 28.0500 3.3500
    endloop
  endfacet
  facet normal 0.8910065241883656 0.45399049973955125 0
    outer loop
      vertex 31.2864 28.4517 3.3500
      vertex 31.1017 28.8141 3.3500
      vertex 31.1017 28.8141 5.6000
    endloop
  endfacet
  facet normal 0.8910065241883656 0.45399049973955125 0
    outer loop
      vertex 31.2864 28.4517 3.3500
      vertex 31.1017 28.8141 5.6000
      vertex 31.2864 28.4517 5.6000
    endloop
  endfacet
  facet normal 0 0 1
    outer loop
      vertex 28.2000 26.2000 5.6000
      vertex 31.2864 28.4517 5.6000
      vertex 31.1017 28.8141 5.6000
    endloop
  endfacet
  facet normal 0 0 -1
    outer loop
      vertex 28.2000 26.2000 3.3500
      vertex 31.1017 28.8141 3.3500
      vertex 31.2864 28.4517 3.3500
    endloop
  endfacet
  facet normal 0.7071067811865475 0.7071067811865475 0
    outer loop
      vertex 31.1017 28.8141 3.3500
      vertex 30.8141 29.1017 3.3500
      vertex 30.8141 29.1017 5.6000
    endloop
  endfacet
  facet normal 0.7071067811865475 0.7071067811865475 0
    outer loop
      vertex 31.1017 28.8141 3.3500
      vertex 30.8141 29.1017 5.6000
      vertex 31.1017 28.8141 5.6000
    endloop
  endfacet
  facet normal 0 0 1
    outer loop
      vertex 28.2000 26.2000 5.6000
      vertex 31.1017 28.8141 5.6000
      vertex 30.8141 29.1017 5.6000
    endloop
  endfacet
  facet normal 0 0 -1
    outer loop
      vertex 28.2000 26.2000 3.3500
      vertex 30.8141 29.1017 3.3500
      vertex 31.1017 28.8141 3.3500
    endloop
  endfacet
  facet normal 0.45399049973955125 0.8910065241883656 0
    outer loop
      vertex 30.8141 29.1017 3.3500
      vertex 30.4517 29.2864 3.3500
      vertex 30.4517 29.2864 5.6000
    endloop
  endfacet
  facet normal 0.45399049973955125 0.8910065241883656 0
    outer loop
      vertex 30.8141 29.1017 3.3500
      vertex 30.4517 29.2864 5.6000
      vertex 30.8141 29.1017 5.6000
    endloop
  endfacet
  facet normal 0 0 1
    outer loop
      vertex 28.2000 26.2000 5.6000
      vertex 30.8141 29.1017 5.6000
      vertex 30.4517 29.2864 5.6000
    endloop
  endfacet
  facet normal 0 0 -1
    outer loop
      vertex 28.2000 26.2000 3.3500
      vertex 30.4517 29.2864 3.3500
      vertex 30.8141 29.1017 3.3500
    endloop
  endfacet
  facet normal 0.15643446504023042 0.9876883405951379 0
    outer loop
      vertex 30.4517 29.2864 3.3500
      vertex 30.0500 29.3500 3.3500
      vertex 30.0500 29.3500 5.6000
    endloop
  endfacet
  facet normal 0.15643446504023042 0.9876883405951379 0
    outer loop
      vertex 30.4517 29.2864 3.3500
      vertex 30.0500 29.3500 5.6000
      vertex 30.4517 29.2864 5.6000
    endloop
  endfacet
  facet normal 0 0 1
    outer loop
      vertex 28.2000 26.2000 5.6000
      vertex 30.4517 29.2864 5.6000
      vertex 30.0500 29.3500 5.6000
    endloop
  endfacet
  facet normal 0 0 -1
    outer loop
      vertex 28.2000 26.2000 3.3500
      vertex 30.0500 29.3500 3.3500
      vertex 30.4517 29.2864 3.3500
    endloop
  endfacet
  facet normal 0 1 0
    outer loop
      vertex 30.0500 29.3500 3.3500
      vertex 26.3500 29.3500 3.3500
      vertex 26.3500 29.3500 5.6000
    endloop
  endfacet
  facet normal 0 1 0
    outer loop
      vertex 30.0500 29.3500 3.3500
      vertex 26.3500 29.3500 5.6000
      vertex 30.0500 29.3500 5.6000
    endloop
  endfacet
  facet normal 0 0 1
    outer loop
      vertex 28.2000 26.2000 5.6000
      vertex 30.0500 29.3500 5.6000
      vertex 26.3500 29.3500 5.6000
    endloop
  endfacet
  facet normal 0 0 -1
    outer loop
      vertex 28.2000 26.2000 3.3500
      vertex 26.3500 29.3500 3.3500
      vertex 30.0500 29.3500 3.3500
    endloop
  endfacet
  facet normal -0.15643446504023042 0.9876883405951379 0
    outer loop
      vertex 26.3500 29.3500 3.3500
      vertex 25.9483 29.2864 3.3500
      vertex 25.9483 29.2864 5.6000
    endloop
  endfacet
  facet normal -0.15643446504023042 0.9876883405951379 0
    outer loop
      vertex 26.3500 29.3500 3.3500
      vertex 25.9483 29.2864 5.6000
      vertex 26.3500 29.3500 5.6000
    endloop
  endfacet
  facet normal 0 0 1
    outer loop
      vertex 28.2000 26.2000 5.6000
      vertex 26.3500 29.3500 5.6000
      vertex 25.9483 29.2864 5.6000
    endloop
  endfacet
  facet normal 0 0 -1
    outer loop
      vertex 28.2000 26.2000 3.3500
      vertex 25.9483 29.2864 3.3500
      vertex 26.3500 29.3500 3.3500
    endloop
  endfacet
  facet normal -0.45399049973955125 0.8910065241883656 0
    outer loop
      vertex 25.9483 29.2864 3.3500
      vertex 25.5859 29.1017 3.3500
      vertex 25.5859 29.1017 5.6000
    endloop
  endfacet
  facet normal -0.45399049973955125 0.8910065241883656 0
    outer loop
      vertex 25.9483 29.2864 3.3500
      vertex 25.5859 29.1017 5.6000
      vertex 25.9483 29.2864 5.6000
    endloop
  endfacet
  facet normal 0 0 1
    outer loop
      vertex 28.2000 26.2000 5.6000
      vertex 25.9483 29.2864 5.6000
      vertex 25.5859 29.1017 5.6000
    endloop
  endfacet
  facet normal 0 0 -1
    outer loop
      vertex 28.2000 26.2000 3.3500
      vertex 25.5859 29.1017 3.3500
      vertex 25.9483 29.2864 3.3500
    endloop
  endfacet
  facet normal -0.7071067811865475 0.7071067811865475 0
    outer loop
      vertex 25.5859 29.1017 3.3500
      vertex 25.2983 28.8141 3.3500
      vertex 25.2983 28.8141 5.6000
    endloop
  endfacet
  facet normal -0.7071067811865475 0.7071067811865475 0
    outer loop
      vertex 25.5859 29.1017 3.3500
      vertex 25.2983 28.8141 5.6000
      vertex 25.5859 29.1017 5.6000
    endloop
  endfacet
  facet normal 0 0 1
    outer loop
      vertex 28.2000 26.2000 5.6000
      vertex 25.5859 29.1017 5.6000
      vertex 25.2983 28.8141 5.6000
    endloop
  endfacet
  facet normal 0 0 -1
    outer loop
      vertex 28.2000 26.2000 3.3500
      vertex 25.2983 28.8141 3.3500
      vertex 25.5859 29.1017 3.3500
    endloop
  endfacet
  facet normal -0.8910065241883656 0.45399049973955125 0
    outer loop
      vertex 25.2983 28.8141 3.3500
      vertex 25.1136 28.4517 3.3500
      vertex 25.1136 28.4517 5.6000
    endloop
  endfacet
  facet normal -0.8910065241883656 0.45399049973955125 0
    outer loop
      vertex 25.2983 28.8141 3.3500
      vertex 25.1136 28.4517 5.6000
      vertex 25.2983 28.8141 5.6000
    endloop
  endfacet
  facet normal 0 0 1
    outer loop
      vertex 28.2000 26.2000 5.6000
      vertex 25.2983 28.8141 5.6000
      vertex 25.1136 28.4517 5.6000
    endloop
  endfacet
  facet normal 0 0 -1
    outer loop
      vertex 28.2000 26.2000 3.3500
      vertex 25.1136 28.4517 3.3500
      vertex 25.2983 28.8141 3.3500
    endloop
  endfacet
  facet normal -0.9876883405951379 0.15643446504023042 0
    outer loop
      vertex 25.1136 28.4517 3.3500
      vertex 25.0500 28.0500 3.3500
      vertex 25.0500 28.0500 5.6000
    endloop
  endfacet
  facet normal -0.9876883405951379 0.15643446504023042 0
    outer loop
      vertex 25.1136 28.4517 3.3500
      vertex 25.0500 28.0500 5.6000
      vertex 25.1136 28.4517 5.6000
    endloop
  endfacet
  facet normal 0 0 1
    outer loop
      vertex 28.2000 26.2000 5.6000
      vertex 25.1136 28.4517 5.6000
      vertex 25.0500 28.0500 5.6000
    endloop
  endfacet
  facet normal 0 0 -1
    outer loop
      vertex 28.2000 26.2000 3.3500
      vertex 25.0500 28.0500 3.3500
      vertex 25.1136 28.4517 3.3500
    endloop
  endfacet
  facet normal -1 0 0
    outer loop
      vertex 25.0500 28.0500 3.3500
      vertex 25.0500 24.3500 3.3500
      vertex 25.0500 24.3500 5.6000
    endloop
  endfacet
  facet normal -1 0 0
    outer loop
      vertex 25.0500 28.0500 3.3500
      vertex 25.0500 24.3500 5.6000
      vertex 25.0500 28.0500 5.6000
    endloop
  endfacet
  facet normal 0 0 1
    outer loop
      vertex 28.2000 26.2000 5.6000
      vertex 25.0500 28.0500 5.6000
      vertex 25.0500 24.3500 5.6000
    endloop
  endfacet
  facet normal 0 0 -1
    outer loop
      vertex 28.2000 26.2000 3.3500
      vertex 25.0500 24.3500 3.3500
      vertex 25.0500 28.0500 3.3500
    endloop
  endfacet
  facet normal -0.9876883405951379 -0.15643446504023042 0
    outer loop
      vertex 25.0500 24.3500 3.3500
      vertex 25.1136 23.9483 3.3500
      vertex 25.1136 23.9483 5.6000
    endloop
  endfacet
  facet normal -0.9876883405951379 -0.15643446504023042 0
    outer loop
      vertex 25.0500 24.3500 3.3500
      vertex 25.1136 23.9483 5.6000
      vertex 25.0500 24.3500 5.6000
    endloop
  endfacet
  facet normal 0 0 1
    outer loop
      vertex 28.2000 26.2000 5.6000
      vertex 25.0500 24.3500 5.6000
      vertex 25.1136 23.9483 5.6000
    endloop
  endfacet
  facet normal 0 0 -1
    outer loop
      vertex 28.2000 26.2000 3.3500
      vertex 25.1136 23.9483 3.3500
      vertex 25.0500 24.3500 3.3500
    endloop
  endfacet
  facet normal -0.8910065241883656 -0.45399049973955125 0
    outer loop
      vertex 25.1136 23.9483 3.3500
      vertex 25.2983 23.5859 3.3500
      vertex 25.2983 23.5859 5.6000
    endloop
  endfacet
  facet normal -0.8910065241883656 -0.45399049973955125 0
    outer loop
      vertex 25.1136 23.9483 3.3500
      vertex 25.2983 23.5859 5.6000
      vertex 25.1136 23.9483 5.6000
    endloop
  endfacet
  facet normal 0 0 1
    outer loop
      vertex 28.2000 26.2000 5.6000
      vertex 25.1136 23.9483 5.6000
      vertex 25.2983 23.5859 5.6000
    endloop
  endfacet
  facet normal 0 0 -1
    outer loop
      vertex 28.2000 26.2000 3.3500
      vertex 25.2983 23.5859 3.3500
      vertex 25.1136 23.9483 3.3500
    endloop
  endfacet
  facet normal -0.7071067811865475 -0.7071067811865475 0
    outer loop
      vertex 25.2983 23.5859 3.3500
      vertex 25.5859 23.2983 3.3500
      vertex 25.5859 23.2983 5.6000
    endloop
  endfacet
  facet normal -0.7071067811865475 -0.7071067811865475 0
    outer loop
      vertex 25.2983 23.5859 3.3500
      vertex 25.5859 23.2983 5.6000
      vertex 25.2983 23.5859 5.6000
    endloop
  endfacet
  facet normal 0 0 1
    outer loop
      vertex 28.2000 26.2000 5.6000
      vertex 25.2983 23.5859 5.6000
      vertex 25.5859 23.2983 5.6000
    endloop
  endfacet
  facet normal 0 0 -1
    outer loop
      vertex 28.2000 26.2000 3.3500
      vertex 25.5859 23.2983 3.3500
      vertex 25.2983 23.5859 3.3500
    endloop
  endfacet
  facet normal -0.45399049973955125 -0.8910065241883656 0
    outer loop
      vertex 25.5859 23.2983 3.3500
      vertex 25.9483 23.1136 3.3500
      vertex 25.9483 23.1136 5.6000
    endloop
  endfacet
  facet normal -0.45399049973955125 -0.8910065241883656 0
    outer loop
      vertex 25.5859 23.2983 3.3500
      vertex 25.9483 23.1136 5.6000
      vertex 25.5859 23.2983 5.6000
    endloop
  endfacet
  facet normal 0 0 1
    outer loop
      vertex 28.2000 26.2000 5.6000
      vertex 25.5859 23.2983 5.6000
      vertex 25.9483 23.1136 5.6000
    endloop
  endfacet
  facet normal 0 0 -1
    outer loop
      vertex 28.2000 26.2000 3.3500
      vertex 25.9483 23.1136 3.3500
      vertex 25.5859 23.2983 3.3500
    endloop
  endfacet
  facet normal -0.15643446504023042 -0.9876883405951379 0
    outer loop
      vertex 25.9483 23.1136 3.3500
      vertex 26.3500 23.0500 3.3500
      vertex 26.3500 23.0500 5.6000
    endloop
  endfacet
  facet normal -0.15643446504023042 -0.9876883405951379 0
    outer loop
      vertex 25.9483 23.1136 3.3500
      vertex 26.3500 23.0500 5.6000
      vertex 25.9483 23.1136 5.6000
    endloop
  endfacet
  facet normal 0 0 1
    outer loop
      vertex 28.2000 26.2000 5.6000
      vertex 25.9483 23.1136 5.6000
      vertex 26.3500 23.0500 5.6000
    endloop
  endfacet
  facet normal 0 0 -1
    outer loop
      vertex 28.2000 26.2000 3.3500
      vertex 26.3500 23.0500 3.3500
      vertex 25.9483 23.1136 3.3500
    endloop
  endfacet
  facet normal 0 -1 0
    outer loop
      vertex 26.3500 23.0500 3.3500
      vertex 30.0500 23.0500 3.3500
      vertex 30.0500 23.0500 5.6000
    endloop
  endfacet
  facet normal 0 -1 0
    outer loop
      vertex 26.3500 23.0500 3.3500
      vertex 30.0500 23.0500 5.6000
      vertex 26.3500 23.0500 5.6000
    endloop
  endfacet
  facet normal 0 0 1
    outer loop
      vertex 28.2000 26.2000 5.6000
      vertex 26.3500 23.0500 5.6000
      vertex 30.0500 23.0500 5.6000
    endloop
  endfacet
  facet normal 0 0 -1
    outer loop
      vertex 28.2000 26.2000 3.3500
      vertex 30.0500 23.0500 3.3500
      vertex 26.3500 23.0500 3.3500
    endloop
  endfacet
  facet normal 0.15643446504023042 -0.9876883405951379 0
    outer loop
      vertex 30.0500 23.0500 3.3500
      vertex 30.4517 23.1136 3.3500
      vertex 30.4517 23.1136 5.6000
    endloop
  endfacet
  facet normal 0.15643446504023042 -0.9876883405951379 0
    outer loop
      vertex 30.0500 23.0500 3.3500
      vertex 30.4517 23.1136 5.6000
      vertex 30.0500 23.0500 5.6000
    endloop
  endfacet
  facet normal 0 0 1
    outer loop
      vertex 28.2000 26.2000 5.6000
      vertex 30.0500 23.0500 5.6000
      vertex 30.4517 23.1136 5.6000
    endloop
  endfacet
  facet normal 0 0 -1
    outer loop
      vertex 28.2000 26.2000 3.3500
      vertex 30.4517 23.1136 3.3500
      vertex 30.0500 23.0500 3.3500
    endloop
  endfacet
  facet normal 0.45399049973955125 -0.8910065241883656 0
    outer loop
      vertex 30.4517 23.1136 3.3500
      vertex 30.8141 23.2983 3.3500
      vertex 30.8141 23.2983 5.6000
    endloop
  endfacet
  facet normal 0.45399049973955125 -0.8910065241883656 0
    outer loop
      vertex 30.4517 23.1136 3.3500
      vertex 30.8141 23.2983 5.6000
      vertex 30.4517 23.1136 5.6000
    endloop
  endfacet
  facet normal 0 0 1
    outer loop
      vertex 28.2000 26.2000 5.6000
      vertex 30.4517 23.1136 5.6000
      vertex 30.8141 23.2983 5.6000
    endloop
  endfacet
  facet normal 0 0 -1
    outer loop
      vertex 28.2000 26.2000 3.3500
      vertex 30.8141 23.2983 3.3500
      vertex 30.4517 23.1136 3.3500
    endloop
  endfacet
  facet normal 0.7071067811865475 -0.7071067811865475 0
    outer loop
      vertex 30.8141 23.2983 3.3500
      vertex 31.1017 23.5859 3.3500
      vertex 31.1017 23.5859 5.6000
    endloop
  endfacet
  facet normal 0.7071067811865475 -0.7071067811865475 0
    outer loop
      vertex 30.8141 23.2983 3.3500
      vertex 31.1017 23.5859 5.6000
      vertex 30.8141 23.2983 5.6000
    endloop
  endfacet
  facet normal 0 0 1
    outer loop
      vertex 28.2000 26.2000 5.6000
      vertex 30.8141 23.2983 5.6000
      vertex 31.1017 23.5859 5.6000
    endloop
  endfacet
  facet normal 0 0 -1
    outer loop
      vertex 28.2000 26.2000 3.3500
      vertex 31.1017 23.5859 3.3500
      vertex 30.8141 23.2983 3.3500
    endloop
  endfacet
  facet normal 0.8910065241883656 -0.45399049973955125 0
    outer loop
      vertex 31.1017 23.5859 3.3500
      vertex 31.2864 23.9483 3.3500
      vertex 31.2864 23.9483 5.6000
    endloop
  endfacet
  facet normal 0.8910065241883656 -0.45399049973955125 0
    outer loop
      vertex 31.1017 23.5859 3.3500
      vertex 31.2864 23.9483 5.6000
      vertex 31.1017 23.5859 5.6000
    endloop
  endfacet
  facet normal 0 0 1
    outer loop
      vertex 28.2000 26.2000 5.6000
      vertex 31.1017 23.5859 5.6000
      vertex 31.2864 23.9483 5.6000
    endloop
  endfacet
  facet normal 0 0 -1
    outer loop
      vertex 28.2000 26.2000 3.3500
      vertex 31.2864 23.9483 3.3500
      vertex 31.1017 23.5859 3.3500
    endloop
  endfacet
  facet normal 0.9876883405951379 -0.15643446504023042 0
    outer loop
      vertex 31.2864 23.9483 3.3500
      vertex 31.3500 24.3500 3.3500
      vertex 31.3500 24.3500 5.6000
    endloop
  endfacet
  facet normal 0.9876883405951379 -0.15643446504023042 0
    outer loop
      vertex 31.2864 23.9483 3.3500
      vertex 31.3500 24.3500 5.6000
      vertex 31.2864 23.9483 5.6000
    endloop
  endfacet
  facet normal 0 0 1
    outer loop
      vertex 28.2000 26.2000 5.6000
      vertex 31.2864 23.9483 5.6000
      vertex 31.3500 24.3500 5.6000
    endloop
  endfacet
  facet normal 0 0 -1
    outer loop
      vertex 28.2000 26.2000 3.3500
      vertex 31.3500 24.3500 3.3500
      vertex 31.2864 23.9483 3.3500
    endloop
  endfacet
  facet normal 1 0 0
    outer loop
      vertex 31.3500 24.3500 3.3500
      vertex 31.3500 28.0500 3.3500
      vertex 31.3500 28.0500 5.6000
    endloop
  endfacet
  facet normal 1 0 0
    outer loop
      vertex 31.3500 24.3500 3.3500
      vertex 31.3500 28.0500 5.6000
      vertex 31.3500 24.3500 5.6000
    endloop
  endfacet
  facet normal 0 0 1
    outer loop
      vertex 28.2000 26.2000 5.6000
      vertex 31.3500 24.3500 5.6000
      vertex 31.3500 28.0500 5.6000
    endloop
  endfacet
  facet normal 0 0 -1
    outer loop
      vertex 28.2000 26.2000 3.3500
      vertex 31.3500 28.0500 3.3500
      vertex 31.3500 24.3500 3.3500
    endloop
  endfacet
  facet normal 0.9876883405951371 0.15643446504023467 0
    outer loop
      vertex 14.9500 19.8500 3.3500
      vertex 14.8864 20.2517 3.3500
      vertex 14.8864 20.2517 5.6000
    endloop
  endfacet
  facet normal 0.9876883405951371 0.15643446504023467 0
    outer loop
      vertex 14.9500 19.8500 3.3500
      vertex 14.8864 20.2517 5.6000
      vertex 14.9500 19.8500 5.6000
    endloop
  endfacet
  facet normal 0 0 1
    outer loop
      vertex 11.8000 18.0000 5.6000
      vertex 14.9500 19.8500 5.6000
      vertex 14.8864 20.2517 5.6000
    endloop
  endfacet
  facet normal 0 0 -1
    outer loop
      vertex 11.8000 18.0000 3.3500
      vertex 14.8864 20.2517 3.3500
      vertex 14.9500 19.8500 3.3500
    endloop
  endfacet
  facet normal 0.8910065241883691 0.45399049973954436 0
    outer loop
      vertex 14.8864 20.2517 3.3500
      vertex 14.7017 20.6141 3.3500
      vertex 14.7017 20.6141 5.6000
    endloop
  endfacet
  facet normal 0.8910065241883691 0.45399049973954436 0
    outer loop
      vertex 14.8864 20.2517 3.3500
      vertex 14.7017 20.6141 5.6000
      vertex 14.8864 20.2517 5.6000
    endloop
  endfacet
  facet normal 0 0 1
    outer loop
      vertex 11.8000 18.0000 5.6000
      vertex 14.8864 20.2517 5.6000
      vertex 14.7017 20.6141 5.6000
    endloop
  endfacet
  facet normal 0 0 -1
    outer loop
      vertex 11.8000 18.0000 3.3500
      vertex 14.7017 20.6141 3.3500
      vertex 14.8864 20.2517 3.3500
    endloop
  endfacet
  facet normal 0.7071067811865454 0.7071067811865497 0
    outer loop
      vertex 14.7017 20.6141 3.3500
      vertex 14.4141 20.9017 3.3500
      vertex 14.4141 20.9017 5.6000
    endloop
  endfacet
  facet normal 0.7071067811865454 0.7071067811865497 0
    outer loop
      vertex 14.7017 20.6141 3.3500
      vertex 14.4141 20.9017 5.6000
      vertex 14.7017 20.6141 5.6000
    endloop
  endfacet
  facet normal 0 0 1
    outer loop
      vertex 11.8000 18.0000 5.6000
      vertex 14.7017 20.6141 5.6000
      vertex 14.4141 20.9017 5.6000
    endloop
  endfacet
  facet normal 0 0 -1
    outer loop
      vertex 11.8000 18.0000 3.3500
      vertex 14.4141 20.9017 3.3500
      vertex 14.7017 20.6141 3.3500
    endloop
  endfacet
  facet normal 0.45399049973955125 0.8910065241883656 0
    outer loop
      vertex 14.4141 20.9017 3.3500
      vertex 14.0517 21.0864 3.3500
      vertex 14.0517 21.0864 5.6000
    endloop
  endfacet
  facet normal 0.45399049973955125 0.8910065241883656 0
    outer loop
      vertex 14.4141 20.9017 3.3500
      vertex 14.0517 21.0864 5.6000
      vertex 14.4141 20.9017 5.6000
    endloop
  endfacet
  facet normal 0 0 1
    outer loop
      vertex 11.8000 18.0000 5.6000
      vertex 14.4141 20.9017 5.6000
      vertex 14.0517 21.0864 5.6000
    endloop
  endfacet
  facet normal 0 0 -1
    outer loop
      vertex 11.8000 18.0000 3.3500
      vertex 14.0517 21.0864 3.3500
      vertex 14.4141 20.9017 3.3500
    endloop
  endfacet
  facet normal 0.15643446504023042 0.9876883405951379 0
    outer loop
      vertex 14.0517 21.0864 3.3500
      vertex 13.6500 21.1500 3.3500
      vertex 13.6500 21.1500 5.6000
    endloop
  endfacet
  facet normal 0.15643446504023042 0.9876883405951379 0
    outer loop
      vertex 14.0517 21.0864 3.3500
      vertex 13.6500 21.1500 5.6000
      vertex 14.0517 21.0864 5.6000
    endloop
  endfacet
  facet normal 0 0 1
    outer loop
      vertex 11.8000 18.0000 5.6000
      vertex 14.0517 21.0864 5.6000
      vertex 13.6500 21.1500 5.6000
    endloop
  endfacet
  facet normal 0 0 -1
    outer loop
      vertex 11.8000 18.0000 3.3500
      vertex 13.6500 21.1500 3.3500
      vertex 14.0517 21.0864 3.3500
    endloop
  endfacet
  facet normal 0 1 0
    outer loop
      vertex 13.6500 21.1500 3.3500
      vertex 9.9500 21.1500 3.3500
      vertex 9.9500 21.1500 5.6000
    endloop
  endfacet
  facet normal 0 1 0
    outer loop
      vertex 13.6500 21.1500 3.3500
      vertex 9.9500 21.1500 5.6000
      vertex 13.6500 21.1500 5.6000
    endloop
  endfacet
  facet normal 0 0 1
    outer loop
      vertex 11.8000 18.0000 5.6000
      vertex 13.6500 21.1500 5.6000
      vertex 9.9500 21.1500 5.6000
    endloop
  endfacet
  facet normal 0 0 -1
    outer loop
      vertex 11.8000 18.0000 3.3500
      vertex 9.9500 21.1500 3.3500
      vertex 13.6500 21.1500 3.3500
    endloop
  endfacet
  facet normal -0.15643446504023042 0.9876883405951379 0
    outer loop
      vertex 9.9500 21.1500 3.3500
      vertex 9.5483 21.0864 3.3500
      vertex 9.5483 21.0864 5.6000
    endloop
  endfacet
  facet normal -0.15643446504023042 0.9876883405951379 0
    outer loop
      vertex 9.9500 21.1500 3.3500
      vertex 9.5483 21.0864 5.6000
      vertex 9.9500 21.1500 5.6000
    endloop
  endfacet
  facet normal 0 0 1
    outer loop
      vertex 11.8000 18.0000 5.6000
      vertex 9.9500 21.1500 5.6000
      vertex 9.5483 21.0864 5.6000
    endloop
  endfacet
  facet normal 0 0 -1
    outer loop
      vertex 11.8000 18.0000 3.3500
      vertex 9.5483 21.0864 3.3500
      vertex 9.9500 21.1500 3.3500
    endloop
  endfacet
  facet normal -0.45399049973955125 0.8910065241883656 0
    outer loop
      vertex 9.5483 21.0864 3.3500
      vertex 9.1859 20.9017 3.3500
      vertex 9.1859 20.9017 5.6000
    endloop
  endfacet
  facet normal -0.45399049973955125 0.8910065241883656 0
    outer loop
      vertex 9.5483 21.0864 3.3500
      vertex 9.1859 20.9017 5.6000
      vertex 9.5483 21.0864 5.6000
    endloop
  endfacet
  facet normal 0 0 1
    outer loop
      vertex 11.8000 18.0000 5.6000
      vertex 9.5483 21.0864 5.6000
      vertex 9.1859 20.9017 5.6000
    endloop
  endfacet
  facet normal 0 0 -1
    outer loop
      vertex 11.8000 18.0000 3.3500
      vertex 9.1859 20.9017 3.3500
      vertex 9.5483 21.0864 3.3500
    endloop
  endfacet
  facet normal -0.7071067811865475 0.7071067811865475 0
    outer loop
      vertex 9.1859 20.9017 3.3500
      vertex 8.8983 20.6141 3.3500
      vertex 8.8983 20.6141 5.6000
    endloop
  endfacet
  facet normal -0.7071067811865475 0.7071067811865475 0
    outer loop
      vertex 9.1859 20.9017 3.3500
      vertex 8.8983 20.6141 5.6000
      vertex 9.1859 20.9017 5.6000
    endloop
  endfacet
  facet normal 0 0 1
    outer loop
      vertex 11.8000 18.0000 5.6000
      vertex 9.1859 20.9017 5.6000
      vertex 8.8983 20.6141 5.6000
    endloop
  endfacet
  facet normal 0 0 -1
    outer loop
      vertex 11.8000 18.0000 3.3500
      vertex 8.8983 20.6141 3.3500
      vertex 9.1859 20.9017 3.3500
    endloop
  endfacet
  facet normal -0.8910065241883673 0.4539904997395478 0
    outer loop
      vertex 8.8983 20.6141 3.3500
      vertex 8.7136 20.2517 3.3500
      vertex 8.7136 20.2517 5.6000
    endloop
  endfacet
  facet normal -0.8910065241883673 0.4539904997395478 0
    outer loop
      vertex 8.8983 20.6141 3.3500
      vertex 8.7136 20.2517 5.6000
      vertex 8.8983 20.6141 5.6000
    endloop
  endfacet
  facet normal 0 0 1
    outer loop
      vertex 11.8000 18.0000 5.6000
      vertex 8.8983 20.6141 5.6000
      vertex 8.7136 20.2517 5.6000
    endloop
  endfacet
  facet normal 0 0 -1
    outer loop
      vertex 11.8000 18.0000 3.3500
      vertex 8.7136 20.2517 3.3500
      vertex 8.8983 20.6141 3.3500
    endloop
  endfacet
  facet normal -0.9876883405951371 0.15643446504023467 0
    outer loop
      vertex 8.7136 20.2517 3.3500
      vertex 8.6500 19.8500 3.3500
      vertex 8.6500 19.8500 5.6000
    endloop
  endfacet
  facet normal -0.9876883405951371 0.15643446504023467 0
    outer loop
      vertex 8.7136 20.2517 3.3500
      vertex 8.6500 19.8500 5.6000
      vertex 8.7136 20.2517 5.6000
    endloop
  endfacet
  facet normal 0 0 1
    outer loop
      vertex 11.8000 18.0000 5.6000
      vertex 8.7136 20.2517 5.6000
      vertex 8.6500 19.8500 5.6000
    endloop
  endfacet
  facet normal 0 0 -1
    outer loop
      vertex 11.8000 18.0000 3.3500
      vertex 8.6500 19.8500 3.3500
      vertex 8.7136 20.2517 3.3500
    endloop
  endfacet
  facet normal -1 0 0
    outer loop
      vertex 8.6500 19.8500 3.3500
      vertex 8.6500 16.1500 3.3500
      vertex 8.6500 16.1500 5.6000
    endloop
  endfacet
  facet normal -1 0 0
    outer loop
      vertex 8.6500 19.8500 3.3500
      vertex 8.6500 16.1500 5.6000
      vertex 8.6500 19.8500 5.6000
    endloop
  endfacet
  facet normal 0 0 1
    outer loop
      vertex 11.8000 18.0000 5.6000
      vertex 8.6500 19.8500 5.6000
      vertex 8.6500 16.1500 5.6000
    endloop
  endfacet
  facet normal 0 0 -1
    outer loop
      vertex 11.8000 18.0000 3.3500
      vertex 8.6500 16.1500 3.3500
      vertex 8.6500 19.8500 3.3500
    endloop
  endfacet
  facet normal -0.9876883405951379 -0.15643446504023042 0
    outer loop
      vertex 8.6500 16.1500 3.3500
      vertex 8.7136 15.7483 3.3500
      vertex 8.7136 15.7483 5.6000
    endloop
  endfacet
  facet normal -0.9876883405951379 -0.15643446504023042 0
    outer loop
      vertex 8.6500 16.1500 3.3500
      vertex 8.7136 15.7483 5.6000
      vertex 8.6500 16.1500 5.6000
    endloop
  endfacet
  facet normal 0 0 1
    outer loop
      vertex 11.8000 18.0000 5.6000
      vertex 8.6500 16.1500 5.6000
      vertex 8.7136 15.7483 5.6000
    endloop
  endfacet
  facet normal 0 0 -1
    outer loop
      vertex 11.8000 18.0000 3.3500
      vertex 8.7136 15.7483 3.3500
      vertex 8.6500 16.1500 3.3500
    endloop
  endfacet
  facet normal -0.8910065241883673 -0.4539904997395478 0
    outer loop
      vertex 8.7136 15.7483 3.3500
      vertex 8.8983 15.3859 3.3500
      vertex 8.8983 15.3859 5.6000
    endloop
  endfacet
  facet normal -0.8910065241883673 -0.4539904997395478 0
    outer loop
      vertex 8.7136 15.7483 3.3500
      vertex 8.8983 15.3859 5.6000
      vertex 8.7136 15.7483 5.6000
    endloop
  endfacet
  facet normal 0 0 1
    outer loop
      vertex 11.8000 18.0000 5.6000
      vertex 8.7136 15.7483 5.6000
      vertex 8.8983 15.3859 5.6000
    endloop
  endfacet
  facet normal 0 0 -1
    outer loop
      vertex 11.8000 18.0000 3.3500
      vertex 8.8983 15.3859 3.3500
      vertex 8.7136 15.7483 3.3500
    endloop
  endfacet
  facet normal -0.7071067811865475 -0.7071067811865475 0
    outer loop
      vertex 8.8983 15.3859 3.3500
      vertex 9.1859 15.0983 3.3500
      vertex 9.1859 15.0983 5.6000
    endloop
  endfacet
  facet normal -0.7071067811865475 -0.7071067811865475 0
    outer loop
      vertex 8.8983 15.3859 3.3500
      vertex 9.1859 15.0983 5.6000
      vertex 8.8983 15.3859 5.6000
    endloop
  endfacet
  facet normal 0 0 1
    outer loop
      vertex 11.8000 18.0000 5.6000
      vertex 8.8983 15.3859 5.6000
      vertex 9.1859 15.0983 5.6000
    endloop
  endfacet
  facet normal 0 0 -1
    outer loop
      vertex 11.8000 18.0000 3.3500
      vertex 9.1859 15.0983 3.3500
      vertex 8.8983 15.3859 3.3500
    endloop
  endfacet
  facet normal -0.4539904997395495 -0.8910065241883665 0
    outer loop
      vertex 9.1859 15.0983 3.3500
      vertex 9.5483 14.9136 3.3500
      vertex 9.5483 14.9136 5.6000
    endloop
  endfacet
  facet normal -0.4539904997395495 -0.8910065241883665 0
    outer loop
      vertex 9.1859 15.0983 3.3500
      vertex 9.5483 14.9136 5.6000
      vertex 9.1859 15.0983 5.6000
    endloop
  endfacet
  facet normal 0 0 1
    outer loop
      vertex 11.8000 18.0000 5.6000
      vertex 9.1859 15.0983 5.6000
      vertex 9.5483 14.9136 5.6000
    endloop
  endfacet
  facet normal 0 0 -1
    outer loop
      vertex 11.8000 18.0000 3.3500
      vertex 9.5483 14.9136 3.3500
      vertex 9.1859 15.0983 3.3500
    endloop
  endfacet
  facet normal -0.15643446504023042 -0.9876883405951379 0
    outer loop
      vertex 9.5483 14.9136 3.3500
      vertex 9.9500 14.8500 3.3500
      vertex 9.9500 14.8500 5.6000
    endloop
  endfacet
  facet normal -0.15643446504023042 -0.9876883405951379 0
    outer loop
      vertex 9.5483 14.9136 3.3500
      vertex 9.9500 14.8500 5.6000
      vertex 9.5483 14.9136 5.6000
    endloop
  endfacet
  facet normal 0 0 1
    outer loop
      vertex 11.8000 18.0000 5.6000
      vertex 9.5483 14.9136 5.6000
      vertex 9.9500 14.8500 5.6000
    endloop
  endfacet
  facet normal 0 0 -1
    outer loop
      vertex 11.8000 18.0000 3.3500
      vertex 9.9500 14.8500 3.3500
      vertex 9.5483 14.9136 3.3500
    endloop
  endfacet
  facet normal 0 -1 0
    outer loop
      vertex 9.9500 14.8500 3.3500
      vertex 13.6500 14.8500 3.3500
      vertex 13.6500 14.8500 5.6000
    endloop
  endfacet
  facet normal 0 -1 0
    outer loop
      vertex 9.9500 14.8500 3.3500
      vertex 13.6500 14.8500 5.6000
      vertex 9.9500 14.8500 5.6000
    endloop
  endfacet
  facet normal 0 0 1
    outer loop
      vertex 11.8000 18.0000 5.6000
      vertex 9.9500 14.8500 5.6000
      vertex 13.6500 14.8500 5.6000
    endloop
  endfacet
  facet normal 0 0 -1
    outer loop
      vertex 11.8000 18.0000 3.3500
      vertex 13.6500 14.8500 3.3500
      vertex 9.9500 14.8500 3.3500
    endloop
  endfacet
  facet normal 0.15643446504023106 -0.9876883405951375 0
    outer loop
      vertex 13.6500 14.8500 3.3500
      vertex 14.0517 14.9136 3.3500
      vertex 14.0517 14.9136 5.6000
    endloop
  endfacet
  facet normal 0.15643446504023106 -0.9876883405951375 0
    outer loop
      vertex 13.6500 14.8500 3.3500
      vertex 14.0517 14.9136 5.6000
      vertex 13.6500 14.8500 5.6000
    endloop
  endfacet
  facet normal 0 0 1
    outer loop
      vertex 11.8000 18.0000 5.6000
      vertex 13.6500 14.8500 5.6000
      vertex 14.0517 14.9136 5.6000
    endloop
  endfacet
  facet normal 0 0 -1
    outer loop
      vertex 11.8000 18.0000 3.3500
      vertex 14.0517 14.9136 3.3500
      vertex 13.6500 14.8500 3.3500
    endloop
  endfacet
  facet normal 0.4539904997395495 -0.8910065241883665 0
    outer loop
      vertex 14.0517 14.9136 3.3500
      vertex 14.4141 15.0983 3.3500
      vertex 14.4141 15.0983 5.6000
    endloop
  endfacet
  facet normal 0.4539904997395495 -0.8910065241883665 0
    outer loop
      vertex 14.0517 14.9136 3.3500
      vertex 14.4141 15.0983 5.6000
      vertex 14.0517 14.9136 5.6000
    endloop
  endfacet
  facet normal 0 0 1
    outer loop
      vertex 11.8000 18.0000 5.6000
      vertex 14.0517 14.9136 5.6000
      vertex 14.4141 15.0983 5.6000
    endloop
  endfacet
  facet normal 0 0 -1
    outer loop
      vertex 11.8000 18.0000 3.3500
      vertex 14.4141 15.0983 3.3500
      vertex 14.0517 14.9136 3.3500
    endloop
  endfacet
  facet normal 0.7071067811865454 -0.7071067811865497 0
    outer loop
      vertex 14.4141 15.0983 3.3500
      vertex 14.7017 15.3859 3.3500
      vertex 14.7017 15.3859 5.6000
    endloop
  endfacet
  facet normal 0.7071067811865454 -0.7071067811865497 0
    outer loop
      vertex 14.4141 15.0983 3.3500
      vertex 14.7017 15.3859 5.6000
      vertex 14.4141 15.0983 5.6000
    endloop
  endfacet
  facet normal 0 0 1
    outer loop
      vertex 11.8000 18.0000 5.6000
      vertex 14.4141 15.0983 5.6000
      vertex 14.7017 15.3859 5.6000
    endloop
  endfacet
  facet normal 0 0 -1
    outer loop
      vertex 11.8000 18.0000 3.3500
      vertex 14.7017 15.3859 3.3500
      vertex 14.4141 15.0983 3.3500
    endloop
  endfacet
  facet normal 0.8910065241883682 -0.453990499739546 0
    outer loop
      vertex 14.7017 15.3859 3.3500
      vertex 14.8864 15.7483 3.3500
      vertex 14.8864 15.7483 5.6000
    endloop
  endfacet
  facet normal 0.8910065241883682 -0.453990499739546 0
    outer loop
      vertex 14.7017 15.3859 3.3500
      vertex 14.8864 15.7483 5.6000
      vertex 14.7017 15.3859 5.6000
    endloop
  endfacet
  facet normal 0 0 1
    outer loop
      vertex 11.8000 18.0000 5.6000
      vertex 14.7017 15.3859 5.6000
      vertex 14.8864 15.7483 5.6000
    endloop
  endfacet
  facet normal 0 0 -1
    outer loop
      vertex 11.8000 18.0000 3.3500
      vertex 14.8864 15.7483 3.3500
      vertex 14.7017 15.3859 3.3500
    endloop
  endfacet
  facet normal 0.9876883405951371 -0.15643446504023467 0
    outer loop
      vertex 14.8864 15.7483 3.3500
      vertex 14.9500 16.1500 3.3500
      vertex 14.9500 16.1500 5.6000
    endloop
  endfacet
  facet normal 0.9876883405951371 -0.15643446504023467 0
    outer loop
      vertex 14.8864 15.7483 3.3500
      vertex 14.9500 16.1500 5.6000
      vertex 14.8864 15.7483 5.6000
    endloop
  endfacet
  facet normal 0 0 1
    outer loop
      vertex 11.8000 18.0000 5.6000
      vertex 14.8864 15.7483 5.6000
      vertex 14.9500 16.1500 5.6000
    endloop
  endfacet
  facet normal 0 0 -1
    outer loop
      vertex 11.8000 18.0000 3.3500
      vertex 14.9500 16.1500 3.3500
      vertex 14.8864 15.7483 3.3500
    endloop
  endfacet
  facet normal 1 0 0
    outer loop
      vertex 14.9500 16.1500 3.3500
      vertex 14.9500 19.8500 3.3500
      vertex 14.9500 19.8500 5.6000
    endloop
  endfacet
  facet normal 1 0 0
    outer loop
      vertex 14.9500 16.1500 3.3500
      vertex 14.9500 19.8500 5.6000
      vertex 14.9500 16.1500 5.6000
    endloop
  endfacet
  facet normal 0 0 1
    outer loop
      vertex 11.8000 18.0000 5.6000
      vertex 14.9500 16.1500 5.6000
      vertex 14.9500 19.8500 5.6000
    endloop
  endfacet
  facet normal 0 0 -1
    outer loop
      vertex 11.8000 18.0000 3.3500
      vertex 14.9500 19.8500 3.3500
      vertex 14.9500 16.1500 3.3500
    endloop
  endfacet
  facet normal 0.9876883405951379 0.15643446504023042 0
    outer loop
      vertex 23.1500 19.8500 3.3500
      vertex 23.0864 20.2517 3.3500
      vertex 23.0864 20.2517 5.6000
    endloop
  endfacet
  facet normal 0.9876883405951379 0.15643446504023042 0
    outer loop
      vertex 23.1500 19.8500 3.3500
      vertex 23.0864 20.2517 5.6000
      vertex 23.1500 19.8500 5.6000
    endloop
  endfacet
  facet normal 0 0 1
    outer loop
      vertex 20.0000 18.0000 5.6000
      vertex 23.1500 19.8500 5.6000
      vertex 23.0864 20.2517 5.6000
    endloop
  endfacet
  facet normal 0 0 -1
    outer loop
      vertex 20.0000 18.0000 3.3500
      vertex 23.0864 20.2517 3.3500
      vertex 23.1500 19.8500 3.3500
    endloop
  endfacet
  facet normal 0.8910065241883656 0.45399049973955125 0
    outer loop
      vertex 23.0864 20.2517 3.3500
      vertex 22.9017 20.6141 3.3500
      vertex 22.9017 20.6141 5.6000
    endloop
  endfacet
  facet normal 0.8910065241883656 0.45399049973955125 0
    outer loop
      vertex 23.0864 20.2517 3.3500
      vertex 22.9017 20.6141 5.6000
      vertex 23.0864 20.2517 5.6000
    endloop
  endfacet
  facet normal 0 0 1
    outer loop
      vertex 20.0000 18.0000 5.6000
      vertex 23.0864 20.2517 5.6000
      vertex 22.9017 20.6141 5.6000
    endloop
  endfacet
  facet normal 0 0 -1
    outer loop
      vertex 20.0000 18.0000 3.3500
      vertex 22.9017 20.6141 3.3500
      vertex 23.0864 20.2517 3.3500
    endloop
  endfacet
  facet normal 0.7071067811865475 0.7071067811865475 0
    outer loop
      vertex 22.9017 20.6141 3.3500
      vertex 22.6141 20.9017 3.3500
      vertex 22.6141 20.9017 5.6000
    endloop
  endfacet
  facet normal 0.7071067811865475 0.7071067811865475 0
    outer loop
      vertex 22.9017 20.6141 3.3500
      vertex 22.6141 20.9017 5.6000
      vertex 22.9017 20.6141 5.6000
    endloop
  endfacet
  facet normal 0 0 1
    outer loop
      vertex 20.0000 18.0000 5.6000
      vertex 22.9017 20.6141 5.6000
      vertex 22.6141 20.9017 5.6000
    endloop
  endfacet
  facet normal 0 0 -1
    outer loop
      vertex 20.0000 18.0000 3.3500
      vertex 22.6141 20.9017 3.3500
      vertex 22.9017 20.6141 3.3500
    endloop
  endfacet
  facet normal 0.45399049973955125 0.8910065241883656 0
    outer loop
      vertex 22.6141 20.9017 3.3500
      vertex 22.2517 21.0864 3.3500
      vertex 22.2517 21.0864 5.6000
    endloop
  endfacet
  facet normal 0.45399049973955125 0.8910065241883656 0
    outer loop
      vertex 22.6141 20.9017 3.3500
      vertex 22.2517 21.0864 5.6000
      vertex 22.6141 20.9017 5.6000
    endloop
  endfacet
  facet normal 0 0 1
    outer loop
      vertex 20.0000 18.0000 5.6000
      vertex 22.6141 20.9017 5.6000
      vertex 22.2517 21.0864 5.6000
    endloop
  endfacet
  facet normal 0 0 -1
    outer loop
      vertex 20.0000 18.0000 3.3500
      vertex 22.2517 21.0864 3.3500
      vertex 22.6141 20.9017 3.3500
    endloop
  endfacet
  facet normal 0.15643446504023042 0.9876883405951379 0
    outer loop
      vertex 22.2517 21.0864 3.3500
      vertex 21.8500 21.1500 3.3500
      vertex 21.8500 21.1500 5.6000
    endloop
  endfacet
  facet normal 0.15643446504023042 0.9876883405951379 0
    outer loop
      vertex 22.2517 21.0864 3.3500
      vertex 21.8500 21.1500 5.6000
      vertex 22.2517 21.0864 5.6000
    endloop
  endfacet
  facet normal 0 0 1
    outer loop
      vertex 20.0000 18.0000 5.6000
      vertex 22.2517 21.0864 5.6000
      vertex 21.8500 21.1500 5.6000
    endloop
  endfacet
  facet normal 0 0 -1
    outer loop
      vertex 20.0000 18.0000 3.3500
      vertex 21.8500 21.1500 3.3500
      vertex 22.2517 21.0864 3.3500
    endloop
  endfacet
  facet normal 0 1 0
    outer loop
      vertex 21.8500 21.1500 3.3500
      vertex 18.1500 21.1500 3.3500
      vertex 18.1500 21.1500 5.6000
    endloop
  endfacet
  facet normal 0 1 0
    outer loop
      vertex 21.8500 21.1500 3.3500
      vertex 18.1500 21.1500 5.6000
      vertex 21.8500 21.1500 5.6000
    endloop
  endfacet
  facet normal 0 0 1
    outer loop
      vertex 20.0000 18.0000 5.6000
      vertex 21.8500 21.1500 5.6000
      vertex 18.1500 21.1500 5.6000
    endloop
  endfacet
  facet normal 0 0 -1
    outer loop
      vertex 20.0000 18.0000 3.3500
      vertex 18.1500 21.1500 3.3500
      vertex 21.8500 21.1500 3.3500
    endloop
  endfacet
  facet normal -0.15643446504023042 0.9876883405951379 0
    outer loop
      vertex 18.1500 21.1500 3.3500
      vertex 17.7483 21.0864 3.3500
      vertex 17.7483 21.0864 5.6000
    endloop
  endfacet
  facet normal -0.15643446504023042 0.9876883405951379 0
    outer loop
      vertex 18.1500 21.1500 3.3500
      vertex 17.7483 21.0864 5.6000
      vertex 18.1500 21.1500 5.6000
    endloop
  endfacet
  facet normal 0 0 1
    outer loop
      vertex 20.0000 18.0000 5.6000
      vertex 18.1500 21.1500 5.6000
      vertex 17.7483 21.0864 5.6000
    endloop
  endfacet
  facet normal 0 0 -1
    outer loop
      vertex 20.0000 18.0000 3.3500
      vertex 17.7483 21.0864 3.3500
      vertex 18.1500 21.1500 3.3500
    endloop
  endfacet
  facet normal -0.45399049973955125 0.8910065241883656 0
    outer loop
      vertex 17.7483 21.0864 3.3500
      vertex 17.3859 20.9017 3.3500
      vertex 17.3859 20.9017 5.6000
    endloop
  endfacet
  facet normal -0.45399049973955125 0.8910065241883656 0
    outer loop
      vertex 17.7483 21.0864 3.3500
      vertex 17.3859 20.9017 5.6000
      vertex 17.7483 21.0864 5.6000
    endloop
  endfacet
  facet normal 0 0 1
    outer loop
      vertex 20.0000 18.0000 5.6000
      vertex 17.7483 21.0864 5.6000
      vertex 17.3859 20.9017 5.6000
    endloop
  endfacet
  facet normal 0 0 -1
    outer loop
      vertex 20.0000 18.0000 3.3500
      vertex 17.3859 20.9017 3.3500
      vertex 17.7483 21.0864 3.3500
    endloop
  endfacet
  facet normal -0.7071067811865475 0.7071067811865475 0
    outer loop
      vertex 17.3859 20.9017 3.3500
      vertex 17.0983 20.6141 3.3500
      vertex 17.0983 20.6141 5.6000
    endloop
  endfacet
  facet normal -0.7071067811865475 0.7071067811865475 0
    outer loop
      vertex 17.3859 20.9017 3.3500
      vertex 17.0983 20.6141 5.6000
      vertex 17.3859 20.9017 5.6000
    endloop
  endfacet
  facet normal 0 0 1
    outer loop
      vertex 20.0000 18.0000 5.6000
      vertex 17.3859 20.9017 5.6000
      vertex 17.0983 20.6141 5.6000
    endloop
  endfacet
  facet normal 0 0 -1
    outer loop
      vertex 20.0000 18.0000 3.3500
      vertex 17.0983 20.6141 3.3500
      vertex 17.3859 20.9017 3.3500
    endloop
  endfacet
  facet normal -0.8910065241883656 0.45399049973955125 0
    outer loop
      vertex 17.0983 20.6141 3.3500
      vertex 16.9136 20.2517 3.3500
      vertex 16.9136 20.2517 5.6000
    endloop
  endfacet
  facet normal -0.8910065241883656 0.45399049973955125 0
    outer loop
      vertex 17.0983 20.6141 3.3500
      vertex 16.9136 20.2517 5.6000
      vertex 17.0983 20.6141 5.6000
    endloop
  endfacet
  facet normal 0 0 1
    outer loop
      vertex 20.0000 18.0000 5.6000
      vertex 17.0983 20.6141 5.6000
      vertex 16.9136 20.2517 5.6000
    endloop
  endfacet
  facet normal 0 0 -1
    outer loop
      vertex 20.0000 18.0000 3.3500
      vertex 16.9136 20.2517 3.3500
      vertex 17.0983 20.6141 3.3500
    endloop
  endfacet
  facet normal -0.9876883405951379 0.15643446504023042 0
    outer loop
      vertex 16.9136 20.2517 3.3500
      vertex 16.8500 19.8500 3.3500
      vertex 16.8500 19.8500 5.6000
    endloop
  endfacet
  facet normal -0.9876883405951379 0.15643446504023042 0
    outer loop
      vertex 16.9136 20.2517 3.3500
      vertex 16.8500 19.8500 5.6000
      vertex 16.9136 20.2517 5.6000
    endloop
  endfacet
  facet normal 0 0 1
    outer loop
      vertex 20.0000 18.0000 5.6000
      vertex 16.9136 20.2517 5.6000
      vertex 16.8500 19.8500 5.6000
    endloop
  endfacet
  facet normal 0 0 -1
    outer loop
      vertex 20.0000 18.0000 3.3500
      vertex 16.8500 19.8500 3.3500
      vertex 16.9136 20.2517 3.3500
    endloop
  endfacet
  facet normal -1 0 0
    outer loop
      vertex 16.8500 19.8500 3.3500
      vertex 16.8500 16.1500 3.3500
      vertex 16.8500 16.1500 5.6000
    endloop
  endfacet
  facet normal -1 0 0
    outer loop
      vertex 16.8500 19.8500 3.3500
      vertex 16.8500 16.1500 5.6000
      vertex 16.8500 19.8500 5.6000
    endloop
  endfacet
  facet normal 0 0 1
    outer loop
      vertex 20.0000 18.0000 5.6000
      vertex 16.8500 19.8500 5.6000
      vertex 16.8500 16.1500 5.6000
    endloop
  endfacet
  facet normal 0 0 -1
    outer loop
      vertex 20.0000 18.0000 3.3500
      vertex 16.8500 16.1500 3.3500
      vertex 16.8500 19.8500 3.3500
    endloop
  endfacet
  facet normal -0.9876883405951379 -0.15643446504023042 0
    outer loop
      vertex 16.8500 16.1500 3.3500
      vertex 16.9136 15.7483 3.3500
      vertex 16.9136 15.7483 5.6000
    endloop
  endfacet
  facet normal -0.9876883405951379 -0.15643446504023042 0
    outer loop
      vertex 16.8500 16.1500 3.3500
      vertex 16.9136 15.7483 5.6000
      vertex 16.8500 16.1500 5.6000
    endloop
  endfacet
  facet normal 0 0 1
    outer loop
      vertex 20.0000 18.0000 5.6000
      vertex 16.8500 16.1500 5.6000
      vertex 16.9136 15.7483 5.6000
    endloop
  endfacet
  facet normal 0 0 -1
    outer loop
      vertex 20.0000 18.0000 3.3500
      vertex 16.9136 15.7483 3.3500
      vertex 16.8500 16.1500 3.3500
    endloop
  endfacet
  facet normal -0.8910065241883656 -0.45399049973955125 0
    outer loop
      vertex 16.9136 15.7483 3.3500
      vertex 17.0983 15.3859 3.3500
      vertex 17.0983 15.3859 5.6000
    endloop
  endfacet
  facet normal -0.8910065241883656 -0.45399049973955125 0
    outer loop
      vertex 16.9136 15.7483 3.3500
      vertex 17.0983 15.3859 5.6000
      vertex 16.9136 15.7483 5.6000
    endloop
  endfacet
  facet normal 0 0 1
    outer loop
      vertex 20.0000 18.0000 5.6000
      vertex 16.9136 15.7483 5.6000
      vertex 17.0983 15.3859 5.6000
    endloop
  endfacet
  facet normal 0 0 -1
    outer loop
      vertex 20.0000 18.0000 3.3500
      vertex 17.0983 15.3859 3.3500
      vertex 16.9136 15.7483 3.3500
    endloop
  endfacet
  facet normal -0.7071067811865475 -0.7071067811865475 0
    outer loop
      vertex 17.0983 15.3859 3.3500
      vertex 17.3859 15.0983 3.3500
      vertex 17.3859 15.0983 5.6000
    endloop
  endfacet
  facet normal -0.7071067811865475 -0.7071067811865475 0
    outer loop
      vertex 17.0983 15.3859 3.3500
      vertex 17.3859 15.0983 5.6000
      vertex 17.0983 15.3859 5.6000
    endloop
  endfacet
  facet normal 0 0 1
    outer loop
      vertex 20.0000 18.0000 5.6000
      vertex 17.0983 15.3859 5.6000
      vertex 17.3859 15.0983 5.6000
    endloop
  endfacet
  facet normal 0 0 -1
    outer loop
      vertex 20.0000 18.0000 3.3500
      vertex 17.3859 15.0983 3.3500
      vertex 17.0983 15.3859 3.3500
    endloop
  endfacet
  facet normal -0.45399049973955125 -0.8910065241883656 0
    outer loop
      vertex 17.3859 15.0983 3.3500
      vertex 17.7483 14.9136 3.3500
      vertex 17.7483 14.9136 5.6000
    endloop
  endfacet
  facet normal -0.45399049973955125 -0.8910065241883656 0
    outer loop
      vertex 17.3859 15.0983 3.3500
      vertex 17.7483 14.9136 5.6000
      vertex 17.3859 15.0983 5.6000
    endloop
  endfacet
  facet normal 0 0 1
    outer loop
      vertex 20.0000 18.0000 5.6000
      vertex 17.3859 15.0983 5.6000
      vertex 17.7483 14.9136 5.6000
    endloop
  endfacet
  facet normal 0 0 -1
    outer loop
      vertex 20.0000 18.0000 3.3500
      vertex 17.7483 14.9136 3.3500
      vertex 17.3859 15.0983 3.3500
    endloop
  endfacet
  facet normal -0.15643446504023042 -0.9876883405951379 0
    outer loop
      vertex 17.7483 14.9136 3.3500
      vertex 18.1500 14.8500 3.3500
      vertex 18.1500 14.8500 5.6000
    endloop
  endfacet
  facet normal -0.15643446504023042 -0.9876883405951379 0
    outer loop
      vertex 17.7483 14.9136 3.3500
      vertex 18.1500 14.8500 5.6000
      vertex 17.7483 14.9136 5.6000
    endloop
  endfacet
  facet normal 0 0 1
    outer loop
      vertex 20.0000 18.0000 5.6000
      vertex 17.7483 14.9136 5.6000
      vertex 18.1500 14.8500 5.6000
    endloop
  endfacet
  facet normal 0 0 -1
    outer loop
      vertex 20.0000 18.0000 3.3500
      vertex 18.1500 14.8500 3.3500
      vertex 17.7483 14.9136 3.3500
    endloop
  endfacet
  facet normal 0 -1 0
    outer loop
      vertex 18.1500 14.8500 3.3500
      vertex 21.8500 14.8500 3.3500
      vertex 21.8500 14.8500 5.6000
    endloop
  endfacet
  facet normal 0 -1 0
    outer loop
      vertex 18.1500 14.8500 3.3500
      vertex 21.8500 14.8500 5.6000
      vertex 18.1500 14.8500 5.6000
    endloop
  endfacet
  facet normal 0 0 1
    outer loop
      vertex 20.0000 18.0000 5.6000
      vertex 18.1500 14.8500 5.6000
      vertex 21.8500 14.8500 5.6000
    endloop
  endfacet
  facet normal 0 0 -1
    outer loop
      vertex 20.0000 18.0000 3.3500
      vertex 21.8500 14.8500 3.3500
      vertex 18.1500 14.8500 3.3500
    endloop
  endfacet
  facet normal 0.15643446504023042 -0.9876883405951379 0
    outer loop
      vertex 21.8500 14.8500 3.3500
      vertex 22.2517 14.9136 3.3500
      vertex 22.2517 14.9136 5.6000
    endloop
  endfacet
  facet normal 0.15643446504023042 -0.9876883405951379 0
    outer loop
      vertex 21.8500 14.8500 3.3500
      vertex 22.2517 14.9136 5.6000
      vertex 21.8500 14.8500 5.6000
    endloop
  endfacet
  facet normal 0 0 1
    outer loop
      vertex 20.0000 18.0000 5.6000
      vertex 21.8500 14.8500 5.6000
      vertex 22.2517 14.9136 5.6000
    endloop
  endfacet
  facet normal 0 0 -1
    outer loop
      vertex 20.0000 18.0000 3.3500
      vertex 22.2517 14.9136 3.3500
      vertex 21.8500 14.8500 3.3500
    endloop
  endfacet
  facet normal 0.45399049973955125 -0.8910065241883656 0
    outer loop
      vertex 22.2517 14.9136 3.3500
      vertex 22.6141 15.0983 3.3500
      vertex 22.6141 15.0983 5.6000
    endloop
  endfacet
  facet normal 0.45399049973955125 -0.8910065241883656 0
    outer loop
      vertex 22.2517 14.9136 3.3500
      vertex 22.6141 15.0983 5.6000
      vertex 22.2517 14.9136 5.6000
    endloop
  endfacet
  facet normal 0 0 1
    outer loop
      vertex 20.0000 18.0000 5.6000
      vertex 22.2517 14.9136 5.6000
      vertex 22.6141 15.0983 5.6000
    endloop
  endfacet
  facet normal 0 0 -1
    outer loop
      vertex 20.0000 18.0000 3.3500
      vertex 22.6141 15.0983 3.3500
      vertex 22.2517 14.9136 3.3500
    endloop
  endfacet
  facet normal 0.7071067811865454 -0.7071067811865497 0
    outer loop
      vertex 22.6141 15.0983 3.3500
      vertex 22.9017 15.3859 3.3500
      vertex 22.9017 15.3859 5.6000
    endloop
  endfacet
  facet normal 0.7071067811865454 -0.7071067811865497 0
    outer loop
      vertex 22.6141 15.0983 3.3500
      vertex 22.9017 15.3859 5.6000
      vertex 22.6141 15.0983 5.6000
    endloop
  endfacet
  facet normal 0 0 1
    outer loop
      vertex 20.0000 18.0000 5.6000
      vertex 22.6141 15.0983 5.6000
      vertex 22.9017 15.3859 5.6000
    endloop
  endfacet
  facet normal 0 0 -1
    outer loop
      vertex 20.0000 18.0000 3.3500
      vertex 22.9017 15.3859 3.3500
      vertex 22.6141 15.0983 3.3500
    endloop
  endfacet
  facet normal 0.8910065241883665 -0.4539904997395495 0
    outer loop
      vertex 22.9017 15.3859 3.3500
      vertex 23.0864 15.7483 3.3500
      vertex 23.0864 15.7483 5.6000
    endloop
  endfacet
  facet normal 0.8910065241883665 -0.4539904997395495 0
    outer loop
      vertex 22.9017 15.3859 3.3500
      vertex 23.0864 15.7483 5.6000
      vertex 22.9017 15.3859 5.6000
    endloop
  endfacet
  facet normal 0 0 1
    outer loop
      vertex 20.0000 18.0000 5.6000
      vertex 22.9017 15.3859 5.6000
      vertex 23.0864 15.7483 5.6000
    endloop
  endfacet
  facet normal 0 0 -1
    outer loop
      vertex 20.0000 18.0000 3.3500
      vertex 23.0864 15.7483 3.3500
      vertex 22.9017 15.3859 3.3500
    endloop
  endfacet
  facet normal 0.9876883405951379 -0.15643446504023042 0
    outer loop
      vertex 23.0864 15.7483 3.3500
      vertex 23.1500 16.1500 3.3500
      vertex 23.1500 16.1500 5.6000
    endloop
  endfacet
  facet normal 0.9876883405951379 -0.15643446504023042 0
    outer loop
      vertex 23.0864 15.7483 3.3500
      vertex 23.1500 16.1500 5.6000
      vertex 23.0864 15.7483 5.6000
    endloop
  endfacet
  facet normal 0 0 1
    outer loop
      vertex 20.0000 18.0000 5.6000
      vertex 23.0864 15.7483 5.6000
      vertex 23.1500 16.1500 5.6000
    endloop
  endfacet
  facet normal 0 0 -1
    outer loop
      vertex 20.0000 18.0000 3.3500
      vertex 23.1500 16.1500 3.3500
      vertex 23.0864 15.7483 3.3500
    endloop
  endfacet
  facet normal 1 0 0
    outer loop
      vertex 23.1500 16.1500 3.3500
      vertex 23.1500 19.8500 3.3500
      vertex 23.1500 19.8500 5.6000
    endloop
  endfacet
  facet normal 1 0 0
    outer loop
      vertex 23.1500 16.1500 3.3500
      vertex 23.1500 19.8500 5.6000
      vertex 23.1500 16.1500 5.6000
    endloop
  endfacet
  facet normal 0 0 1
    outer loop
      vertex 20.0000 18.0000 5.6000
      vertex 23.1500 16.1500 5.6000
      vertex 23.1500 19.8500 5.6000
    endloop
  endfacet
  facet normal 0 0 -1
    outer loop
      vertex 20.0000 18.0000 3.3500
      vertex 23.1500 19.8500 3.3500
      vertex 23.1500 16.1500 3.3500
    endloop
  endfacet
  facet normal 0.9876883405951379 0.15643446504023042 0
    outer loop
      vertex 31.3500 19.8500 3.3500
      vertex 31.2864 20.2517 3.3500
      vertex 31.2864 20.2517 5.6000
    endloop
  endfacet
  facet normal 0.9876883405951379 0.15643446504023042 0
    outer loop
      vertex 31.3500 19.8500 3.3500
      vertex 31.2864 20.2517 5.6000
      vertex 31.3500 19.8500 5.6000
    endloop
  endfacet
  facet normal 0 0 1
    outer loop
      vertex 28.2000 18.0000 5.6000
      vertex 31.3500 19.8500 5.6000
      vertex 31.2864 20.2517 5.6000
    endloop
  endfacet
  facet normal 0 0 -1
    outer loop
      vertex 28.2000 18.0000 3.3500
      vertex 31.2864 20.2517 3.3500
      vertex 31.3500 19.8500 3.3500
    endloop
  endfacet
  facet normal 0.8910065241883656 0.45399049973955125 0
    outer loop
      vertex 31.2864 20.2517 3.3500
      vertex 31.1017 20.6141 3.3500
      vertex 31.1017 20.6141 5.6000
    endloop
  endfacet
  facet normal 0.8910065241883656 0.45399049973955125 0
    outer loop
      vertex 31.2864 20.2517 3.3500
      vertex 31.1017 20.6141 5.6000
      vertex 31.2864 20.2517 5.6000
    endloop
  endfacet
  facet normal 0 0 1
    outer loop
      vertex 28.2000 18.0000 5.6000
      vertex 31.2864 20.2517 5.6000
      vertex 31.1017 20.6141 5.6000
    endloop
  endfacet
  facet normal 0 0 -1
    outer loop
      vertex 28.2000 18.0000 3.3500
      vertex 31.1017 20.6141 3.3500
      vertex 31.2864 20.2517 3.3500
    endloop
  endfacet
  facet normal 0.7071067811865475 0.7071067811865475 0
    outer loop
      vertex 31.1017 20.6141 3.3500
      vertex 30.8141 20.9017 3.3500
      vertex 30.8141 20.9017 5.6000
    endloop
  endfacet
  facet normal 0.7071067811865475 0.7071067811865475 0
    outer loop
      vertex 31.1017 20.6141 3.3500
      vertex 30.8141 20.9017 5.6000
      vertex 31.1017 20.6141 5.6000
    endloop
  endfacet
  facet normal 0 0 1
    outer loop
      vertex 28.2000 18.0000 5.6000
      vertex 31.1017 20.6141 5.6000
      vertex 30.8141 20.9017 5.6000
    endloop
  endfacet
  facet normal 0 0 -1
    outer loop
      vertex 28.2000 18.0000 3.3500
      vertex 30.8141 20.9017 3.3500
      vertex 31.1017 20.6141 3.3500
    endloop
  endfacet
  facet normal 0.45399049973955125 0.8910065241883656 0
    outer loop
      vertex 30.8141 20.9017 3.3500
      vertex 30.4517 21.0864 3.3500
      vertex 30.4517 21.0864 5.6000
    endloop
  endfacet
  facet normal 0.45399049973955125 0.8910065241883656 0
    outer loop
      vertex 30.8141 20.9017 3.3500
      vertex 30.4517 21.0864 5.6000
      vertex 30.8141 20.9017 5.6000
    endloop
  endfacet
  facet normal 0 0 1
    outer loop
      vertex 28.2000 18.0000 5.6000
      vertex 30.8141 20.9017 5.6000
      vertex 30.4517 21.0864 5.6000
    endloop
  endfacet
  facet normal 0 0 -1
    outer loop
      vertex 28.2000 18.0000 3.3500
      vertex 30.4517 21.0864 3.3500
      vertex 30.8141 20.9017 3.3500
    endloop
  endfacet
  facet normal 0.15643446504023042 0.9876883405951379 0
    outer loop
      vertex 30.4517 21.0864 3.3500
      vertex 30.0500 21.1500 3.3500
      vertex 30.0500 21.1500 5.6000
    endloop
  endfacet
  facet normal 0.15643446504023042 0.9876883405951379 0
    outer loop
      vertex 30.4517 21.0864 3.3500
      vertex 30.0500 21.1500 5.6000
      vertex 30.4517 21.0864 5.6000
    endloop
  endfacet
  facet normal 0 0 1
    outer loop
      vertex 28.2000 18.0000 5.6000
      vertex 30.4517 21.0864 5.6000
      vertex 30.0500 21.1500 5.6000
    endloop
  endfacet
  facet normal 0 0 -1
    outer loop
      vertex 28.2000 18.0000 3.3500
      vertex 30.0500 21.1500 3.3500
      vertex 30.4517 21.0864 3.3500
    endloop
  endfacet
  facet normal 0 1 0
    outer loop
      vertex 30.0500 21.1500 3.3500
      vertex 26.3500 21.1500 3.3500
      vertex 26.3500 21.1500 5.6000
    endloop
  endfacet
  facet normal 0 1 0
    outer loop
      vertex 30.0500 21.1500 3.3500
      vertex 26.3500 21.1500 5.6000
      vertex 30.0500 21.1500 5.6000
    endloop
  endfacet
  facet normal 0 0 1
    outer loop
      vertex 28.2000 18.0000 5.6000
      vertex 30.0500 21.1500 5.6000
      vertex 26.3500 21.1500 5.6000
    endloop
  endfacet
  facet normal 0 0 -1
    outer loop
      vertex 28.2000 18.0000 3.3500
      vertex 26.3500 21.1500 3.3500
      vertex 30.0500 21.1500 3.3500
    endloop
  endfacet
  facet normal -0.15643446504023042 0.9876883405951379 0
    outer loop
      vertex 26.3500 21.1500 3.3500
      vertex 25.9483 21.0864 3.3500
      vertex 25.9483 21.0864 5.6000
    endloop
  endfacet
  facet normal -0.15643446504023042 0.9876883405951379 0
    outer loop
      vertex 26.3500 21.1500 3.3500
      vertex 25.9483 21.0864 5.6000
      vertex 26.3500 21.1500 5.6000
    endloop
  endfacet
  facet normal 0 0 1
    outer loop
      vertex 28.2000 18.0000 5.6000
      vertex 26.3500 21.1500 5.6000
      vertex 25.9483 21.0864 5.6000
    endloop
  endfacet
  facet normal 0 0 -1
    outer loop
      vertex 28.2000 18.0000 3.3500
      vertex 25.9483 21.0864 3.3500
      vertex 26.3500 21.1500 3.3500
    endloop
  endfacet
  facet normal -0.45399049973955125 0.8910065241883656 0
    outer loop
      vertex 25.9483 21.0864 3.3500
      vertex 25.5859 20.9017 3.3500
      vertex 25.5859 20.9017 5.6000
    endloop
  endfacet
  facet normal -0.45399049973955125 0.8910065241883656 0
    outer loop
      vertex 25.9483 21.0864 3.3500
      vertex 25.5859 20.9017 5.6000
      vertex 25.9483 21.0864 5.6000
    endloop
  endfacet
  facet normal 0 0 1
    outer loop
      vertex 28.2000 18.0000 5.6000
      vertex 25.9483 21.0864 5.6000
      vertex 25.5859 20.9017 5.6000
    endloop
  endfacet
  facet normal 0 0 -1
    outer loop
      vertex 28.2000 18.0000 3.3500
      vertex 25.5859 20.9017 3.3500
      vertex 25.9483 21.0864 3.3500
    endloop
  endfacet
  facet normal -0.7071067811865475 0.7071067811865475 0
    outer loop
      vertex 25.5859 20.9017 3.3500
      vertex 25.2983 20.6141 3.3500
      vertex 25.2983 20.6141 5.6000
    endloop
  endfacet
  facet normal -0.7071067811865475 0.7071067811865475 0
    outer loop
      vertex 25.5859 20.9017 3.3500
      vertex 25.2983 20.6141 5.6000
      vertex 25.5859 20.9017 5.6000
    endloop
  endfacet
  facet normal 0 0 1
    outer loop
      vertex 28.2000 18.0000 5.6000
      vertex 25.5859 20.9017 5.6000
      vertex 25.2983 20.6141 5.6000
    endloop
  endfacet
  facet normal 0 0 -1
    outer loop
      vertex 28.2000 18.0000 3.3500
      vertex 25.2983 20.6141 3.3500
      vertex 25.5859 20.9017 3.3500
    endloop
  endfacet
  facet normal -0.8910065241883656 0.45399049973955125 0
    outer loop
      vertex 25.2983 20.6141 3.3500
      vertex 25.1136 20.2517 3.3500
      vertex 25.1136 20.2517 5.6000
    endloop
  endfacet
  facet normal -0.8910065241883656 0.45399049973955125 0
    outer loop
      vertex 25.2983 20.6141 3.3500
      vertex 25.1136 20.2517 5.6000
      vertex 25.2983 20.6141 5.6000
    endloop
  endfacet
  facet normal 0 0 1
    outer loop
      vertex 28.2000 18.0000 5.6000
      vertex 25.2983 20.6141 5.6000
      vertex 25.1136 20.2517 5.6000
    endloop
  endfacet
  facet normal 0 0 -1
    outer loop
      vertex 28.2000 18.0000 3.3500
      vertex 25.1136 20.2517 3.3500
      vertex 25.2983 20.6141 3.3500
    endloop
  endfacet
  facet normal -0.9876883405951379 0.15643446504023042 0
    outer loop
      vertex 25.1136 20.2517 3.3500
      vertex 25.0500 19.8500 3.3500
      vertex 25.0500 19.8500 5.6000
    endloop
  endfacet
  facet normal -0.9876883405951379 0.15643446504023042 0
    outer loop
      vertex 25.1136 20.2517 3.3500
      vertex 25.0500 19.8500 5.6000
      vertex 25.1136 20.2517 5.6000
    endloop
  endfacet
  facet normal 0 0 1
    outer loop
      vertex 28.2000 18.0000 5.6000
      vertex 25.1136 20.2517 5.6000
      vertex 25.0500 19.8500 5.6000
    endloop
  endfacet
  facet normal 0 0 -1
    outer loop
      vertex 28.2000 18.0000 3.3500
      vertex 25.0500 19.8500 3.3500
      vertex 25.1136 20.2517 3.3500
    endloop
  endfacet
  facet normal -1 0 0
    outer loop
      vertex 25.0500 19.8500 3.3500
      vertex 25.0500 16.1500 3.3500
      vertex 25.0500 16.1500 5.6000
    endloop
  endfacet
  facet normal -1 0 0
    outer loop
      vertex 25.0500 19.8500 3.3500
      vertex 25.0500 16.1500 5.6000
      vertex 25.0500 19.8500 5.6000
    endloop
  endfacet
  facet normal 0 0 1
    outer loop
      vertex 28.2000 18.0000 5.6000
      vertex 25.0500 19.8500 5.6000
      vertex 25.0500 16.1500 5.6000
    endloop
  endfacet
  facet normal 0 0 -1
    outer loop
      vertex 28.2000 18.0000 3.3500
      vertex 25.0500 16.1500 3.3500
      vertex 25.0500 19.8500 3.3500
    endloop
  endfacet
  facet normal -0.9876883405951379 -0.15643446504023042 0
    outer loop
      vertex 25.0500 16.1500 3.3500
      vertex 25.1136 15.7483 3.3500
      vertex 25.1136 15.7483 5.6000
    endloop
  endfacet
  facet normal -0.9876883405951379 -0.15643446504023042 0
    outer loop
      vertex 25.0500 16.1500 3.3500
      vertex 25.1136 15.7483 5.6000
      vertex 25.0500 16.1500 5.6000
    endloop
  endfacet
  facet normal 0 0 1
    outer loop
      vertex 28.2000 18.0000 5.6000
      vertex 25.0500 16.1500 5.6000
      vertex 25.1136 15.7483 5.6000
    endloop
  endfacet
  facet normal 0 0 -1
    outer loop
      vertex 28.2000 18.0000 3.3500
      vertex 25.1136 15.7483 3.3500
      vertex 25.0500 16.1500 3.3500
    endloop
  endfacet
  facet normal -0.8910065241883656 -0.45399049973955125 0
    outer loop
      vertex 25.1136 15.7483 3.3500
      vertex 25.2983 15.3859 3.3500
      vertex 25.2983 15.3859 5.6000
    endloop
  endfacet
  facet normal -0.8910065241883656 -0.45399049973955125 0
    outer loop
      vertex 25.1136 15.7483 3.3500
      vertex 25.2983 15.3859 5.6000
      vertex 25.1136 15.7483 5.6000
    endloop
  endfacet
  facet normal 0 0 1
    outer loop
      vertex 28.2000 18.0000 5.6000
      vertex 25.1136 15.7483 5.6000
      vertex 25.2983 15.3859 5.6000
    endloop
  endfacet
  facet normal 0 0 -1
    outer loop
      vertex 28.2000 18.0000 3.3500
      vertex 25.2983 15.3859 3.3500
      vertex 25.1136 15.7483 3.3500
    endloop
  endfacet
  facet normal -0.7071067811865475 -0.7071067811865475 0
    outer loop
      vertex 25.2983 15.3859 3.3500
      vertex 25.5859 15.0983 3.3500
      vertex 25.5859 15.0983 5.6000
    endloop
  endfacet
  facet normal -0.7071067811865475 -0.7071067811865475 0
    outer loop
      vertex 25.2983 15.3859 3.3500
      vertex 25.5859 15.0983 5.6000
      vertex 25.2983 15.3859 5.6000
    endloop
  endfacet
  facet normal 0 0 1
    outer loop
      vertex 28.2000 18.0000 5.6000
      vertex 25.2983 15.3859 5.6000
      vertex 25.5859 15.0983 5.6000
    endloop
  endfacet
  facet normal 0 0 -1
    outer loop
      vertex 28.2000 18.0000 3.3500
      vertex 25.5859 15.0983 3.3500
      vertex 25.2983 15.3859 3.3500
    endloop
  endfacet
  facet normal -0.45399049973955125 -0.8910065241883656 0
    outer loop
      vertex 25.5859 15.0983 3.3500
      vertex 25.9483 14.9136 3.3500
      vertex 25.9483 14.9136 5.6000
    endloop
  endfacet
  facet normal -0.45399049973955125 -0.8910065241883656 0
    outer loop
      vertex 25.5859 15.0983 3.3500
      vertex 25.9483 14.9136 5.6000
      vertex 25.5859 15.0983 5.6000
    endloop
  endfacet
  facet normal 0 0 1
    outer loop
      vertex 28.2000 18.0000 5.6000
      vertex 25.5859 15.0983 5.6000
      vertex 25.9483 14.9136 5.6000
    endloop
  endfacet
  facet normal 0 0 -1
    outer loop
      vertex 28.2000 18.0000 3.3500
      vertex 25.9483 14.9136 3.3500
      vertex 25.5859 15.0983 3.3500
    endloop
  endfacet
  facet normal -0.15643446504023042 -0.9876883405951379 0
    outer loop
      vertex 25.9483 14.9136 3.3500
      vertex 26.3500 14.8500 3.3500
      vertex 26.3500 14.8500 5.6000
    endloop
  endfacet
  facet normal -0.15643446504023042 -0.9876883405951379 0
    outer loop
      vertex 25.9483 14.9136 3.3500
      vertex 26.3500 14.8500 5.6000
      vertex 25.9483 14.9136 5.6000
    endloop
  endfacet
  facet normal 0 0 1
    outer loop
      vertex 28.2000 18.0000 5.6000
      vertex 25.9483 14.9136 5.6000
      vertex 26.3500 14.8500 5.6000
    endloop
  endfacet
  facet normal 0 0 -1
    outer loop
      vertex 28.2000 18.0000 3.3500
      vertex 26.3500 14.8500 3.3500
      vertex 25.9483 14.9136 3.3500
    endloop
  endfacet
  facet normal 0 -1 0
    outer loop
      vertex 26.3500 14.8500 3.3500
      vertex 30.0500 14.8500 3.3500
      vertex 30.0500 14.8500 5.6000
    endloop
  endfacet
  facet normal 0 -1 0
    outer loop
      vertex 26.3500 14.8500 3.3500
      vertex 30.0500 14.8500 5.6000
      vertex 26.3500 14.8500 5.6000
    endloop
  endfacet
  facet normal 0 0 1
    outer loop
      vertex 28.2000 18.0000 5.6000
      vertex 26.3500 14.8500 5.6000
      vertex 30.0500 14.8500 5.6000
    endloop
  endfacet
  facet normal 0 0 -1
    outer loop
      vertex 28.2000 18.0000 3.3500
      vertex 30.0500 14.8500 3.3500
      vertex 26.3500 14.8500 3.3500
    endloop
  endfacet
  facet normal 0.15643446504023042 -0.9876883405951379 0
    outer loop
      vertex 30.0500 14.8500 3.3500
      vertex 30.4517 14.9136 3.3500
      vertex 30.4517 14.9136 5.6000
    endloop
  endfacet
  facet normal 0.15643446504023042 -0.9876883405951379 0
    outer loop
      vertex 30.0500 14.8500 3.3500
      vertex 30.4517 14.9136 5.6000
      vertex 30.0500 14.8500 5.6000
    endloop
  endfacet
  facet normal 0 0 1
    outer loop
      vertex 28.2000 18.0000 5.6000
      vertex 30.0500 14.8500 5.6000
      vertex 30.4517 14.9136 5.6000
    endloop
  endfacet
  facet normal 0 0 -1
    outer loop
      vertex 28.2000 18.0000 3.3500
      vertex 30.4517 14.9136 3.3500
      vertex 30.0500 14.8500 3.3500
    endloop
  endfacet
  facet normal 0.45399049973955125 -0.8910065241883656 0
    outer loop
      vertex 30.4517 14.9136 3.3500
      vertex 30.8141 15.0983 3.3500
      vertex 30.8141 15.0983 5.6000
    endloop
  endfacet
  facet normal 0.45399049973955125 -0.8910065241883656 0
    outer loop
      vertex 30.4517 14.9136 3.3500
      vertex 30.8141 15.0983 5.6000
      vertex 30.4517 14.9136 5.6000
    endloop
  endfacet
  facet normal 0 0 1
    outer loop
      vertex 28.2000 18.0000 5.6000
      vertex 30.4517 14.9136 5.6000
      vertex 30.8141 15.0983 5.6000
    endloop
  endfacet
  facet normal 0 0 -1
    outer loop
      vertex 28.2000 18.0000 3.3500
      vertex 30.8141 15.0983 3.3500
      vertex 30.4517 14.9136 3.3500
    endloop
  endfacet
  facet normal 0.7071067811865454 -0.7071067811865497 0
    outer loop
      vertex 30.8141 15.0983 3.3500
      vertex 31.1017 15.3859 3.3500
      vertex 31.1017 15.3859 5.6000
    endloop
  endfacet
  facet normal 0.7071067811865454 -0.7071067811865497 0
    outer loop
      vertex 30.8141 15.0983 3.3500
      vertex 31.1017 15.3859 5.6000
      vertex 30.8141 15.0983 5.6000
    endloop
  endfacet
  facet normal 0 0 1
    outer loop
      vertex 28.2000 18.0000 5.6000
      vertex 30.8141 15.0983 5.6000
      vertex 31.1017 15.3859 5.6000
    endloop
  endfacet
  facet normal 0 0 -1
    outer loop
      vertex 28.2000 18.0000 3.3500
      vertex 31.1017 15.3859 3.3500
      vertex 30.8141 15.0983 3.3500
    endloop
  endfacet
  facet normal 0.8910065241883665 -0.4539904997395495 0
    outer loop
      vertex 31.1017 15.3859 3.3500
      vertex 31.2864 15.7483 3.3500
      vertex 31.2864 15.7483 5.6000
    endloop
  endfacet
  facet normal 0.8910065241883665 -0.4539904997395495 0
    outer loop
      vertex 31.1017 15.3859 3.3500
      vertex 31.2864 15.7483 5.6000
      vertex 31.1017 15.3859 5.6000
    endloop
  endfacet
  facet normal 0 0 1
    outer loop
      vertex 28.2000 18.0000 5.6000
      vertex 31.1017 15.3859 5.6000
      vertex 31.2864 15.7483 5.6000
    endloop
  endfacet
  facet normal 0 0 -1
    outer loop
      vertex 28.2000 18.0000 3.3500
      vertex 31.2864 15.7483 3.3500
      vertex 31.1017 15.3859 3.3500
    endloop
  endfacet
  facet normal 0.9876883405951379 -0.15643446504023042 0
    outer loop
      vertex 31.2864 15.7483 3.3500
      vertex 31.3500 16.1500 3.3500
      vertex 31.3500 16.1500 5.6000
    endloop
  endfacet
  facet normal 0.9876883405951379 -0.15643446504023042 0
    outer loop
      vertex 31.2864 15.7483 3.3500
      vertex 31.3500 16.1500 5.6000
      vertex 31.2864 15.7483 5.6000
    endloop
  endfacet
  facet normal 0 0 1
    outer loop
      vertex 28.2000 18.0000 5.6000
      vertex 31.2864 15.7483 5.6000
      vertex 31.3500 16.1500 5.6000
    endloop
  endfacet
  facet normal 0 0 -1
    outer loop
      vertex 28.2000 18.0000 3.3500
      vertex 31.3500 16.1500 3.3500
      vertex 31.2864 15.7483 3.3500
    endloop
  endfacet
  facet normal 1 0 0
    outer loop
      vertex 31.3500 16.1500 3.3500
      vertex 31.3500 19.8500 3.3500
      vertex 31.3500 19.8500 5.6000
    endloop
  endfacet
  facet normal 1 0 0
    outer loop
      vertex 31.3500 16.1500 3.3500
      vertex 31.3500 19.8500 5.6000
      vertex 31.3500 16.1500 5.6000
    endloop
  endfacet
  facet normal 0 0 1
    outer loop
      vertex 28.2000 18.0000 5.6000
      vertex 31.3500 16.1500 5.6000
      vertex 31.3500 19.8500 5.6000
    endloop
  endfacet
  facet normal 0 0 -1
    outer loop
      vertex 28.2000 18.0000 3.3500
      vertex 31.3500 19.8500 3.3500
      vertex 31.3500 16.1500 3.3500
    endloop
  endfacet
  facet normal 0.9876883405951371 0.15643446504023467 0
    outer loop
      vertex 14.9500 11.6500 3.3500
      vertex 14.8864 12.0517 3.3500
      vertex 14.8864 12.0517 5.6000
    endloop
  endfacet
  facet normal 0.9876883405951371 0.15643446504023467 0
    outer loop
      vertex 14.9500 11.6500 3.3500
      vertex 14.8864 12.0517 5.6000
      vertex 14.9500 11.6500 5.6000
    endloop
  endfacet
  facet normal 0 0 1
    outer loop
      vertex 11.8000 9.8000 5.6000
      vertex 14.9500 11.6500 5.6000
      vertex 14.8864 12.0517 5.6000
    endloop
  endfacet
  facet normal 0 0 -1
    outer loop
      vertex 11.8000 9.8000 3.3500
      vertex 14.8864 12.0517 3.3500
      vertex 14.9500 11.6500 3.3500
    endloop
  endfacet
  facet normal 0.8910065241883691 0.45399049973954436 0
    outer loop
      vertex 14.8864 12.0517 3.3500
      vertex 14.7017 12.4141 3.3500
      vertex 14.7017 12.4141 5.6000
    endloop
  endfacet
  facet normal 0.8910065241883691 0.45399049973954436 0
    outer loop
      vertex 14.8864 12.0517 3.3500
      vertex 14.7017 12.4141 5.6000
      vertex 14.8864 12.0517 5.6000
    endloop
  endfacet
  facet normal 0 0 1
    outer loop
      vertex 11.8000 9.8000 5.6000
      vertex 14.8864 12.0517 5.6000
      vertex 14.7017 12.4141 5.6000
    endloop
  endfacet
  facet normal 0 0 -1
    outer loop
      vertex 11.8000 9.8000 3.3500
      vertex 14.7017 12.4141 3.3500
      vertex 14.8864 12.0517 3.3500
    endloop
  endfacet
  facet normal 0.7071067811865475 0.7071067811865475 0
    outer loop
      vertex 14.7017 12.4141 3.3500
      vertex 14.4141 12.7017 3.3500
      vertex 14.4141 12.7017 5.6000
    endloop
  endfacet
  facet normal 0.7071067811865475 0.7071067811865475 0
    outer loop
      vertex 14.7017 12.4141 3.3500
      vertex 14.4141 12.7017 5.6000
      vertex 14.7017 12.4141 5.6000
    endloop
  endfacet
  facet normal 0 0 1
    outer loop
      vertex 11.8000 9.8000 5.6000
      vertex 14.7017 12.4141 5.6000
      vertex 14.4141 12.7017 5.6000
    endloop
  endfacet
  facet normal 0 0 -1
    outer loop
      vertex 11.8000 9.8000 3.3500
      vertex 14.4141 12.7017 3.3500
      vertex 14.7017 12.4141 3.3500
    endloop
  endfacet
  facet normal 0.45399049973954436 0.8910065241883691 0
    outer loop
      vertex 14.4141 12.7017 3.3500
      vertex 14.0517 12.8864 3.3500
      vertex 14.0517 12.8864 5.6000
    endloop
  endfacet
  facet normal 0.45399049973954436 0.8910065241883691 0
    outer loop
      vertex 14.4141 12.7017 3.3500
      vertex 14.0517 12.8864 5.6000
      vertex 14.4141 12.7017 5.6000
    endloop
  endfacet
  facet normal 0 0 1
    outer loop
      vertex 11.8000 9.8000 5.6000
      vertex 14.4141 12.7017 5.6000
      vertex 14.0517 12.8864 5.6000
    endloop
  endfacet
  facet normal 0 0 -1
    outer loop
      vertex 11.8000 9.8000 3.3500
      vertex 14.0517 12.8864 3.3500
      vertex 14.4141 12.7017 3.3500
    endloop
  endfacet
  facet normal 0.15643446504023467 0.9876883405951371 0
    outer loop
      vertex 14.0517 12.8864 3.3500
      vertex 13.6500 12.9500 3.3500
      vertex 13.6500 12.9500 5.6000
    endloop
  endfacet
  facet normal 0.15643446504023467 0.9876883405951371 0
    outer loop
      vertex 14.0517 12.8864 3.3500
      vertex 13.6500 12.9500 5.6000
      vertex 14.0517 12.8864 5.6000
    endloop
  endfacet
  facet normal 0 0 1
    outer loop
      vertex 11.8000 9.8000 5.6000
      vertex 14.0517 12.8864 5.6000
      vertex 13.6500 12.9500 5.6000
    endloop
  endfacet
  facet normal 0 0 -1
    outer loop
      vertex 11.8000 9.8000 3.3500
      vertex 13.6500 12.9500 3.3500
      vertex 14.0517 12.8864 3.3500
    endloop
  endfacet
  facet normal 0 1 0
    outer loop
      vertex 13.6500 12.9500 3.3500
      vertex 9.9500 12.9500 3.3500
      vertex 9.9500 12.9500 5.6000
    endloop
  endfacet
  facet normal 0 1 0
    outer loop
      vertex 13.6500 12.9500 3.3500
      vertex 9.9500 12.9500 5.6000
      vertex 13.6500 12.9500 5.6000
    endloop
  endfacet
  facet normal 0 0 1
    outer loop
      vertex 11.8000 9.8000 5.6000
      vertex 13.6500 12.9500 5.6000
      vertex 9.9500 12.9500 5.6000
    endloop
  endfacet
  facet normal 0 0 -1
    outer loop
      vertex 11.8000 9.8000 3.3500
      vertex 9.9500 12.9500 3.3500
      vertex 13.6500 12.9500 3.3500
    endloop
  endfacet
  facet normal -0.15643446504023042 0.9876883405951379 0
    outer loop
      vertex 9.9500 12.9500 3.3500
      vertex 9.5483 12.8864 3.3500
      vertex 9.5483 12.8864 5.6000
    endloop
  endfacet
  facet normal -0.15643446504023042 0.9876883405951379 0
    outer loop
      vertex 9.9500 12.9500 3.3500
      vertex 9.5483 12.8864 5.6000
      vertex 9.9500 12.9500 5.6000
    endloop
  endfacet
  facet normal 0 0 1
    outer loop
      vertex 11.8000 9.8000 5.6000
      vertex 9.9500 12.9500 5.6000
      vertex 9.5483 12.8864 5.6000
    endloop
  endfacet
  facet normal 0 0 -1
    outer loop
      vertex 11.8000 9.8000 3.3500
      vertex 9.5483 12.8864 3.3500
      vertex 9.9500 12.9500 3.3500
    endloop
  endfacet
  facet normal -0.4539904997395478 0.8910065241883673 0
    outer loop
      vertex 9.5483 12.8864 3.3500
      vertex 9.1859 12.7017 3.3500
      vertex 9.1859 12.7017 5.6000
    endloop
  endfacet
  facet normal -0.4539904997395478 0.8910065241883673 0
    outer loop
      vertex 9.5483 12.8864 3.3500
      vertex 9.1859 12.7017 5.6000
      vertex 9.5483 12.8864 5.6000
    endloop
  endfacet
  facet normal 0 0 1
    outer loop
      vertex 11.8000 9.8000 5.6000
      vertex 9.5483 12.8864 5.6000
      vertex 9.1859 12.7017 5.6000
    endloop
  endfacet
  facet normal 0 0 -1
    outer loop
      vertex 11.8000 9.8000 3.3500
      vertex 9.1859 12.7017 3.3500
      vertex 9.5483 12.8864 3.3500
    endloop
  endfacet
  facet normal -0.7071067811865475 0.7071067811865475 0
    outer loop
      vertex 9.1859 12.7017 3.3500
      vertex 8.8983 12.4141 3.3500
      vertex 8.8983 12.4141 5.6000
    endloop
  endfacet
  facet normal -0.7071067811865475 0.7071067811865475 0
    outer loop
      vertex 9.1859 12.7017 3.3500
      vertex 8.8983 12.4141 5.6000
      vertex 9.1859 12.7017 5.6000
    endloop
  endfacet
  facet normal 0 0 1
    outer loop
      vertex 11.8000 9.8000 5.6000
      vertex 9.1859 12.7017 5.6000
      vertex 8.8983 12.4141 5.6000
    endloop
  endfacet
  facet normal 0 0 -1
    outer loop
      vertex 11.8000 9.8000 3.3500
      vertex 8.8983 12.4141 3.3500
      vertex 9.1859 12.7017 3.3500
    endloop
  endfacet
  facet normal -0.8910065241883682 0.453990499739546 0
    outer loop
      vertex 8.8983 12.4141 3.3500
      vertex 8.7136 12.0517 3.3500
      vertex 8.7136 12.0517 5.6000
    endloop
  endfacet
  facet normal -0.8910065241883682 0.453990499739546 0
    outer loop
      vertex 8.8983 12.4141 3.3500
      vertex 8.7136 12.0517 5.6000
      vertex 8.8983 12.4141 5.6000
    endloop
  endfacet
  facet normal 0 0 1
    outer loop
      vertex 11.8000 9.8000 5.6000
      vertex 8.8983 12.4141 5.6000
      vertex 8.7136 12.0517 5.6000
    endloop
  endfacet
  facet normal 0 0 -1
    outer loop
      vertex 11.8000 9.8000 3.3500
      vertex 8.7136 12.0517 3.3500
      vertex 8.8983 12.4141 3.3500
    endloop
  endfacet
  facet normal -0.9876883405951371 0.15643446504023467 0
    outer loop
      vertex 8.7136 12.0517 3.3500
      vertex 8.6500 11.6500 3.3500
      vertex 8.6500 11.6500 5.6000
    endloop
  endfacet
  facet normal -0.9876883405951371 0.15643446504023467 0
    outer loop
      vertex 8.7136 12.0517 3.3500
      vertex 8.6500 11.6500 5.6000
      vertex 8.7136 12.0517 5.6000
    endloop
  endfacet
  facet normal 0 0 1
    outer loop
      vertex 11.8000 9.8000 5.6000
      vertex 8.7136 12.0517 5.6000
      vertex 8.6500 11.6500 5.6000
    endloop
  endfacet
  facet normal 0 0 -1
    outer loop
      vertex 11.8000 9.8000 3.3500
      vertex 8.6500 11.6500 3.3500
      vertex 8.7136 12.0517 3.3500
    endloop
  endfacet
  facet normal -1 0 0
    outer loop
      vertex 8.6500 11.6500 3.3500
      vertex 8.6500 7.9500 3.3500
      vertex 8.6500 7.9500 5.6000
    endloop
  endfacet
  facet normal -1 0 0
    outer loop
      vertex 8.6500 11.6500 3.3500
      vertex 8.6500 7.9500 5.6000
      vertex 8.6500 11.6500 5.6000
    endloop
  endfacet
  facet normal 0 0 1
    outer loop
      vertex 11.8000 9.8000 5.6000
      vertex 8.6500 11.6500 5.6000
      vertex 8.6500 7.9500 5.6000
    endloop
  endfacet
  facet normal 0 0 -1
    outer loop
      vertex 11.8000 9.8000 3.3500
      vertex 8.6500 7.9500 3.3500
      vertex 8.6500 11.6500 3.3500
    endloop
  endfacet
  facet normal -0.9876883405951378 -0.15643446504023076 0
    outer loop
      vertex 8.6500 7.9500 3.3500
      vertex 8.7136 7.5483 3.3500
      vertex 8.7136 7.5483 5.6000
    endloop
  endfacet
  facet normal -0.9876883405951378 -0.15643446504023076 0
    outer loop
      vertex 8.6500 7.9500 3.3500
      vertex 8.7136 7.5483 5.6000
      vertex 8.6500 7.9500 5.6000
    endloop
  endfacet
  facet normal 0 0 1
    outer loop
      vertex 11.8000 9.8000 5.6000
      vertex 8.6500 7.9500 5.6000
      vertex 8.7136 7.5483 5.6000
    endloop
  endfacet
  facet normal 0 0 -1
    outer loop
      vertex 11.8000 9.8000 3.3500
      vertex 8.7136 7.5483 3.3500
      vertex 8.6500 7.9500 3.3500
    endloop
  endfacet
  facet normal -0.8910065241883682 -0.453990499739546 0
    outer loop
      vertex 8.7136 7.5483 3.3500
      vertex 8.8983 7.1859 3.3500
      vertex 8.8983 7.1859 5.6000
    endloop
  endfacet
  facet normal -0.8910065241883682 -0.453990499739546 0
    outer loop
      vertex 8.7136 7.5483 3.3500
      vertex 8.8983 7.1859 5.6000
      vertex 8.7136 7.5483 5.6000
    endloop
  endfacet
  facet normal 0 0 1
    outer loop
      vertex 11.8000 9.8000 5.6000
      vertex 8.7136 7.5483 5.6000
      vertex 8.8983 7.1859 5.6000
    endloop
  endfacet
  facet normal 0 0 -1
    outer loop
      vertex 11.8000 9.8000 3.3500
      vertex 8.8983 7.1859 3.3500
      vertex 8.7136 7.5483 3.3500
    endloop
  endfacet
  facet normal -0.7071067811865475 -0.7071067811865475 0
    outer loop
      vertex 8.8983 7.1859 3.3500
      vertex 9.1859 6.8983 3.3500
      vertex 9.1859 6.8983 5.6000
    endloop
  endfacet
  facet normal -0.7071067811865475 -0.7071067811865475 0
    outer loop
      vertex 8.8983 7.1859 3.3500
      vertex 9.1859 6.8983 5.6000
      vertex 8.8983 7.1859 5.6000
    endloop
  endfacet
  facet normal 0 0 1
    outer loop
      vertex 11.8000 9.8000 5.6000
      vertex 8.8983 7.1859 5.6000
      vertex 9.1859 6.8983 5.6000
    endloop
  endfacet
  facet normal 0 0 -1
    outer loop
      vertex 11.8000 9.8000 3.3500
      vertex 9.1859 6.8983 3.3500
      vertex 8.8983 7.1859 3.3500
    endloop
  endfacet
  facet normal -0.453990499739546 -0.8910065241883682 0
    outer loop
      vertex 9.1859 6.8983 3.3500
      vertex 9.5483 6.7136 3.3500
      vertex 9.5483 6.7136 5.6000
    endloop
  endfacet
  facet normal -0.453990499739546 -0.8910065241883682 0
    outer loop
      vertex 9.1859 6.8983 3.3500
      vertex 9.5483 6.7136 5.6000
      vertex 9.1859 6.8983 5.6000
    endloop
  endfacet
  facet normal 0 0 1
    outer loop
      vertex 11.8000 9.8000 5.6000
      vertex 9.1859 6.8983 5.6000
      vertex 9.5483 6.7136 5.6000
    endloop
  endfacet
  facet normal 0 0 -1
    outer loop
      vertex 11.8000 9.8000 3.3500
      vertex 9.5483 6.7136 3.3500
      vertex 9.1859 6.8983 3.3500
    endloop
  endfacet
  facet normal -0.15643446504023042 -0.9876883405951379 0
    outer loop
      vertex 9.5483 6.7136 3.3500
      vertex 9.9500 6.6500 3.3500
      vertex 9.9500 6.6500 5.6000
    endloop
  endfacet
  facet normal -0.15643446504023042 -0.9876883405951379 0
    outer loop
      vertex 9.5483 6.7136 3.3500
      vertex 9.9500 6.6500 5.6000
      vertex 9.5483 6.7136 5.6000
    endloop
  endfacet
  facet normal 0 0 1
    outer loop
      vertex 11.8000 9.8000 5.6000
      vertex 9.5483 6.7136 5.6000
      vertex 9.9500 6.6500 5.6000
    endloop
  endfacet
  facet normal 0 0 -1
    outer loop
      vertex 11.8000 9.8000 3.3500
      vertex 9.9500 6.6500 3.3500
      vertex 9.5483 6.7136 3.3500
    endloop
  endfacet
  facet normal 0 -1 0
    outer loop
      vertex 9.9500 6.6500 3.3500
      vertex 13.6500 6.6500 3.3500
      vertex 13.6500 6.6500 5.6000
    endloop
  endfacet
  facet normal 0 -1 0
    outer loop
      vertex 9.9500 6.6500 3.3500
      vertex 13.6500 6.6500 5.6000
      vertex 9.9500 6.6500 5.6000
    endloop
  endfacet
  facet normal 0 0 1
    outer loop
      vertex 11.8000 9.8000 5.6000
      vertex 9.9500 6.6500 5.6000
      vertex 13.6500 6.6500 5.6000
    endloop
  endfacet
  facet normal 0 0 -1
    outer loop
      vertex 11.8000 9.8000 3.3500
      vertex 13.6500 6.6500 3.3500
      vertex 9.9500 6.6500 3.3500
    endloop
  endfacet
  facet normal 0.15643446504023106 -0.9876883405951375 0
    outer loop
      vertex 13.6500 6.6500 3.3500
      vertex 14.0517 6.7136 3.3500
      vertex 14.0517 6.7136 5.6000
    endloop
  endfacet
  facet normal 0.15643446504023106 -0.9876883405951375 0
    outer loop
      vertex 13.6500 6.6500 3.3500
      vertex 14.0517 6.7136 5.6000
      vertex 13.6500 6.6500 5.6000
    endloop
  endfacet
  facet normal 0 0 1
    outer loop
      vertex 11.8000 9.8000 5.6000
      vertex 13.6500 6.6500 5.6000
      vertex 14.0517 6.7136 5.6000
    endloop
  endfacet
  facet normal 0 0 -1
    outer loop
      vertex 11.8000 9.8000 3.3500
      vertex 14.0517 6.7136 3.3500
      vertex 13.6500 6.6500 3.3500
    endloop
  endfacet
  facet normal 0.453990499739546 -0.8910065241883682 0
    outer loop
      vertex 14.0517 6.7136 3.3500
      vertex 14.4141 6.8983 3.3500
      vertex 14.4141 6.8983 5.6000
    endloop
  endfacet
  facet normal 0.453990499739546 -0.8910065241883682 0
    outer loop
      vertex 14.0517 6.7136 3.3500
      vertex 14.4141 6.8983 5.6000
      vertex 14.0517 6.7136 5.6000
    endloop
  endfacet
  facet normal 0 0 1
    outer loop
      vertex 11.8000 9.8000 5.6000
      vertex 14.0517 6.7136 5.6000
      vertex 14.4141 6.8983 5.6000
    endloop
  endfacet
  facet normal 0 0 -1
    outer loop
      vertex 11.8000 9.8000 3.3500
      vertex 14.4141 6.8983 3.3500
      vertex 14.0517 6.7136 3.3500
    endloop
  endfacet
  facet normal 0.7071067811865475 -0.7071067811865475 0
    outer loop
      vertex 14.4141 6.8983 3.3500
      vertex 14.7017 7.1859 3.3500
      vertex 14.7017 7.1859 5.6000
    endloop
  endfacet
  facet normal 0.7071067811865475 -0.7071067811865475 0
    outer loop
      vertex 14.4141 6.8983 3.3500
      vertex 14.7017 7.1859 5.6000
      vertex 14.4141 6.8983 5.6000
    endloop
  endfacet
  facet normal 0 0 1
    outer loop
      vertex 11.8000 9.8000 5.6000
      vertex 14.4141 6.8983 5.6000
      vertex 14.7017 7.1859 5.6000
    endloop
  endfacet
  facet normal 0 0 -1
    outer loop
      vertex 11.8000 9.8000 3.3500
      vertex 14.7017 7.1859 3.3500
      vertex 14.4141 6.8983 3.3500
    endloop
  endfacet
  facet normal 0.8910065241883677 -0.45399049973954686 0
    outer loop
      vertex 14.7017 7.1859 3.3500
      vertex 14.8864 7.5483 3.3500
      vertex 14.8864 7.5483 5.6000
    endloop
  endfacet
  facet normal 0.8910065241883677 -0.45399049973954686 0
    outer loop
      vertex 14.7017 7.1859 3.3500
      vertex 14.8864 7.5483 5.6000
      vertex 14.7017 7.1859 5.6000
    endloop
  endfacet
  facet normal 0 0 1
    outer loop
      vertex 11.8000 9.8000 5.6000
      vertex 14.7017 7.1859 5.6000
      vertex 14.8864 7.5483 5.6000
    endloop
  endfacet
  facet normal 0 0 -1
    outer loop
      vertex 11.8000 9.8000 3.3500
      vertex 14.8864 7.5483 3.3500
      vertex 14.7017 7.1859 3.3500
    endloop
  endfacet
  facet normal 0.9876883405951371 -0.15643446504023467 0
    outer loop
      vertex 14.8864 7.5483 3.3500
      vertex 14.9500 7.9500 3.3500
      vertex 14.9500 7.9500 5.6000
    endloop
  endfacet
  facet normal 0.9876883405951371 -0.15643446504023467 0
    outer loop
      vertex 14.8864 7.5483 3.3500
      vertex 14.9500 7.9500 5.6000
      vertex 14.8864 7.5483 5.6000
    endloop
  endfacet
  facet normal 0 0 1
    outer loop
      vertex 11.8000 9.8000 5.6000
      vertex 14.8864 7.5483 5.6000
      vertex 14.9500 7.9500 5.6000
    endloop
  endfacet
  facet normal 0 0 -1
    outer loop
      vertex 11.8000 9.8000 3.3500
      vertex 14.9500 7.9500 3.3500
      vertex 14.8864 7.5483 3.3500
    endloop
  endfacet
  facet normal 1 0 0
    outer loop
      vertex 14.9500 7.9500 3.3500
      vertex 14.9500 11.6500 3.3500
      vertex 14.9500 11.6500 5.6000
    endloop
  endfacet
  facet normal 1 0 0
    outer loop
      vertex 14.9500 7.9500 3.3500
      vertex 14.9500 11.6500 5.6000
      vertex 14.9500 7.9500 5.6000
    endloop
  endfacet
  facet normal 0 0 1
    outer loop
      vertex 11.8000 9.8000 5.6000
      vertex 14.9500 7.9500 5.6000
      vertex 14.9500 11.6500 5.6000
    endloop
  endfacet
  facet normal 0 0 -1
    outer loop
      vertex 11.8000 9.8000 3.3500
      vertex 14.9500 11.6500 3.3500
      vertex 14.9500 7.9500 3.3500
    endloop
  endfacet
  facet normal 0.9876883405951379 0.15643446504023042 0
    outer loop
      vertex 23.1500 11.6500 3.3500
      vertex 23.0864 12.0517 3.3500
      vertex 23.0864 12.0517 5.6000
    endloop
  endfacet
  facet normal 0.9876883405951379 0.15643446504023042 0
    outer loop
      vertex 23.1500 11.6500 3.3500
      vertex 23.0864 12.0517 5.6000
      vertex 23.1500 11.6500 5.6000
    endloop
  endfacet
  facet normal 0 0 1
    outer loop
      vertex 20.0000 9.8000 5.6000
      vertex 23.1500 11.6500 5.6000
      vertex 23.0864 12.0517 5.6000
    endloop
  endfacet
  facet normal 0 0 -1
    outer loop
      vertex 20.0000 9.8000 3.3500
      vertex 23.0864 12.0517 3.3500
      vertex 23.1500 11.6500 3.3500
    endloop
  endfacet
  facet normal 0.8910065241883656 0.45399049973955125 0
    outer loop
      vertex 23.0864 12.0517 3.3500
      vertex 22.9017 12.4141 3.3500
      vertex 22.9017 12.4141 5.6000
    endloop
  endfacet
  facet normal 0.8910065241883656 0.45399049973955125 0
    outer loop
      vertex 23.0864 12.0517 3.3500
      vertex 22.9017 12.4141 5.6000
      vertex 23.0864 12.0517 5.6000
    endloop
  endfacet
  facet normal 0 0 1
    outer loop
      vertex 20.0000 9.8000 5.6000
      vertex 23.0864 12.0517 5.6000
      vertex 22.9017 12.4141 5.6000
    endloop
  endfacet
  facet normal 0 0 -1
    outer loop
      vertex 20.0000 9.8000 3.3500
      vertex 22.9017 12.4141 3.3500
      vertex 23.0864 12.0517 3.3500
    endloop
  endfacet
  facet normal 0.7071067811865497 0.7071067811865454 0
    outer loop
      vertex 22.9017 12.4141 3.3500
      vertex 22.6141 12.7017 3.3500
      vertex 22.6141 12.7017 5.6000
    endloop
  endfacet
  facet normal 0.7071067811865497 0.7071067811865454 0
    outer loop
      vertex 22.9017 12.4141 3.3500
      vertex 22.6141 12.7017 5.6000
      vertex 22.9017 12.4141 5.6000
    endloop
  endfacet
  facet normal 0 0 1
    outer loop
      vertex 20.0000 9.8000 5.6000
      vertex 22.9017 12.4141 5.6000
      vertex 22.6141 12.7017 5.6000
    endloop
  endfacet
  facet normal 0 0 -1
    outer loop
      vertex 20.0000 9.8000 3.3500
      vertex 22.6141 12.7017 3.3500
      vertex 22.9017 12.4141 3.3500
    endloop
  endfacet
  facet normal 0.45399049973954436 0.8910065241883691 0
    outer loop
      vertex 22.6141 12.7017 3.3500
      vertex 22.2517 12.8864 3.3500
      vertex 22.2517 12.8864 5.6000
    endloop
  endfacet
  facet normal 0.45399049973954436 0.8910065241883691 0
    outer loop
      vertex 22.6141 12.7017 3.3500
      vertex 22.2517 12.8864 5.6000
      vertex 22.6141 12.7017 5.6000
    endloop
  endfacet
  facet normal 0 0 1
    outer loop
      vertex 20.0000 9.8000 5.6000
      vertex 22.6141 12.7017 5.6000
      vertex 22.2517 12.8864 5.6000
    endloop
  endfacet
  facet normal 0 0 -1
    outer loop
      vertex 20.0000 9.8000 3.3500
      vertex 22.2517 12.8864 3.3500
      vertex 22.6141 12.7017 3.3500
    endloop
  endfacet
  facet normal 0.15643446504023467 0.9876883405951371 0
    outer loop
      vertex 22.2517 12.8864 3.3500
      vertex 21.8500 12.9500 3.3500
      vertex 21.8500 12.9500 5.6000
    endloop
  endfacet
  facet normal 0.15643446504023467 0.9876883405951371 0
    outer loop
      vertex 22.2517 12.8864 3.3500
      vertex 21.8500 12.9500 5.6000
      vertex 22.2517 12.8864 5.6000
    endloop
  endfacet
  facet normal 0 0 1
    outer loop
      vertex 20.0000 9.8000 5.6000
      vertex 22.2517 12.8864 5.6000
      vertex 21.8500 12.9500 5.6000
    endloop
  endfacet
  facet normal 0 0 -1
    outer loop
      vertex 20.0000 9.8000 3.3500
      vertex 21.8500 12.9500 3.3500
      vertex 22.2517 12.8864 3.3500
    endloop
  endfacet
  facet normal 0 1 0
    outer loop
      vertex 21.8500 12.9500 3.3500
      vertex 18.1500 12.9500 3.3500
      vertex 18.1500 12.9500 5.6000
    endloop
  endfacet
  facet normal 0 1 0
    outer loop
      vertex 21.8500 12.9500 3.3500
      vertex 18.1500 12.9500 5.6000
      vertex 21.8500 12.9500 5.6000
    endloop
  endfacet
  facet normal 0 0 1
    outer loop
      vertex 20.0000 9.8000 5.6000
      vertex 21.8500 12.9500 5.6000
      vertex 18.1500 12.9500 5.6000
    endloop
  endfacet
  facet normal 0 0 -1
    outer loop
      vertex 20.0000 9.8000 3.3500
      vertex 18.1500 12.9500 3.3500
      vertex 21.8500 12.9500 3.3500
    endloop
  endfacet
  facet normal -0.15643446504023042 0.9876883405951379 0
    outer loop
      vertex 18.1500 12.9500 3.3500
      vertex 17.7483 12.8864 3.3500
      vertex 17.7483 12.8864 5.6000
    endloop
  endfacet
  facet normal -0.15643446504023042 0.9876883405951379 0
    outer loop
      vertex 18.1500 12.9500 3.3500
      vertex 17.7483 12.8864 5.6000
      vertex 18.1500 12.9500 5.6000
    endloop
  endfacet
  facet normal 0 0 1
    outer loop
      vertex 20.0000 9.8000 5.6000
      vertex 18.1500 12.9500 5.6000
      vertex 17.7483 12.8864 5.6000
    endloop
  endfacet
  facet normal 0 0 -1
    outer loop
      vertex 20.0000 9.8000 3.3500
      vertex 17.7483 12.8864 3.3500
      vertex 18.1500 12.9500 3.3500
    endloop
  endfacet
  facet normal -0.4539904997395478 0.8910065241883673 0
    outer loop
      vertex 17.7483 12.8864 3.3500
      vertex 17.3859 12.7017 3.3500
      vertex 17.3859 12.7017 5.6000
    endloop
  endfacet
  facet normal -0.4539904997395478 0.8910065241883673 0
    outer loop
      vertex 17.7483 12.8864 3.3500
      vertex 17.3859 12.7017 5.6000
      vertex 17.7483 12.8864 5.6000
    endloop
  endfacet
  facet normal 0 0 1
    outer loop
      vertex 20.0000 9.8000 5.6000
      vertex 17.7483 12.8864 5.6000
      vertex 17.3859 12.7017 5.6000
    endloop
  endfacet
  facet normal 0 0 -1
    outer loop
      vertex 20.0000 9.8000 3.3500
      vertex 17.3859 12.7017 3.3500
      vertex 17.7483 12.8864 3.3500
    endloop
  endfacet
  facet normal -0.7071067811865475 0.7071067811865475 0
    outer loop
      vertex 17.3859 12.7017 3.3500
      vertex 17.0983 12.4141 3.3500
      vertex 17.0983 12.4141 5.6000
    endloop
  endfacet
  facet normal -0.7071067811865475 0.7071067811865475 0
    outer loop
      vertex 17.3859 12.7017 3.3500
      vertex 17.0983 12.4141 5.6000
      vertex 17.3859 12.7017 5.6000
    endloop
  endfacet
  facet normal 0 0 1
    outer loop
      vertex 20.0000 9.8000 5.6000
      vertex 17.3859 12.7017 5.6000
      vertex 17.0983 12.4141 5.6000
    endloop
  endfacet
  facet normal 0 0 -1
    outer loop
      vertex 20.0000 9.8000 3.3500
      vertex 17.0983 12.4141 3.3500
      vertex 17.3859 12.7017 3.3500
    endloop
  endfacet
  facet normal -0.8910065241883665 0.4539904997395495 0
    outer loop
      vertex 17.0983 12.4141 3.3500
      vertex 16.9136 12.0517 3.3500
      vertex 16.9136 12.0517 5.6000
    endloop
  endfacet
  facet normal -0.8910065241883665 0.4539904997395495 0
    outer loop
      vertex 17.0983 12.4141 3.3500
      vertex 16.9136 12.0517 5.6000
      vertex 17.0983 12.4141 5.6000
    endloop
  endfacet
  facet normal 0 0 1
    outer loop
      vertex 20.0000 9.8000 5.6000
      vertex 17.0983 12.4141 5.6000
      vertex 16.9136 12.0517 5.6000
    endloop
  endfacet
  facet normal 0 0 -1
    outer loop
      vertex 20.0000 9.8000 3.3500
      vertex 16.9136 12.0517 3.3500
      vertex 17.0983 12.4141 3.3500
    endloop
  endfacet
  facet normal -0.9876883405951379 0.15643446504023042 0
    outer loop
      vertex 16.9136 12.0517 3.3500
      vertex 16.8500 11.6500 3.3500
      vertex 16.8500 11.6500 5.6000
    endloop
  endfacet
  facet normal -0.9876883405951379 0.15643446504023042 0
    outer loop
      vertex 16.9136 12.0517 3.3500
      vertex 16.8500 11.6500 5.6000
      vertex 16.9136 12.0517 5.6000
    endloop
  endfacet
  facet normal 0 0 1
    outer loop
      vertex 20.0000 9.8000 5.6000
      vertex 16.9136 12.0517 5.6000
      vertex 16.8500 11.6500 5.6000
    endloop
  endfacet
  facet normal 0 0 -1
    outer loop
      vertex 20.0000 9.8000 3.3500
      vertex 16.8500 11.6500 3.3500
      vertex 16.9136 12.0517 3.3500
    endloop
  endfacet
  facet normal -1 0 0
    outer loop
      vertex 16.8500 11.6500 3.3500
      vertex 16.8500 7.9500 3.3500
      vertex 16.8500 7.9500 5.6000
    endloop
  endfacet
  facet normal -1 0 0
    outer loop
      vertex 16.8500 11.6500 3.3500
      vertex 16.8500 7.9500 5.6000
      vertex 16.8500 11.6500 5.6000
    endloop
  endfacet
  facet normal 0 0 1
    outer loop
      vertex 20.0000 9.8000 5.6000
      vertex 16.8500 11.6500 5.6000
      vertex 16.8500 7.9500 5.6000
    endloop
  endfacet
  facet normal 0 0 -1
    outer loop
      vertex 20.0000 9.8000 3.3500
      vertex 16.8500 7.9500 3.3500
      vertex 16.8500 11.6500 3.3500
    endloop
  endfacet
  facet normal -0.9876883405951378 -0.15643446504023076 0
    outer loop
      vertex 16.8500 7.9500 3.3500
      vertex 16.9136 7.5483 3.3500
      vertex 16.9136 7.5483 5.6000
    endloop
  endfacet
  facet normal -0.9876883405951378 -0.15643446504023076 0
    outer loop
      vertex 16.8500 7.9500 3.3500
      vertex 16.9136 7.5483 5.6000
      vertex 16.8500 7.9500 5.6000
    endloop
  endfacet
  facet normal 0 0 1
    outer loop
      vertex 20.0000 9.8000 5.6000
      vertex 16.8500 7.9500 5.6000
      vertex 16.9136 7.5483 5.6000
    endloop
  endfacet
  facet normal 0 0 -1
    outer loop
      vertex 20.0000 9.8000 3.3500
      vertex 16.9136 7.5483 3.3500
      vertex 16.8500 7.9500 3.3500
    endloop
  endfacet
  facet normal -0.8910065241883665 -0.4539904997395495 0
    outer loop
      vertex 16.9136 7.5483 3.3500
      vertex 17.0983 7.1859 3.3500
      vertex 17.0983 7.1859 5.6000
    endloop
  endfacet
  facet normal -0.8910065241883665 -0.4539904997395495 0
    outer loop
      vertex 16.9136 7.5483 3.3500
      vertex 17.0983 7.1859 5.6000
      vertex 16.9136 7.5483 5.6000
    endloop
  endfacet
  facet normal 0 0 1
    outer loop
      vertex 20.0000 9.8000 5.6000
      vertex 16.9136 7.5483 5.6000
      vertex 17.0983 7.1859 5.6000
    endloop
  endfacet
  facet normal 0 0 -1
    outer loop
      vertex 20.0000 9.8000 3.3500
      vertex 17.0983 7.1859 3.3500
      vertex 16.9136 7.5483 3.3500
    endloop
  endfacet
  facet normal -0.7071067811865475 -0.7071067811865475 0
    outer loop
      vertex 17.0983 7.1859 3.3500
      vertex 17.3859 6.8983 3.3500
      vertex 17.3859 6.8983 5.6000
    endloop
  endfacet
  facet normal -0.7071067811865475 -0.7071067811865475 0
    outer loop
      vertex 17.0983 7.1859 3.3500
      vertex 17.3859 6.8983 5.6000
      vertex 17.0983 7.1859 5.6000
    endloop
  endfacet
  facet normal 0 0 1
    outer loop
      vertex 20.0000 9.8000 5.6000
      vertex 17.0983 7.1859 5.6000
      vertex 17.3859 6.8983 5.6000
    endloop
  endfacet
  facet normal 0 0 -1
    outer loop
      vertex 20.0000 9.8000 3.3500
      vertex 17.3859 6.8983 3.3500
      vertex 17.0983 7.1859 3.3500
    endloop
  endfacet
  facet normal -0.4539904997395478 -0.8910065241883673 0
    outer loop
      vertex 17.3859 6.8983 3.3500
      vertex 17.7483 6.7136 3.3500
      vertex 17.7483 6.7136 5.6000
    endloop
  endfacet
  facet normal -0.4539904997395478 -0.8910065241883673 0
    outer loop
      vertex 17.3859 6.8983 3.3500
      vertex 17.7483 6.7136 5.6000
      vertex 17.3859 6.8983 5.6000
    endloop
  endfacet
  facet normal 0 0 1
    outer loop
      vertex 20.0000 9.8000 5.6000
      vertex 17.3859 6.8983 5.6000
      vertex 17.7483 6.7136 5.6000
    endloop
  endfacet
  facet normal 0 0 -1
    outer loop
      vertex 20.0000 9.8000 3.3500
      vertex 17.7483 6.7136 3.3500
      vertex 17.3859 6.8983 3.3500
    endloop
  endfacet
  facet normal -0.15643446504023042 -0.9876883405951379 0
    outer loop
      vertex 17.7483 6.7136 3.3500
      vertex 18.1500 6.6500 3.3500
      vertex 18.1500 6.6500 5.6000
    endloop
  endfacet
  facet normal -0.15643446504023042 -0.9876883405951379 0
    outer loop
      vertex 17.7483 6.7136 3.3500
      vertex 18.1500 6.6500 5.6000
      vertex 17.7483 6.7136 5.6000
    endloop
  endfacet
  facet normal 0 0 1
    outer loop
      vertex 20.0000 9.8000 5.6000
      vertex 17.7483 6.7136 5.6000
      vertex 18.1500 6.6500 5.6000
    endloop
  endfacet
  facet normal 0 0 -1
    outer loop
      vertex 20.0000 9.8000 3.3500
      vertex 18.1500 6.6500 3.3500
      vertex 17.7483 6.7136 3.3500
    endloop
  endfacet
  facet normal 0 -1 0
    outer loop
      vertex 18.1500 6.6500 3.3500
      vertex 21.8500 6.6500 3.3500
      vertex 21.8500 6.6500 5.6000
    endloop
  endfacet
  facet normal 0 -1 0
    outer loop
      vertex 18.1500 6.6500 3.3500
      vertex 21.8500 6.6500 5.6000
      vertex 18.1500 6.6500 5.6000
    endloop
  endfacet
  facet normal 0 0 1
    outer loop
      vertex 20.0000 9.8000 5.6000
      vertex 18.1500 6.6500 5.6000
      vertex 21.8500 6.6500 5.6000
    endloop
  endfacet
  facet normal 0 0 -1
    outer loop
      vertex 20.0000 9.8000 3.3500
      vertex 21.8500 6.6500 3.3500
      vertex 18.1500 6.6500 3.3500
    endloop
  endfacet
  facet normal 0.15643446504023042 -0.9876883405951379 0
    outer loop
      vertex 21.8500 6.6500 3.3500
      vertex 22.2517 6.7136 3.3500
      vertex 22.2517 6.7136 5.6000
    endloop
  endfacet
  facet normal 0.15643446504023042 -0.9876883405951379 0
    outer loop
      vertex 21.8500 6.6500 3.3500
      vertex 22.2517 6.7136 5.6000
      vertex 21.8500 6.6500 5.6000
    endloop
  endfacet
  facet normal 0 0 1
    outer loop
      vertex 20.0000 9.8000 5.6000
      vertex 21.8500 6.6500 5.6000
      vertex 22.2517 6.7136 5.6000
    endloop
  endfacet
  facet normal 0 0 -1
    outer loop
      vertex 20.0000 9.8000 3.3500
      vertex 22.2517 6.7136 3.3500
      vertex 21.8500 6.6500 3.3500
    endloop
  endfacet
  facet normal 0.4539904997395478 -0.8910065241883673 0
    outer loop
      vertex 22.2517 6.7136 3.3500
      vertex 22.6141 6.8983 3.3500
      vertex 22.6141 6.8983 5.6000
    endloop
  endfacet
  facet normal 0.4539904997395478 -0.8910065241883673 0
    outer loop
      vertex 22.2517 6.7136 3.3500
      vertex 22.6141 6.8983 5.6000
      vertex 22.2517 6.7136 5.6000
    endloop
  endfacet
  facet normal 0 0 1
    outer loop
      vertex 20.0000 9.8000 5.6000
      vertex 22.2517 6.7136 5.6000
      vertex 22.6141 6.8983 5.6000
    endloop
  endfacet
  facet normal 0 0 -1
    outer loop
      vertex 20.0000 9.8000 3.3500
      vertex 22.6141 6.8983 3.3500
      vertex 22.2517 6.7136 3.3500
    endloop
  endfacet
  facet normal 0.7071067811865475 -0.7071067811865475 0
    outer loop
      vertex 22.6141 6.8983 3.3500
      vertex 22.9017 7.1859 3.3500
      vertex 22.9017 7.1859 5.6000
    endloop
  endfacet
  facet normal 0.7071067811865475 -0.7071067811865475 0
    outer loop
      vertex 22.6141 6.8983 3.3500
      vertex 22.9017 7.1859 5.6000
      vertex 22.6141 6.8983 5.6000
    endloop
  endfacet
  facet normal 0 0 1
    outer loop
      vertex 20.0000 9.8000 5.6000
      vertex 22.6141 6.8983 5.6000
      vertex 22.9017 7.1859 5.6000
    endloop
  endfacet
  facet normal 0 0 -1
    outer loop
      vertex 20.0000 9.8000 3.3500
      vertex 22.9017 7.1859 3.3500
      vertex 22.6141 6.8983 3.3500
    endloop
  endfacet
  facet normal 0.8910065241883661 -0.45399049973955047 0
    outer loop
      vertex 22.9017 7.1859 3.3500
      vertex 23.0864 7.5483 3.3500
      vertex 23.0864 7.5483 5.6000
    endloop
  endfacet
  facet normal 0.8910065241883661 -0.45399049973955047 0
    outer loop
      vertex 22.9017 7.1859 3.3500
      vertex 23.0864 7.5483 5.6000
      vertex 22.9017 7.1859 5.6000
    endloop
  endfacet
  facet normal 0 0 1
    outer loop
      vertex 20.0000 9.8000 5.6000
      vertex 22.9017 7.1859 5.6000
      vertex 23.0864 7.5483 5.6000
    endloop
  endfacet
  facet normal 0 0 -1
    outer loop
      vertex 20.0000 9.8000 3.3500
      vertex 23.0864 7.5483 3.3500
      vertex 22.9017 7.1859 3.3500
    endloop
  endfacet
  facet normal 0.9876883405951379 -0.15643446504023042 0
    outer loop
      vertex 23.0864 7.5483 3.3500
      vertex 23.1500 7.9500 3.3500
      vertex 23.1500 7.9500 5.6000
    endloop
  endfacet
  facet normal 0.9876883405951379 -0.15643446504023042 0
    outer loop
      vertex 23.0864 7.5483 3.3500
      vertex 23.1500 7.9500 5.6000
      vertex 23.0864 7.5483 5.6000
    endloop
  endfacet
  facet normal 0 0 1
    outer loop
      vertex 20.0000 9.8000 5.6000
      vertex 23.0864 7.5483 5.6000
      vertex 23.1500 7.9500 5.6000
    endloop
  endfacet
  facet normal 0 0 -1
    outer loop
      vertex 20.0000 9.8000 3.3500
      vertex 23.1500 7.9500 3.3500
      vertex 23.0864 7.5483 3.3500
    endloop
  endfacet
  facet normal 1 0 0
    outer loop
      vertex 23.1500 7.9500 3.3500
      vertex 23.1500 11.6500 3.3500
      vertex 23.1500 11.6500 5.6000
    endloop
  endfacet
  facet normal 1 0 0
    outer loop
      vertex 23.1500 7.9500 3.3500
      vertex 23.1500 11.6500 5.6000
      vertex 23.1500 7.9500 5.6000
    endloop
  endfacet
  facet normal 0 0 1
    outer loop
      vertex 20.0000 9.8000 5.6000
      vertex 23.1500 7.9500 5.6000
      vertex 23.1500 11.6500 5.6000
    endloop
  endfacet
  facet normal 0 0 -1
    outer loop
      vertex 20.0000 9.8000 3.3500
      vertex 23.1500 11.6500 3.3500
      vertex 23.1500 7.9500 3.3500
    endloop
  endfacet
  facet normal 0.9876883405951379 0.15643446504023042 0
    outer loop
      vertex 31.3500 11.6500 3.3500
      vertex 31.2864 12.0517 3.3500
      vertex 31.2864 12.0517 5.6000
    endloop
  endfacet
  facet normal 0.9876883405951379 0.15643446504023042 0
    outer loop
      vertex 31.3500 11.6500 3.3500
      vertex 31.2864 12.0517 5.6000
      vertex 31.3500 11.6500 5.6000
    endloop
  endfacet
  facet normal 0 0 1
    outer loop
      vertex 28.2000 9.8000 5.6000
      vertex 31.3500 11.6500 5.6000
      vertex 31.2864 12.0517 5.6000
    endloop
  endfacet
  facet normal 0 0 -1
    outer loop
      vertex 28.2000 9.8000 3.3500
      vertex 31.2864 12.0517 3.3500
      vertex 31.3500 11.6500 3.3500
    endloop
  endfacet
  facet normal 0.8910065241883656 0.45399049973955125 0
    outer loop
      vertex 31.2864 12.0517 3.3500
      vertex 31.1017 12.4141 3.3500
      vertex 31.1017 12.4141 5.6000
    endloop
  endfacet
  facet normal 0.8910065241883656 0.45399049973955125 0
    outer loop
      vertex 31.2864 12.0517 3.3500
      vertex 31.1017 12.4141 5.6000
      vertex 31.2864 12.0517 5.6000
    endloop
  endfacet
  facet normal 0 0 1
    outer loop
      vertex 28.2000 9.8000 5.6000
      vertex 31.2864 12.0517 5.6000
      vertex 31.1017 12.4141 5.6000
    endloop
  endfacet
  facet normal 0 0 -1
    outer loop
      vertex 28.2000 9.8000 3.3500
      vertex 31.1017 12.4141 3.3500
      vertex 31.2864 12.0517 3.3500
    endloop
  endfacet
  facet normal 0.7071067811865497 0.7071067811865454 0
    outer loop
      vertex 31.1017 12.4141 3.3500
      vertex 30.8141 12.7017 3.3500
      vertex 30.8141 12.7017 5.6000
    endloop
  endfacet
  facet normal 0.7071067811865497 0.7071067811865454 0
    outer loop
      vertex 31.1017 12.4141 3.3500
      vertex 30.8141 12.7017 5.6000
      vertex 31.1017 12.4141 5.6000
    endloop
  endfacet
  facet normal 0 0 1
    outer loop
      vertex 28.2000 9.8000 5.6000
      vertex 31.1017 12.4141 5.6000
      vertex 30.8141 12.7017 5.6000
    endloop
  endfacet
  facet normal 0 0 -1
    outer loop
      vertex 28.2000 9.8000 3.3500
      vertex 30.8141 12.7017 3.3500
      vertex 31.1017 12.4141 3.3500
    endloop
  endfacet
  facet normal 0.45399049973954436 0.8910065241883691 0
    outer loop
      vertex 30.8141 12.7017 3.3500
      vertex 30.4517 12.8864 3.3500
      vertex 30.4517 12.8864 5.6000
    endloop
  endfacet
  facet normal 0.45399049973954436 0.8910065241883691 0
    outer loop
      vertex 30.8141 12.7017 3.3500
      vertex 30.4517 12.8864 5.6000
      vertex 30.8141 12.7017 5.6000
    endloop
  endfacet
  facet normal 0 0 1
    outer loop
      vertex 28.2000 9.8000 5.6000
      vertex 30.8141 12.7017 5.6000
      vertex 30.4517 12.8864 5.6000
    endloop
  endfacet
  facet normal 0 0 -1
    outer loop
      vertex 28.2000 9.8000 3.3500
      vertex 30.4517 12.8864 3.3500
      vertex 30.8141 12.7017 3.3500
    endloop
  endfacet
  facet normal 0.15643446504023467 0.9876883405951371 0
    outer loop
      vertex 30.4517 12.8864 3.3500
      vertex 30.0500 12.9500 3.3500
      vertex 30.0500 12.9500 5.6000
    endloop
  endfacet
  facet normal 0.15643446504023467 0.9876883405951371 0
    outer loop
      vertex 30.4517 12.8864 3.3500
      vertex 30.0500 12.9500 5.6000
      vertex 30.4517 12.8864 5.6000
    endloop
  endfacet
  facet normal 0 0 1
    outer loop
      vertex 28.2000 9.8000 5.6000
      vertex 30.4517 12.8864 5.6000
      vertex 30.0500 12.9500 5.6000
    endloop
  endfacet
  facet normal 0 0 -1
    outer loop
      vertex 28.2000 9.8000 3.3500
      vertex 30.0500 12.9500 3.3500
      vertex 30.4517 12.8864 3.3500
    endloop
  endfacet
  facet normal 0 1 0
    outer loop
      vertex 30.0500 12.9500 3.3500
      vertex 26.3500 12.9500 3.3500
      vertex 26.3500 12.9500 5.6000
    endloop
  endfacet
  facet normal 0 1 0
    outer loop
      vertex 30.0500 12.9500 3.3500
      vertex 26.3500 12.9500 5.6000
      vertex 30.0500 12.9500 5.6000
    endloop
  endfacet
  facet normal 0 0 1
    outer loop
      vertex 28.2000 9.8000 5.6000
      vertex 30.0500 12.9500 5.6000
      vertex 26.3500 12.9500 5.6000
    endloop
  endfacet
  facet normal 0 0 -1
    outer loop
      vertex 28.2000 9.8000 3.3500
      vertex 26.3500 12.9500 3.3500
      vertex 30.0500 12.9500 3.3500
    endloop
  endfacet
  facet normal -0.15643446504023042 0.9876883405951379 0
    outer loop
      vertex 26.3500 12.9500 3.3500
      vertex 25.9483 12.8864 3.3500
      vertex 25.9483 12.8864 5.6000
    endloop
  endfacet
  facet normal -0.15643446504023042 0.9876883405951379 0
    outer loop
      vertex 26.3500 12.9500 3.3500
      vertex 25.9483 12.8864 5.6000
      vertex 26.3500 12.9500 5.6000
    endloop
  endfacet
  facet normal 0 0 1
    outer loop
      vertex 28.2000 9.8000 5.6000
      vertex 26.3500 12.9500 5.6000
      vertex 25.9483 12.8864 5.6000
    endloop
  endfacet
  facet normal 0 0 -1
    outer loop
      vertex 28.2000 9.8000 3.3500
      vertex 25.9483 12.8864 3.3500
      vertex 26.3500 12.9500 3.3500
    endloop
  endfacet
  facet normal -0.4539904997395478 0.8910065241883673 0
    outer loop
      vertex 25.9483 12.8864 3.3500
      vertex 25.5859 12.7017 3.3500
      vertex 25.5859 12.7017 5.6000
    endloop
  endfacet
  facet normal -0.4539904997395478 0.8910065241883673 0
    outer loop
      vertex 25.9483 12.8864 3.3500
      vertex 25.5859 12.7017 5.6000
      vertex 25.9483 12.8864 5.6000
    endloop
  endfacet
  facet normal 0 0 1
    outer loop
      vertex 28.2000 9.8000 5.6000
      vertex 25.9483 12.8864 5.6000
      vertex 25.5859 12.7017 5.6000
    endloop
  endfacet
  facet normal 0 0 -1
    outer loop
      vertex 28.2000 9.8000 3.3500
      vertex 25.5859 12.7017 3.3500
      vertex 25.9483 12.8864 3.3500
    endloop
  endfacet
  facet normal -0.7071067811865475 0.7071067811865475 0
    outer loop
      vertex 25.5859 12.7017 3.3500
      vertex 25.2983 12.4141 3.3500
      vertex 25.2983 12.4141 5.6000
    endloop
  endfacet
  facet normal -0.7071067811865475 0.7071067811865475 0
    outer loop
      vertex 25.5859 12.7017 3.3500
      vertex 25.2983 12.4141 5.6000
      vertex 25.5859 12.7017 5.6000
    endloop
  endfacet
  facet normal 0 0 1
    outer loop
      vertex 28.2000 9.8000 5.6000
      vertex 25.5859 12.7017 5.6000
      vertex 25.2983 12.4141 5.6000
    endloop
  endfacet
  facet normal 0 0 -1
    outer loop
      vertex 28.2000 9.8000 3.3500
      vertex 25.2983 12.4141 3.3500
      vertex 25.5859 12.7017 3.3500
    endloop
  endfacet
  facet normal -0.8910065241883665 0.4539904997395495 0
    outer loop
      vertex 25.2983 12.4141 3.3500
      vertex 25.1136 12.0517 3.3500
      vertex 25.1136 12.0517 5.6000
    endloop
  endfacet
  facet normal -0.8910065241883665 0.4539904997395495 0
    outer loop
      vertex 25.2983 12.4141 3.3500
      vertex 25.1136 12.0517 5.6000
      vertex 25.2983 12.4141 5.6000
    endloop
  endfacet
  facet normal 0 0 1
    outer loop
      vertex 28.2000 9.8000 5.6000
      vertex 25.2983 12.4141 5.6000
      vertex 25.1136 12.0517 5.6000
    endloop
  endfacet
  facet normal 0 0 -1
    outer loop
      vertex 28.2000 9.8000 3.3500
      vertex 25.1136 12.0517 3.3500
      vertex 25.2983 12.4141 3.3500
    endloop
  endfacet
  facet normal -0.9876883405951379 0.15643446504023042 0
    outer loop
      vertex 25.1136 12.0517 3.3500
      vertex 25.0500 11.6500 3.3500
      vertex 25.0500 11.6500 5.6000
    endloop
  endfacet
  facet normal -0.9876883405951379 0.15643446504023042 0
    outer loop
      vertex 25.1136 12.0517 3.3500
      vertex 25.0500 11.6500 5.6000
      vertex 25.1136 12.0517 5.6000
    endloop
  endfacet
  facet normal 0 0 1
    outer loop
      vertex 28.2000 9.8000 5.6000
      vertex 25.1136 12.0517 5.6000
      vertex 25.0500 11.6500 5.6000
    endloop
  endfacet
  facet normal 0 0 -1
    outer loop
      vertex 28.2000 9.8000 3.3500
      vertex 25.0500 11.6500 3.3500
      vertex 25.1136 12.0517 3.3500
    endloop
  endfacet
  facet normal -1 0 0
    outer loop
      vertex 25.0500 11.6500 3.3500
      vertex 25.0500 7.9500 3.3500
      vertex 25.0500 7.9500 5.6000
    endloop
  endfacet
  facet normal -1 0 0
    outer loop
      vertex 25.0500 11.6500 3.3500
      vertex 25.0500 7.9500 5.6000
      vertex 25.0500 11.6500 5.6000
    endloop
  endfacet
  facet normal 0 0 1
    outer loop
      vertex 28.2000 9.8000 5.6000
      vertex 25.0500 11.6500 5.6000
      vertex 25.0500 7.9500 5.6000
    endloop
  endfacet
  facet normal 0 0 -1
    outer loop
      vertex 28.2000 9.8000 3.3500
      vertex 25.0500 7.9500 3.3500
      vertex 25.0500 11.6500 3.3500
    endloop
  endfacet
  facet normal -0.9876883405951378 -0.15643446504023076 0
    outer loop
      vertex 25.0500 7.9500 3.3500
      vertex 25.1136 7.5483 3.3500
      vertex 25.1136 7.5483 5.6000
    endloop
  endfacet
  facet normal -0.9876883405951378 -0.15643446504023076 0
    outer loop
      vertex 25.0500 7.9500 3.3500
      vertex 25.1136 7.5483 5.6000
      vertex 25.0500 7.9500 5.6000
    endloop
  endfacet
  facet normal 0 0 1
    outer loop
      vertex 28.2000 9.8000 5.6000
      vertex 25.0500 7.9500 5.6000
      vertex 25.1136 7.5483 5.6000
    endloop
  endfacet
  facet normal 0 0 -1
    outer loop
      vertex 28.2000 9.8000 3.3500
      vertex 25.1136 7.5483 3.3500
      vertex 25.0500 7.9500 3.3500
    endloop
  endfacet
  facet normal -0.8910065241883665 -0.4539904997395495 0
    outer loop
      vertex 25.1136 7.5483 3.3500
      vertex 25.2983 7.1859 3.3500
      vertex 25.2983 7.1859 5.6000
    endloop
  endfacet
  facet normal -0.8910065241883665 -0.4539904997395495 0
    outer loop
      vertex 25.1136 7.5483 3.3500
      vertex 25.2983 7.1859 5.6000
      vertex 25.1136 7.5483 5.6000
    endloop
  endfacet
  facet normal 0 0 1
    outer loop
      vertex 28.2000 9.8000 5.6000
      vertex 25.1136 7.5483 5.6000
      vertex 25.2983 7.1859 5.6000
    endloop
  endfacet
  facet normal 0 0 -1
    outer loop
      vertex 28.2000 9.8000 3.3500
      vertex 25.2983 7.1859 3.3500
      vertex 25.1136 7.5483 3.3500
    endloop
  endfacet
  facet normal -0.7071067811865475 -0.7071067811865475 0
    outer loop
      vertex 25.2983 7.1859 3.3500
      vertex 25.5859 6.8983 3.3500
      vertex 25.5859 6.8983 5.6000
    endloop
  endfacet
  facet normal -0.7071067811865475 -0.7071067811865475 0
    outer loop
      vertex 25.2983 7.1859 3.3500
      vertex 25.5859 6.8983 5.6000
      vertex 25.2983 7.1859 5.6000
    endloop
  endfacet
  facet normal 0 0 1
    outer loop
      vertex 28.2000 9.8000 5.6000
      vertex 25.2983 7.1859 5.6000
      vertex 25.5859 6.8983 5.6000
    endloop
  endfacet
  facet normal 0 0 -1
    outer loop
      vertex 28.2000 9.8000 3.3500
      vertex 25.5859 6.8983 3.3500
      vertex 25.2983 7.1859 3.3500
    endloop
  endfacet
  facet normal -0.4539904997395478 -0.8910065241883673 0
    outer loop
      vertex 25.5859 6.8983 3.3500
      vertex 25.9483 6.7136 3.3500
      vertex 25.9483 6.7136 5.6000
    endloop
  endfacet
  facet normal -0.4539904997395478 -0.8910065241883673 0
    outer loop
      vertex 25.5859 6.8983 3.3500
      vertex 25.9483 6.7136 5.6000
      vertex 25.5859 6.8983 5.6000
    endloop
  endfacet
  facet normal 0 0 1
    outer loop
      vertex 28.2000 9.8000 5.6000
      vertex 25.5859 6.8983 5.6000
      vertex 25.9483 6.7136 5.6000
    endloop
  endfacet
  facet normal 0 0 -1
    outer loop
      vertex 28.2000 9.8000 3.3500
      vertex 25.9483 6.7136 3.3500
      vertex 25.5859 6.8983 3.3500
    endloop
  endfacet
  facet normal -0.15643446504023042 -0.9876883405951379 0
    outer loop
      vertex 25.9483 6.7136 3.3500
      vertex 26.3500 6.6500 3.3500
      vertex 26.3500 6.6500 5.6000
    endloop
  endfacet
  facet normal -0.15643446504023042 -0.9876883405951379 0
    outer loop
      vertex 25.9483 6.7136 3.3500
      vertex 26.3500 6.6500 5.6000
      vertex 25.9483 6.7136 5.6000
    endloop
  endfacet
  facet normal 0 0 1
    outer loop
      vertex 28.2000 9.8000 5.6000
      vertex 25.9483 6.7136 5.6000
      vertex 26.3500 6.6500 5.6000
    endloop
  endfacet
  facet normal 0 0 -1
    outer loop
      vertex 28.2000 9.8000 3.3500
      vertex 26.3500 6.6500 3.3500
      vertex 25.9483 6.7136 3.3500
    endloop
  endfacet
  facet normal 0 -1 0
    outer loop
      vertex 26.3500 6.6500 3.3500
      vertex 30.0500 6.6500 3.3500
      vertex 30.0500 6.6500 5.6000
    endloop
  endfacet
  facet normal 0 -1 0
    outer loop
      vertex 26.3500 6.6500 3.3500
      vertex 30.0500 6.6500 5.6000
      vertex 26.3500 6.6500 5.6000
    endloop
  endfacet
  facet normal 0 0 1
    outer loop
      vertex 28.2000 9.8000 5.6000
      vertex 26.3500 6.6500 5.6000
      vertex 30.0500 6.6500 5.6000
    endloop
  endfacet
  facet normal 0 0 -1
    outer loop
      vertex 28.2000 9.8000 3.3500
      vertex 30.0500 6.6500 3.3500
      vertex 26.3500 6.6500 3.3500
    endloop
  endfacet
  facet normal 0.15643446504023042 -0.9876883405951379 0
    outer loop
      vertex 30.0500 6.6500 3.3500
      vertex 30.4517 6.7136 3.3500
      vertex 30.4517 6.7136 5.6000
    endloop
  endfacet
  facet normal 0.15643446504023042 -0.9876883405951379 0
    outer loop
      vertex 30.0500 6.6500 3.3500
      vertex 30.4517 6.7136 5.6000
      vertex 30.0500 6.6500 5.6000
    endloop
  endfacet
  facet normal 0 0 1
    outer loop
      vertex 28.2000 9.8000 5.6000
      vertex 30.0500 6.6500 5.6000
      vertex 30.4517 6.7136 5.6000
    endloop
  endfacet
  facet normal 0 0 -1
    outer loop
      vertex 28.2000 9.8000 3.3500
      vertex 30.4517 6.7136 3.3500
      vertex 30.0500 6.6500 3.3500
    endloop
  endfacet
  facet normal 0.4539904997395478 -0.8910065241883673 0
    outer loop
      vertex 30.4517 6.7136 3.3500
      vertex 30.8141 6.8983 3.3500
      vertex 30.8141 6.8983 5.6000
    endloop
  endfacet
  facet normal 0.4539904997395478 -0.8910065241883673 0
    outer loop
      vertex 30.4517 6.7136 3.3500
      vertex 30.8141 6.8983 5.6000
      vertex 30.4517 6.7136 5.6000
    endloop
  endfacet
  facet normal 0 0 1
    outer loop
      vertex 28.2000 9.8000 5.6000
      vertex 30.4517 6.7136 5.6000
      vertex 30.8141 6.8983 5.6000
    endloop
  endfacet
  facet normal 0 0 -1
    outer loop
      vertex 28.2000 9.8000 3.3500
      vertex 30.8141 6.8983 3.3500
      vertex 30.4517 6.7136 3.3500
    endloop
  endfacet
  facet normal 0.7071067811865475 -0.7071067811865475 0
    outer loop
      vertex 30.8141 6.8983 3.3500
      vertex 31.1017 7.1859 3.3500
      vertex 31.1017 7.1859 5.6000
    endloop
  endfacet
  facet normal 0.7071067811865475 -0.7071067811865475 0
    outer loop
      vertex 30.8141 6.8983 3.3500
      vertex 31.1017 7.1859 5.6000
      vertex 30.8141 6.8983 5.6000
    endloop
  endfacet
  facet normal 0 0 1
    outer loop
      vertex 28.2000 9.8000 5.6000
      vertex 30.8141 6.8983 5.6000
      vertex 31.1017 7.1859 5.6000
    endloop
  endfacet
  facet normal 0 0 -1
    outer loop
      vertex 28.2000 9.8000 3.3500
      vertex 31.1017 7.1859 3.3500
      vertex 30.8141 6.8983 3.3500
    endloop
  endfacet
  facet normal 0.8910065241883661 -0.45399049973955047 0
    outer loop
      vertex 31.1017 7.1859 3.3500
      vertex 31.2864 7.5483 3.3500
      vertex 31.2864 7.5483 5.6000
    endloop
  endfacet
  facet normal 0.8910065241883661 -0.45399049973955047 0
    outer loop
      vertex 31.1017 7.1859 3.3500
      vertex 31.2864 7.5483 5.6000
      vertex 31.1017 7.1859 5.6000
    endloop
  endfacet
  facet normal 0 0 1
    outer loop
      vertex 28.2000 9.8000 5.6000
      vertex 31.1017 7.1859 5.6000
      vertex 31.2864 7.5483 5.6000
    endloop
  endfacet
  facet normal 0 0 -1
    outer loop
      vertex 28.2000 9.8000 3.3500
      vertex 31.2864 7.5483 3.3500
      vertex 31.1017 7.1859 3.3500
    endloop
  endfacet
  facet normal 0.9876883405951379 -0.15643446504023042 0
    outer loop
      vertex 31.2864 7.5483 3.3500
      vertex 31.3500 7.9500 3.3500
      vertex 31.3500 7.9500 5.6000
    endloop
  endfacet
  facet normal 0.9876883405951379 -0.15643446504023042 0
    outer loop
      vertex 31.2864 7.5483 3.3500
      vertex 31.3500 7.9500 5.6000
      vertex 31.2864 7.5483 5.6000
    endloop
  endfacet
  facet normal 0 0 1
    outer loop
      vertex 28.2000 9.8000 5.6000
      vertex 31.2864 7.5483 5.6000
      vertex 31.3500 7.9500 5.6000
    endloop
  endfacet
  facet normal 0 0 -1
    outer loop
      vertex 28.2000 9.8000 3.3500
      vertex 31.3500 7.9500 3.3500
      vertex 31.2864 7.5483 3.3500
    endloop
  endfacet
  facet normal 1 0 0
    outer loop
      vertex 31.3500 7.9500 3.3500
      vertex 31.3500 11.6500 3.3500
      vertex 31.3500 11.6500 5.6000
    endloop
  endfacet
  facet normal 1 0 0
    outer loop
      vertex 31.3500 7.9500 3.3500
      vertex 31.3500 11.6500 5.6000
      vertex 31.3500 7.9500 5.6000
    endloop
  endfacet
  facet normal 0 0 1
    outer loop
      vertex 28.2000 9.8000 5.6000
      vertex 31.3500 7.9500 5.6000
      vertex 31.3500 11.6500 5.6000
    endloop
  endfacet
  facet normal 0 0 -1
    outer loop
      vertex 28.2000 9.8000 3.3500
      vertex 31.3500 11.6500 3.3500
      vertex 31.3500 7.9500 3.3500
    endloop
  endfacet
endsolid reeftools-logo-05-dark-blue-grid-tiles
